{
  "display": {
    "icon": {
      "item": "minecraft:warped_fungus_on_a_stick",
      "nbt": "{CustomModelData:330039}"
    },
    "title": {
      "translate": "advancements.tcc.minecraft.nether.teapot.title"
    },
    "description": [
      {
        "translate": "advancements.tcc.minecraft.nether.teapot.description"
      },
      "\n\n",
      {
        "translate": "pack.tcc",
        "color": "#008725",
        "italic": true
      }
    ],
    "frame": "task"
  },
  "parent": "minecraft:nether/brew_potion",
  "criteria": {
    "take_tea": {
      "trigger": "minecraft:player_interacted_with_entity",
      "conditions": {
        "item": {
          "items": [
            "minecraft:glass_bottle"
          ]
        },
        "entity": [
          {
            "condition": "minecraft:inverted",
            "term": {
              "condition": "minecraft:entity_properties",
              "entity": "this",
              "predicate": {
                "nbt": "{Tags:[\"tcc.teapot.water\"]}"
              }
            }
          },
          {
            "condition": "minecraft:entity_properties",
            "entity": "this",
            "predicate": {
              "nbt": "{Tags:[\"tcc.teapot.filled\"]}"
            }
          }
        ]
      }
    }
  }
}
