{
  "display": {
    "icon": {
      "item": "minecraft:respawn_anchor"
    },
    "title": "Uh Oh...",
    "description": "Place a Full Respawn Anchor",
    "frame": "task",
    "show_toast": true,
    "announce_to_chat": true,
    "hidden": false
  },
  "parent": "mt:treasure_advancements/first_epic_nether_treasure",
  "criteria": {
    "requirement": {
      "trigger": "minecraft:placed_block",
      "conditions": {
        "state": {
          "charges": "4"
        },
        "location": [
          {
            "condition": "minecraft:block_state_property",
            "block": "minecraft:respawn_anchor",
            "properties": {
              "charges": "4"
            }
          }
        ]
      }
    }
  }
}
