{
  "type": "minecraft:entity",
  "pools": [
    {
      "rolls": 1,
      "bonus_rolls": 0,
      "entries": [
        {
          "type": "minecraft:item",
          "name": "minecraft:sculk_catalyst"
        }
      ]
    },
    {
      "rolls": 1,
      "entries": [
        {
          "type": "minecraft:item",
          "name": "minecraft:sculk_shrieker",
          "functions": [
            {
              "function": "minecraft:set_nbt",
              "tag": "{display:{Name:'{\"text\":\"Activated Sculk Shrieker\",\"italic\":false}'},Enchantments:[{}],BlockStateTag:{can_summon:\"true\"}}"
            }
          ]
        }
      ],
      "conditions": [
        {
          "condition": "minecraft:killed_by_player"
        }
      ]
    },
    {
      "rolls": 1,
      "entries": [
        {
          "type": "minecraft:item",
          "name": "minecraft:enchanted_book",
          "functions": [
            {
              "function": "minecraft:set_nbt",
              "tag": "{display:{Lore:['{\"text\":\"Clearsight\",\"color\":\"#007A8A\",\"italic\":false}']},deeper_dark_stored_enchantment:clearsight,deeper_dark_enchanted_book:1b} "
            }
          ]
        },
        {
          "type": "minecraft:item",
          "name": "minecraft:enchanted_book",
          "functions": [
            {
              "function": "minecraft:set_nbt",
              "tag": "{display:{Lore:['{\"text\":\"Sonic Boom\",\"color\":\"#007A8A\",\"italic\":false}']},deeper_dark_stored_enchantment:sonic_boom,deeper_dark_enchanted_book:1b} "
            }
          ]
        },
        {
          "type": "minecraft:item",
          "name": "minecraft:enchanted_book",
          "functions": [
            {
              "function": "minecraft:set_nbt",
              "tag": "{display:{Lore:['{\"text\":\"Safefall\",\"color\":\"#007A8A\",\"italic\":false}']},deeper_dark_stored_enchantment:safefall,deeper_dark_enchanted_book:1b} "
            }
          ]
        },
        {
          "type": "minecraft:item",
          "name": "minecraft:enchanted_book",
          "functions": [
            {
              "function": "minecraft:set_nbt",
              "tag": "{display:{Lore:['{\"text\":\"Darkspeed\",\"color\":\"#007A8A\",\"italic\":false}']},deeper_dark_stored_enchantment:darkspeed,deeper_dark_enchanted_book:1b} "
            }
          ]
        }
      ],
      "conditions": [
        {
          "condition": "minecraft:killed_by_player"
        }
      ]
    }
  ],
  "random_sequence": "minecraft:entities/warden"
}
