{
  "pools": [
    {
      "rolls": 1,
      "entries": [
        {
          "type": "minecraft:item",
          "name": "minecraft:leather_chestplate",
          "functions": [
            {
              "function": "minecraft:set_enchantments",
              "enchantments": {
                "minecraft:blast_protection": {
                  "min": 1,
                  "max": 6
                },
                "minecraft:fire_protection": {
                  "min": 1,
                  "max": 6
                },
                "minecraft:projectile_protection": {
                  "min": 0,
                  "max": 3
                },
                "minecraft:protection": {
                  "min": 2,
                  "max": 7
                }
              }
            },
            {
              "function": "minecraft:set_attributes",
              "modifiers": [
                {
                  "attribute": "minecraft:generic.armor_toughness",
                  "name": "minecraft:generic.armor_toughness",
                  "amount": 3,
                  "operation": "addition",
                  "slot": "chest"
                },
                {
                  "attribute": "minecraft:generic.armor",
                  "name": "minecraft:generic.armor",
                  "amount": 8,
                  "operation": "addition",
                  "slot": "chest"
                }
              ]
            },
            {
              "function": "minecraft:set_nbt",
              "tag": "{display:{Name:'{\"text\":\"Dark Forest Chestplate\",\"color\":\"gold\",\"italic\":false}',Lore:['{\"text\":\" \"}','{\"text\":\"Ability:\",\"color\":\"green\",\"italic\":false}','{\"text\":\"Axes deal 25% more damage.\",\"color\":\"gray\",\"italic\":false}'],color:3161392},HideFlags:64,RepairCost:99999,Unbreakable:1b,armor:dark_forest_chestplate,mt:armor}"
            }
          ]
        },
        {
          "type": "minecraft:item",
          "name": "minecraft:leather_chestplate",
          "functions": [
            {
              "function": "minecraft:set_enchantments",
              "enchantments": {
                "minecraft:blast_protection": {
                  "min": 1,
                  "max": 6
                },
                "minecraft:fire_protection": {
                  "min": 1,
                  "max": 6
                },
                "minecraft:projectile_protection": {
                  "min": 0,
                  "max": 3
                },
                "minecraft:protection": {
                  "min": 2,
                  "max": 7
                }
              }
            },
            {
              "function": "minecraft:set_attributes",
              "modifiers": [
                {
                  "attribute": "minecraft:generic.armor_toughness",
                  "name": "minecraft:generic.armor_toughness",
                  "amount": 3,
                  "operation": "addition",
                  "slot": "chest"
                },
                {
                  "attribute": "minecraft:generic.armor",
                  "name": "minecraft:generic.armor",
                  "amount": 8.5,
                  "operation": "addition",
                  "slot": "chest"
                }
              ]
            },
            {
              "function": "minecraft:set_nbt",
              "tag": "{display:{Name:'{\"text\":\"Dark Forest Chestplate\",\"color\":\"gold\",\"italic\":false}',Lore:['{\"text\":\" \"}','{\"text\":\"Ability:\",\"color\":\"green\",\"italic\":false}','{\"text\":\"Axes deal 25% more damage.\",\"color\":\"gray\",\"italic\":false}'],color:3161392},HideFlags:64,RepairCost:99999,Unbreakable:1b,armor:dark_forest_chestplate,mt:armor}"
            }
          ]
        },
        {
          "type": "minecraft:item",
          "name": "minecraft:leather_chestplate",
          "functions": [
            {
              "function": "minecraft:set_enchantments",
              "enchantments": {
                "minecraft:blast_protection": {
                  "min": 1,
                  "max": 6
                },
                "minecraft:fire_protection": {
                  "min": 1,
                  "max": 6
                },
                "minecraft:projectile_protection": {
                  "min": 0,
                  "max": 3
                },
                "minecraft:protection": {
                  "min": 2,
                  "max": 7
                }
              }
            },
            {
              "function": "minecraft:set_attributes",
              "modifiers": [
                {
                  "attribute": "minecraft:generic.armor_toughness",
                  "name": "minecraft:generic.armor_toughness",
                  "amount": 3,
                  "operation": "addition",
                  "slot": "chest"
                },
                {
                  "attribute": "minecraft:generic.armor",
                  "name": "minecraft:generic.armor",
                  "amount": 9,
                  "operation": "addition",
                  "slot": "chest"
                }
              ]
            },
            {
              "function": "minecraft:set_nbt",
              "tag": "{display:{Name:'{\"text\":\"Dark Forest Chestplate\",\"color\":\"gold\",\"italic\":false}',Lore:['{\"text\":\" \"}','{\"text\":\"Ability:\",\"color\":\"green\",\"italic\":false}','{\"text\":\"Axes deal 25% more damage.\",\"color\":\"gray\",\"italic\":false}'],color:3161392},HideFlags:64,RepairCost:99999,Unbreakable:1b,armor:dark_forest_chestplate,mt:armor}"
            }
          ]
        },
        {
          "type": "minecraft:item",
          "name": "minecraft:leather_chestplate",
          "functions": [
            {
              "function": "minecraft:set_enchantments",
              "enchantments": {
                "minecraft:blast_protection": {
                  "min": 1,
                  "max": 6
                },
                "minecraft:fire_protection": {
                  "min": 1,
                  "max": 6
                },
                "minecraft:projectile_protection": {
                  "min": 0,
                  "max": 3
                },
                "minecraft:protection": {
                  "min": 2,
                  "max": 7
                }
              }
            },
            {
              "function": "minecraft:set_attributes",
              "modifiers": [
                {
                  "attribute": "minecraft:generic.armor_toughness",
                  "name": "minecraft:generic.armor_toughness",
                  "amount": 3,
                  "operation": "addition",
                  "slot": "chest"
                },
                {
                  "attribute": "minecraft:generic.armor",
                  "name": "minecraft:generic.armor",
                  "amount": 9.5,
                  "operation": "addition",
                  "slot": "chest"
                }
              ]
            },
            {
              "function": "minecraft:set_nbt",
              "tag": "{display:{Name:'{\"text\":\"Dark Forest Chestplate\",\"color\":\"gold\",\"italic\":false}',Lore:['{\"text\":\" \"}','{\"text\":\"Ability:\",\"color\":\"green\",\"italic\":false}','{\"text\":\"Axes deal 25% more damage.\",\"color\":\"gray\",\"italic\":false}'],color:3161392},HideFlags:64,RepairCost:99999,Unbreakable:1b,armor:dark_forest_chestplate,mt:armor}"
            }
          ]
        },
        {
          "type": "minecraft:item",
          "name": "minecraft:leather_chestplate",
          "functions": [
            {
              "function": "minecraft:set_enchantments",
              "enchantments": {
                "minecraft:blast_protection": {
                  "min": 1,
                  "max": 6
                },
                "minecraft:fire_protection": {
                  "min": 1,
                  "max": 6
                },
                "minecraft:projectile_protection": {
                  "min": 0,
                  "max": 3
                },
                "minecraft:protection": {
                  "min": 2,
                  "max": 7
                }
              }
            },
            {
              "function": "minecraft:set_attributes",
              "modifiers": [
                {
                  "attribute": "minecraft:generic.armor_toughness",
                  "name": "minecraft:generic.armor_toughness",
                  "amount": 3,
                  "operation": "addition",
                  "slot": "chest"
                },
                {
                  "attribute": "minecraft:generic.armor",
                  "name": "minecraft:generic.armor",
                  "amount": 10,
                  "operation": "addition",
                  "slot": "chest"
                }
              ]
            },
            {
              "function": "minecraft:set_nbt",
              "tag": "{display:{Name:'{\"text\":\"Dark Forest Chestplate\",\"color\":\"gold\",\"italic\":false}',Lore:['{\"text\":\" \"}','{\"text\":\"Ability:\",\"color\":\"green\",\"italic\":false}','{\"text\":\"Axes deal 25% more damage.\",\"color\":\"gray\",\"italic\":false}'],color:3161392},HideFlags:64,RepairCost:99999,Unbreakable:1b,armor:dark_forest_chestplate,mt:armor}"
            }
          ]
        },
        {
          "type": "minecraft:item",
          "name": "minecraft:leather_chestplate",
          "functions": [
            {
              "function": "minecraft:set_enchantments",
              "enchantments": {
                "minecraft:blast_protection": {
                  "min": 1,
                  "max": 6
                },
                "minecraft:fire_protection": {
                  "min": 1,
                  "max": 6
                },
                "minecraft:projectile_protection": {
                  "min": 0,
                  "max": 3
                },
                "minecraft:protection": {
                  "min": 2,
                  "max": 7
                }
              }
            },
            {
              "function": "minecraft:set_attributes",
              "modifiers": [
                {
                  "attribute": "minecraft:generic.armor_toughness",
                  "name": "minecraft:generic.armor_toughness",
                  "amount": 3.5,
                  "operation": "addition",
                  "slot": "chest"
                },
                {
                  "attribute": "minecraft:generic.armor",
                  "name": "minecraft:generic.armor",
                  "amount": 8,
                  "operation": "addition",
                  "slot": "chest"
                }
              ]
            },
            {
              "function": "minecraft:set_nbt",
              "tag": "{display:{Name:'{\"text\":\"Dark Forest Chestplate\",\"color\":\"gold\",\"italic\":false}',Lore:['{\"text\":\" \"}','{\"text\":\"Ability:\",\"color\":\"green\",\"italic\":false}','{\"text\":\"Axes deal 25% more damage.\",\"color\":\"gray\",\"italic\":false}'],color:3161392},HideFlags:64,RepairCost:99999,Unbreakable:1b,armor:dark_forest_chestplate,mt:armor}"
            }
          ]
        },
        {
          "type": "minecraft:item",
          "name": "minecraft:leather_chestplate",
          "functions": [
            {
              "function": "minecraft:set_enchantments",
              "enchantments": {
                "minecraft:blast_protection": {
                  "min": 1,
                  "max": 6
                },
                "minecraft:fire_protection": {
                  "min": 1,
                  "max": 6
                },
                "minecraft:projectile_protection": {
                  "min": 0,
                  "max": 3
                },
                "minecraft:protection": {
                  "min": 2,
                  "max": 7
                }
              }
            },
            {
              "function": "minecraft:set_attributes",
              "modifiers": [
                {
                  "attribute": "minecraft:generic.armor_toughness",
                  "name": "minecraft:generic.armor_toughness",
                  "amount": 4,
                  "operation": "addition",
                  "slot": "chest"
                },
                {
                  "attribute": "minecraft:generic.armor",
                  "name": "minecraft:generic.armor",
                  "amount": 8,
                  "operation": "addition",
                  "slot": "chest"
                }
              ]
            },
            {
              "function": "minecraft:set_nbt",
              "tag": "{display:{Name:'{\"text\":\"Dark Forest Chestplate\",\"color\":\"gold\",\"italic\":false}',Lore:['{\"text\":\" \"}','{\"text\":\"Ability:\",\"color\":\"green\",\"italic\":false}','{\"text\":\"Axes deal 25% more damage.\",\"color\":\"gray\",\"italic\":false}'],color:3161392},HideFlags:64,RepairCost:99999,Unbreakable:1b,armor:dark_forest_chestplate,mt:armor}"
            }
          ]
        },
        {
          "type": "minecraft:item",
          "name": "minecraft:leather_chestplate",
          "functions": [
            {
              "function": "minecraft:set_enchantments",
              "enchantments": {
                "minecraft:blast_protection": {
                  "min": 1,
                  "max": 6
                },
                "minecraft:fire_protection": {
                  "min": 1,
                  "max": 6
                },
                "minecraft:projectile_protection": {
                  "min": 0,
                  "max": 3
                },
                "minecraft:protection": {
                  "min": 2,
                  "max": 7
                }
              }
            },
            {
              "function": "minecraft:set_attributes",
              "modifiers": [
                {
                  "attribute": "minecraft:generic.armor_toughness",
                  "name": "minecraft:generic.armor_toughness",
                  "amount": 4.5,
                  "operation": "addition",
                  "slot": "chest"
                },
                {
                  "attribute": "minecraft:generic.armor",
                  "name": "minecraft:generic.armor",
                  "amount": 8,
                  "operation": "addition",
                  "slot": "chest"
                }
              ]
            },
            {
              "function": "minecraft:set_nbt",
              "tag": "{display:{Name:'{\"text\":\"Dark Forest Chestplate\",\"color\":\"gold\",\"italic\":false}',Lore:['{\"text\":\" \"}','{\"text\":\"Ability:\",\"color\":\"green\",\"italic\":false}','{\"text\":\"Axes deal 25% more damage.\",\"color\":\"gray\",\"italic\":false}'],color:3161392},HideFlags:64,RepairCost:99999,Unbreakable:1b,armor:dark_forest_chestplate,mt:armor}"
            }
          ]
        },
        {
          "type": "minecraft:item",
          "name": "minecraft:leather_chestplate",
          "functions": [
            {
              "function": "minecraft:set_enchantments",
              "enchantments": {
                "minecraft:blast_protection": {
                  "min": 1,
                  "max": 6
                },
                "minecraft:fire_protection": {
                  "min": 1,
                  "max": 6
                },
                "minecraft:projectile_protection": {
                  "min": 0,
                  "max": 3
                },
                "minecraft:protection": {
                  "min": 2,
                  "max": 7
                }
              }
            },
            {
              "function": "minecraft:set_attributes",
              "modifiers": [
                {
                  "attribute": "minecraft:generic.armor_toughness",
                  "name": "minecraft:generic.armor_toughness",
                  "amount": 5,
                  "operation": "addition",
                  "slot": "chest"
                },
                {
                  "attribute": "minecraft:generic.armor",
                  "name": "minecraft:generic.armor",
                  "amount": 8,
                  "operation": "addition",
                  "slot": "chest"
                }
              ]
            },
            {
              "function": "minecraft:set_nbt",
              "tag": "{display:{Name:'{\"text\":\"Dark Forest Chestplate\",\"color\":\"gold\",\"italic\":false}',Lore:['{\"text\":\" \"}','{\"text\":\"Ability:\",\"color\":\"green\",\"italic\":false}','{\"text\":\"Axes deal 25% more damage.\",\"color\":\"gray\",\"italic\":false}'],color:3161392},HideFlags:64,RepairCost:99999,Unbreakable:1b,armor:dark_forest_chestplate,mt:armor}"
            }
          ]
        },
        {
          "type": "minecraft:item",
          "name": "minecraft:leather_chestplate",
          "functions": [
            {
              "function": "minecraft:set_enchantments",
              "enchantments": {
                "minecraft:blast_protection": {
                  "min": 1,
                  "max": 6
                },
                "minecraft:fire_protection": {
                  "min": 1,
                  "max": 6
                },
                "minecraft:projectile_protection": {
                  "min": 0,
                  "max": 3
                },
                "minecraft:protection": {
                  "min": 2,
                  "max": 7
                }
              }
            },
            {
              "function": "minecraft:set_attributes",
              "modifiers": [
                {
                  "attribute": "minecraft:generic.armor_toughness",
                  "name": "minecraft:generic.armor_toughness",
                  "amount": 3.5,
                  "operation": "addition",
                  "slot": "chest"
                },
                {
                  "attribute": "minecraft:generic.armor",
                  "name": "minecraft:generic.armor",
                  "amount": 8.5,
                  "operation": "addition",
                  "slot": "chest"
                }
              ]
            },
            {
              "function": "minecraft:set_nbt",
              "tag": "{display:{Name:'{\"text\":\"Dark Forest Chestplate\",\"color\":\"gold\",\"italic\":false}',Lore:['{\"text\":\" \"}','{\"text\":\"Ability:\",\"color\":\"green\",\"italic\":false}','{\"text\":\"Axes deal 25% more damage.\",\"color\":\"gray\",\"italic\":false}'],color:3161392},HideFlags:64,RepairCost:99999,Unbreakable:1b,armor:dark_forest_chestplate,mt:armor}"
            }
          ]
        },
        {
          "type": "minecraft:item",
          "name": "minecraft:leather_chestplate",
          "functions": [
            {
              "function": "minecraft:set_enchantments",
              "enchantments": {
                "minecraft:blast_protection": {
                  "min": 1,
                  "max": 6
                },
                "minecraft:fire_protection": {
                  "min": 1,
                  "max": 6
                },
                "minecraft:projectile_protection": {
                  "min": 0,
                  "max": 3
                },
                "minecraft:protection": {
                  "min": 2,
                  "max": 7
                }
              }
            },
            {
              "function": "minecraft:set_attributes",
              "modifiers": [
                {
                  "attribute": "minecraft:generic.armor_toughness",
                  "name": "minecraft:generic.armor_toughness",
                  "amount": 3.5,
                  "operation": "addition",
                  "slot": "chest"
                },
                {
                  "attribute": "minecraft:generic.armor",
                  "name": "minecraft:generic.armor",
                  "amount": 9,
                  "operation": "addition",
                  "slot": "chest"
                }
              ]
            },
            {
              "function": "minecraft:set_nbt",
              "tag": "{display:{Name:'{\"text\":\"Dark Forest Chestplate\",\"color\":\"gold\",\"italic\":false}',Lore:['{\"text\":\" \"}','{\"text\":\"Ability:\",\"color\":\"green\",\"italic\":false}','{\"text\":\"Axes deal 25% more damage.\",\"color\":\"gray\",\"italic\":false}'],color:3161392},HideFlags:64,RepairCost:99999,Unbreakable:1b,armor:dark_forest_chestplate,mt:armor}"
            }
          ]
        },
        {
          "type": "minecraft:item",
          "name": "minecraft:leather_chestplate",
          "functions": [
            {
              "function": "minecraft:set_enchantments",
              "enchantments": {
                "minecraft:blast_protection": {
                  "min": 1,
                  "max": 6
                },
                "minecraft:fire_protection": {
                  "min": 1,
                  "max": 6
                },
                "minecraft:projectile_protection": {
                  "min": 0,
                  "max": 3
                },
                "minecraft:protection": {
                  "min": 2,
                  "max": 7
                }
              }
            },
            {
              "function": "minecraft:set_attributes",
              "modifiers": [
                {
                  "attribute": "minecraft:generic.armor_toughness",
                  "name": "minecraft:generic.armor_toughness",
                  "amount": 3.5,
                  "operation": "addition",
                  "slot": "chest"
                },
                {
                  "attribute": "minecraft:generic.armor",
                  "name": "minecraft:generic.armor",
                  "amount": 9.5,
                  "operation": "addition",
                  "slot": "chest"
                }
              ]
            },
            {
              "function": "minecraft:set_nbt",
              "tag": "{display:{Name:'{\"text\":\"Dark Forest Chestplate\",\"color\":\"gold\",\"italic\":false}',Lore:['{\"text\":\" \"}','{\"text\":\"Ability:\",\"color\":\"green\",\"italic\":false}','{\"text\":\"Axes deal 25% more damage.\",\"color\":\"gray\",\"italic\":false}'],color:3161392},HideFlags:64,RepairCost:99999,Unbreakable:1b,armor:dark_forest_chestplate,mt:armor}"
            }
          ]
        },
        {
          "type": "minecraft:item",
          "name": "minecraft:leather_chestplate",
          "functions": [
            {
              "function": "minecraft:set_enchantments",
              "enchantments": {
                "minecraft:blast_protection": {
                  "min": 1,
                  "max": 6
                },
                "minecraft:fire_protection": {
                  "min": 1,
                  "max": 6
                },
                "minecraft:projectile_protection": {
                  "min": 0,
                  "max": 3
                },
                "minecraft:protection": {
                  "min": 2,
                  "max": 7
                }
              }
            },
            {
              "function": "minecraft:set_attributes",
              "modifiers": [
                {
                  "attribute": "minecraft:generic.armor_toughness",
                  "name": "minecraft:generic.armor_toughness",
                  "amount": 3.5,
                  "operation": "addition",
                  "slot": "chest"
                },
                {
                  "attribute": "minecraft:generic.armor",
                  "name": "minecraft:generic.armor",
                  "amount": 10,
                  "operation": "addition",
                  "slot": "chest"
                }
              ]
            },
            {
              "function": "minecraft:set_nbt",
              "tag": "{display:{Name:'{\"text\":\"Dark Forest Chestplate\",\"color\":\"gold\",\"italic\":false}',Lore:['{\"text\":\" \"}','{\"text\":\"Ability:\",\"color\":\"green\",\"italic\":false}','{\"text\":\"Axes deal 25% more damage.\",\"color\":\"gray\",\"italic\":false}'],color:3161392},HideFlags:64,RepairCost:99999,Unbreakable:1b,armor:dark_forest_chestplate,mt:armor}"
            }
          ]
        },
        {
          "type": "minecraft:item",
          "name": "minecraft:leather_chestplate",
          "functions": [
            {
              "function": "minecraft:set_enchantments",
              "enchantments": {
                "minecraft:blast_protection": {
                  "min": 1,
                  "max": 6
                },
                "minecraft:fire_protection": {
                  "min": 1,
                  "max": 6
                },
                "minecraft:projectile_protection": {
                  "min": 0,
                  "max": 3
                },
                "minecraft:protection": {
                  "min": 2,
                  "max": 7
                }
              }
            },
            {
              "function": "minecraft:set_attributes",
              "modifiers": [
                {
                  "attribute": "minecraft:generic.armor_toughness",
                  "name": "minecraft:generic.armor_toughness",
                  "amount": 4,
                  "operation": "addition",
                  "slot": "chest"
                },
                {
                  "attribute": "minecraft:generic.armor",
                  "name": "minecraft:generic.armor",
                  "amount": 8.5,
                  "operation": "addition",
                  "slot": "chest"
                }
              ]
            },
            {
              "function": "minecraft:set_nbt",
              "tag": "{display:{Name:'{\"text\":\"Dark Forest Chestplate\",\"color\":\"gold\",\"italic\":false}',Lore:['{\"text\":\" \"}','{\"text\":\"Ability:\",\"color\":\"green\",\"italic\":false}','{\"text\":\"Axes deal 25% more damage.\",\"color\":\"gray\",\"italic\":false}'],color:3161392},HideFlags:64,RepairCost:99999,Unbreakable:1b,armor:dark_forest_chestplate,mt:armor}"
            }
          ]
        },
        {
          "type": "minecraft:item",
          "name": "minecraft:leather_chestplate",
          "functions": [
            {
              "function": "minecraft:set_enchantments",
              "enchantments": {
                "minecraft:blast_protection": {
                  "min": 1,
                  "max": 6
                },
                "minecraft:fire_protection": {
                  "min": 1,
                  "max": 6
                },
                "minecraft:projectile_protection": {
                  "min": 0,
                  "max": 3
                },
                "minecraft:protection": {
                  "min": 2,
                  "max": 7
                }
              }
            },
            {
              "function": "minecraft:set_attributes",
              "modifiers": [
                {
                  "attribute": "minecraft:generic.armor_toughness",
                  "name": "minecraft:generic.armor_toughness",
                  "amount": 4.5,
                  "operation": "addition",
                  "slot": "chest"
                },
                {
                  "attribute": "minecraft:generic.armor",
                  "name": "minecraft:generic.armor",
                  "amount": 8.5,
                  "operation": "addition",
                  "slot": "chest"
                }
              ]
            },
            {
              "function": "minecraft:set_nbt",
              "tag": "{display:{Name:'{\"text\":\"Dark Forest Chestplate\",\"color\":\"gold\",\"italic\":false}',Lore:['{\"text\":\" \"}','{\"text\":\"Ability:\",\"color\":\"green\",\"italic\":false}','{\"text\":\"Axes deal 25% more damage.\",\"color\":\"gray\",\"italic\":false}'],color:3161392},HideFlags:64,RepairCost:99999,Unbreakable:1b,armor:dark_forest_chestplate,mt:armor}"
            }
          ]
        },
        {
          "type": "minecraft:item",
          "name": "minecraft:leather_chestplate",
          "functions": [
            {
              "function": "minecraft:set_enchantments",
              "enchantments": {
                "minecraft:blast_protection": {
                  "min": 1,
                  "max": 6
                },
                "minecraft:fire_protection": {
                  "min": 1,
                  "max": 6
                },
                "minecraft:projectile_protection": {
                  "min": 0,
                  "max": 3
                },
                "minecraft:protection": {
                  "min": 2,
                  "max": 7
                }
              }
            },
            {
              "function": "minecraft:set_attributes",
              "modifiers": [
                {
                  "attribute": "minecraft:generic.armor_toughness",
                  "name": "minecraft:generic.armor_toughness",
                  "amount": 5,
                  "operation": "addition",
                  "slot": "chest"
                },
                {
                  "attribute": "minecraft:generic.armor",
                  "name": "minecraft:generic.armor",
                  "amount": 8.5,
                  "operation": "addition",
                  "slot": "chest"
                }
              ]
            },
            {
              "function": "minecraft:set_nbt",
              "tag": "{display:{Name:'{\"text\":\"Dark Forest Chestplate\",\"color\":\"gold\",\"italic\":false}',Lore:['{\"text\":\" \"}','{\"text\":\"Ability:\",\"color\":\"green\",\"italic\":false}','{\"text\":\"Axes deal 25% more damage.\",\"color\":\"gray\",\"italic\":false}'],color:3161392},HideFlags:64,RepairCost:99999,Unbreakable:1b,armor:dark_forest_chestplate,mt:armor}"
            }
          ]
        },
        {
          "type": "minecraft:item",
          "name": "minecraft:leather_chestplate",
          "functions": [
            {
              "function": "minecraft:set_enchantments",
              "enchantments": {
                "minecraft:blast_protection": {
                  "min": 1,
                  "max": 6
                },
                "minecraft:fire_protection": {
                  "min": 1,
                  "max": 6
                },
                "minecraft:projectile_protection": {
                  "min": 0,
                  "max": 3
                },
                "minecraft:protection": {
                  "min": 2,
                  "max": 7
                }
              }
            },
            {
              "function": "minecraft:set_attributes",
              "modifiers": [
                {
                  "attribute": "minecraft:generic.armor_toughness",
                  "name": "minecraft:generic.armor_toughness",
                  "amount": 4,
                  "operation": "addition",
                  "slot": "chest"
                },
                {
                  "attribute": "minecraft:generic.armor",
                  "name": "minecraft:generic.armor",
                  "amount": 9,
                  "operation": "addition",
                  "slot": "chest"
                }
              ]
            },
            {
              "function": "minecraft:set_nbt",
              "tag": "{display:{Name:'{\"text\":\"Dark Forest Chestplate\",\"color\":\"gold\",\"italic\":false}',Lore:['{\"text\":\" \"}','{\"text\":\"Ability:\",\"color\":\"green\",\"italic\":false}','{\"text\":\"Axes deal 25% more damage.\",\"color\":\"gray\",\"italic\":false}'],color:3161392},HideFlags:64,RepairCost:99999,Unbreakable:1b,armor:dark_forest_chestplate,mt:armor}"
            }
          ]
        },
        {
          "type": "minecraft:item",
          "name": "minecraft:leather_chestplate",
          "functions": [
            {
              "function": "minecraft:set_enchantments",
              "enchantments": {
                "minecraft:blast_protection": {
                  "min": 1,
                  "max": 6
                },
                "minecraft:fire_protection": {
                  "min": 1,
                  "max": 6
                },
                "minecraft:projectile_protection": {
                  "min": 0,
                  "max": 3
                },
                "minecraft:protection": {
                  "min": 2,
                  "max": 7
                }
              }
            },
            {
              "function": "minecraft:set_attributes",
              "modifiers": [
                {
                  "attribute": "minecraft:generic.armor_toughness",
                  "name": "minecraft:generic.armor_toughness",
                  "amount": 4.5,
                  "operation": "addition",
                  "slot": "chest"
                },
                {
                  "attribute": "minecraft:generic.armor",
                  "name": "minecraft:generic.armor",
                  "amount": 9,
                  "operation": "addition",
                  "slot": "chest"
                }
              ]
            },
            {
              "function": "minecraft:set_nbt",
              "tag": "{display:{Name:'{\"text\":\"Dark Forest Chestplate\",\"color\":\"gold\",\"italic\":false}',Lore:['{\"text\":\" \"}','{\"text\":\"Ability:\",\"color\":\"green\",\"italic\":false}','{\"text\":\"Axes deal 25% more damage.\",\"color\":\"gray\",\"italic\":false}'],color:3161392},HideFlags:64,RepairCost:99999,Unbreakable:1b,armor:dark_forest_chestplate,mt:armor}"
            }
          ]
        },
        {
          "type": "minecraft:item",
          "name": "minecraft:leather_chestplate",
          "functions": [
            {
              "function": "minecraft:set_enchantments",
              "enchantments": {
                "minecraft:blast_protection": {
                  "min": 1,
                  "max": 6
                },
                "minecraft:fire_protection": {
                  "min": 1,
                  "max": 6
                },
                "minecraft:projectile_protection": {
                  "min": 0,
                  "max": 3
                },
                "minecraft:protection": {
                  "min": 2,
                  "max": 7
                }
              }
            },
            {
              "function": "minecraft:set_attributes",
              "modifiers": [
                {
                  "attribute": "minecraft:generic.armor_toughness",
                  "name": "minecraft:generic.armor_toughness",
                  "amount": 4,
                  "operation": "addition",
                  "slot": "chest"
                },
                {
                  "attribute": "minecraft:generic.armor",
                  "name": "minecraft:generic.armor",
                  "amount": 10,
                  "operation": "addition",
                  "slot": "chest"
                }
              ]
            },
            {
              "function": "minecraft:set_nbt",
              "tag": "{display:{Name:'{\"text\":\"Dark Forest Chestplate\",\"color\":\"gold\",\"italic\":false}',Lore:['{\"text\":\" \"}','{\"text\":\"Ability:\",\"color\":\"green\",\"italic\":false}','{\"text\":\"Axes deal 25% more damage.\",\"color\":\"gray\",\"italic\":false}'],color:3161392},HideFlags:64,RepairCost:99999,Unbreakable:1b,armor:dark_forest_chestplate,mt:armor}"
            }
          ]
        },
        {
          "type": "minecraft:item",
          "name": "minecraft:leather_chestplate",
          "functions": [
            {
              "function": "minecraft:set_enchantments",
              "enchantments": {
                "minecraft:blast_protection": {
                  "min": 1,
                  "max": 6
                },
                "minecraft:fire_protection": {
                  "min": 1,
                  "max": 6
                },
                "minecraft:projectile_protection": {
                  "min": 0,
                  "max": 3
                },
                "minecraft:protection": {
                  "min": 2,
                  "max": 7
                }
              }
            },
            {
              "function": "minecraft:set_attributes",
              "modifiers": [
                {
                  "attribute": "minecraft:generic.armor_toughness",
                  "name": "minecraft:generic.armor_toughness",
                  "amount": 4,
                  "operation": "addition",
                  "slot": "chest"
                },
                {
                  "attribute": "minecraft:generic.armor",
                  "name": "minecraft:generic.armor",
                  "amount": 9.5,
                  "operation": "addition",
                  "slot": "chest"
                }
              ]
            },
            {
              "function": "minecraft:set_nbt",
              "tag": "{display:{Name:'{\"text\":\"Dark Forest Chestplate\",\"color\":\"gold\",\"italic\":false}',Lore:['{\"text\":\" \"}','{\"text\":\"Ability:\",\"color\":\"green\",\"italic\":false}','{\"text\":\"Axes deal 25% more damage.\",\"color\":\"gray\",\"italic\":false}'],color:3161392},HideFlags:64,RepairCost:99999,Unbreakable:1b,armor:dark_forest_chestplate,mt:armor}"
            }
          ]
        },
        {
          "type": "minecraft:item",
          "name": "minecraft:leather_chestplate",
          "functions": [
            {
              "function": "minecraft:set_enchantments",
              "enchantments": {
                "minecraft:blast_protection": {
                  "min": 1,
                  "max": 6
                },
                "minecraft:fire_protection": {
                  "min": 1,
                  "max": 6
                },
                "minecraft:projectile_protection": {
                  "min": 0,
                  "max": 3
                },
                "minecraft:protection": {
                  "min": 2,
                  "max": 7
                }
              }
            },
            {
              "function": "minecraft:set_attributes",
              "modifiers": [
                {
                  "attribute": "minecraft:generic.armor_toughness",
                  "name": "minecraft:generic.armor_toughness",
                  "amount": 4.5,
                  "operation": "addition",
                  "slot": "chest"
                },
                {
                  "attribute": "minecraft:generic.armor",
                  "name": "minecraft:generic.armor",
                  "amount": 9.5,
                  "operation": "addition",
                  "slot": "chest"
                }
              ]
            },
            {
              "function": "minecraft:set_nbt",
              "tag": "{display:{Name:'{\"text\":\"Dark Forest Chestplate\",\"color\":\"gold\",\"italic\":false}',Lore:['{\"text\":\" \"}','{\"text\":\"Ability:\",\"color\":\"green\",\"italic\":false}','{\"text\":\"Axes deal 25% more damage.\",\"color\":\"gray\",\"italic\":false}'],color:3161392},HideFlags:64,RepairCost:99999,Unbreakable:1b,armor:dark_forest_chestplate,mt:armor}"
            }
          ]
        },
        {
          "type": "minecraft:item",
          "name": "minecraft:leather_chestplate",
          "functions": [
            {
              "function": "minecraft:set_enchantments",
              "enchantments": {
                "minecraft:blast_protection": {
                  "min": 1,
                  "max": 6
                },
                "minecraft:fire_protection": {
                  "min": 1,
                  "max": 6
                },
                "minecraft:projectile_protection": {
                  "min": 0,
                  "max": 3
                },
                "minecraft:protection": {
                  "min": 2,
                  "max": 7
                }
              }
            },
            {
              "function": "minecraft:set_attributes",
              "modifiers": [
                {
                  "attribute": "minecraft:generic.armor_toughness",
                  "name": "minecraft:generic.armor_toughness",
                  "amount": 5,
                  "operation": "addition",
                  "slot": "chest"
                },
                {
                  "attribute": "minecraft:generic.armor",
                  "name": "minecraft:generic.armor",
                  "amount": 9.5,
                  "operation": "addition",
                  "slot": "chest"
                }
              ]
            },
            {
              "function": "minecraft:set_nbt",
              "tag": "{display:{Name:'{\"text\":\"Dark Forest Chestplate\",\"color\":\"gold\",\"italic\":false}',Lore:['{\"text\":\" \"}','{\"text\":\"Ability:\",\"color\":\"green\",\"italic\":false}','{\"text\":\"Axes deal 25% more damage.\",\"color\":\"gray\",\"italic\":false}'],color:3161392},HideFlags:64,RepairCost:99999,Unbreakable:1b,armor:dark_forest_chestplate,mt:armor}"
            }
          ]
        }
      ]
    }
  ]
}
