{
  "display": {
    "icon": {
      "item": "minecraft:bundle"
    },
    "title": "A Bundling Experience",
    "description": "Obtain a Bundle From a Mountain Treasure",
    "frame": "task",
    "show_toast": true,
    "announce_to_chat": true,
    "hidden": false
  },
  "parent": "mt:treasure_advancements/first_epic_mountain_treasure",
  "criteria": {
    "obtainchest": {
      "trigger": "minecraft:inventory_changed",
      "conditions": {
        "items": [
          {
            "items": [
              "minecraft:bundle"
            ],
            "nbt": "{item:bundle}"
          }
        ]
      }
    }
  }
}
