{
  "display": {
    "icon": {
      "item": "minecraft:golden_pickaxe"
    },
    "title": "Hasty Conquering",
    "description": "Consume a Haste II Potion",
    "frame": "task",
    "show_toast": true,
    "announce_to_chat": true,
    "hidden": false
  },
  "parent": "mt:treasure_advancements/first_common_mountain_treasure",
  "criteria": {
    "requirement": {
      "trigger": "minecraft:consume_item",
      "conditions": {
        "item": {
          "nbt": "{item:mhaste}"
        }
      }
    }
  }
}
