{
	"name": "nova_structures:bunker_room",
	"fallback": "minecraft:empty",
	"elements": [
		{
			"weight": 5,
			"element": {
				"element_type": "minecraft:single_pool_element",
				"location": "nova_structures:bunker/bunker_underground_room_small_1",
				"projection": "rigid",
				"processors": "minecraft:empty"
			}
		},
		{
			"weight": 5,
			"element": {
				"element_type": "minecraft:single_pool_element",
				"location": "nova_structures:bunker/bunker_underground_room_small_2",
				"projection": "rigid",
				"processors": "minecraft:empty"
			}
		},
		{
			"weight": 5,
			"element": {
				"element_type": "minecraft:single_pool_element",
				"location": "nova_structures:bunker/bunker_underground_room_small_3",
				"projection": "rigid",
				"processors": "minecraft:empty"
			}
		},
		{
			"weight": 5,
			"element": {
				"element_type": "minecraft:single_pool_element",
				"location": "nova_structures:bunker/bunker_underground_room_small_4",
				"projection": "rigid",
				"processors": "minecraft:empty"
			}
		},
		{
			"weight": 5,
			"element": {
				"element_type": "minecraft:single_pool_element",
				"location": "nova_structures:bunker/bunker_underground_room_small_5",
				"projection": "rigid",
				"processors": "minecraft:empty"
			}
		},
		{
			"weight": 5,
			"element": {
				"element_type": "minecraft:single_pool_element",
				"location": "nova_structures:bunker/bunker_underground_room_medium_1",
				"projection": "rigid",
				"processors": "minecraft:empty"
			}
		},
		{
			"weight": 5,
			"element": {
				"element_type": "minecraft:single_pool_element",
				"location": "nova_structures:bunker/bunker_underground_room_medium_2",
				"projection": "rigid",
				"processors": "minecraft:empty"
			}
		},
		{
			"weight": 5,
			"element": {
				"element_type": "minecraft:single_pool_element",
				"location": "nova_structures:bunker/bunker_underground_room_medium_3",
				"projection": "rigid",
				"processors": "minecraft:empty"
			}
		},
		{
			"weight": 5,
			"element": {
				"element_type": "minecraft:single_pool_element",
				"location": "nova_structures:bunker/bunker_underground_room_medium_4",
				"projection": "rigid",
				"processors": "minecraft:empty"
			}
		},
		{
			"weight": 5,
			"element": {
				"element_type": "minecraft:single_pool_element",
				"location": "nova_structures:bunker/bunker_underground_room_medium_5",
				"projection": "rigid",
				"processors": "minecraft:empty"
			}
		},
		{
			"weight": 5,
			"element": {
				"element_type": "minecraft:single_pool_element",
				"location": "nova_structures:bunker/bunker_underground_room_big_1",
				"projection": "rigid",
				"processors": "minecraft:empty"
			}
		},
		{
			"weight": 5,
			"element": {
				"element_type": "minecraft:single_pool_element",
				"location": "nova_structures:bunker/bunker_underground_room_big_2",
				"projection": "rigid",
				"processors": "minecraft:empty"
			}
		},
		{
			"weight": 5,
			"element": {
				"element_type": "minecraft:single_pool_element",
				"location": "nova_structures:bunker/bunker_underground_room_big_3",
				"projection": "rigid",
				"processors": "minecraft:empty"
			}
		},
		{
			"weight": 5,
			"element": {
				"element_type": "minecraft:single_pool_element",
				"location": "nova_structures:bunker/bunker_underground_room_big_4",
				"projection": "rigid",
				"processors": "minecraft:empty"
			}
		},
		{
			"weight": 5,
			"element": {
				"element_type": "minecraft:single_pool_element",
				"location": "nova_structures:bunker/bunker_underground_room_big_5",
				"projection": "rigid",
				"processors": "minecraft:empty"
			}
		}
	]
}
