{
  "pools": [
    {
      "rolls": {
        "min": 1,
        "max": 1
      },
      "entries": [
        {
          "type": "minecraft:item",
          "name": "minecraft:ender_eye",
          "functions": [
            {
              "function": "minecraft:set_count",
              "count": 1
            },
            {
              "function": "minecraft:set_name",
              "name": [
                {
                  "text": "Knockchant",
                  "color": "gold",
                  "italic": false
                }
              ]
            },
            {
              "function": "minecraft:set_lore",
              "lore": [
                {
                  "text": "RUNE",
                  "color": "gold",
                  "bold": true,
                  "italic": false
                },
                {
                  "text": " ",
                  "color": "gray",
                  "italic": false
                },
                {
                  "text": "Ability:",
                  "color": "green",
                  "italic": false
                },
                {
                  "text": "Hold an armor a weapon in your off- ",
                  "color": "gray",
                  "italic": false
                },
                {
                  "text": "hand and right click for a random ",
                  "color": "gray",
                  "italic": false
                },
                {
                  "text": "knockback enchantment. Max for",
                  "color": "gray",
                  "italic": false
                },
                {
                  "text": "Hurricane Sword is X, else V. ",
                  "color": "gray",
                  "italic": false
                }
              ]
            },
            {
              "function": "minecraft:set_nbt",
              "tag": "{rune:mt.kb_enchant,mt:rune,Enchantments:[{}]}"
            }
          ]
        }
      ]
    }
  ]
}
