{
  "parent": "minecraft:adventure/avoid_vibration",
  "display": {
    "icon": {
      "item": "minecraft:dropper",
      "nbt": "{CustomModelData:330011}"
    },
    "title": {
      "translate": "advancements.tcc.minecraft.adventure.soul_conductor_fast_travel.title"
    },
    "description": [
      {
        "translate": "advancements.tcc.minecraft.adventure.soul_conductor_fast_travel.description"
      },
      "\n\n",
      {
        "translate": "pack.tcc",
        "color": "#008725",
        "italic": true
      }
    ],
    "frame": "challenge",
    "show_toast": true,
    "announce_to_chat": true,
    "hidden": false
  },
  "criteria": {
    "use_conductor": {
      "trigger": "minecraft:impossible"
    }
  },
  "rewards": {
    "experience": 100
  }
}
