{
  "parent": "minecraft:adventure/kill_a_mob",
  "display": {
    "icon": {
      "item": "minecraft:spider_eye"
    },
    "title": {
      "translate": "advancements.tcc.minecraft.adventure.wandering_witch_trade.title"
    },
    "description": [
      {
        "translate": "advancements.tcc.minecraft.adventure.wandering_witch_trade.description"
      },
      "\n\n",
      {
        "translate": "pack.tcc",
        "color": "#008725",
        "italic": true
      }
    ],
    "frame": "task",
    "show_toast": true,
    "announce_to_chat": true,
    "hidden": false
  },
  "criteria": {
    "trade": {
      "trigger": "minecraft:villager_trade",
      "conditions": {
        "villager": {
          "nbt": "{Tags:[\"tcc.wandering_witch\"]}"
        }
      }
    }
  }
}
