{
  "parent": "magic/root",
  "display": {
    "icon": {
      "item": "book"
    },
    "title": {
      "translate": "adv.magic.book"
    },
    "description": {
      "translate": "adv.magic.book.desc"
    }
  },
  "rewards": {
    "experience": 10,
    "function": "ltreward_check/magic/book"
  },
  "criteria": {
    "book": {
      "trigger": "inventory_changed",
      "conditions": {
        "items": [
          {
            "items": [
              "book"
            ]
          }
        ]
      }
    }
  }
}
