{
  "display": {
    "icon": {
      "item": "enchanted_book"
    },
    "title": {
      "translate": "adv.magic.depth_strider"
    },
    "description": {
      "translate": "adv.magic.depth_strider.desc"
    }
  },
  "parent": "magic/frost_walker",
  "criteria": {
    "depth_strider": {
      "trigger": "inventory_changed",
      "conditions": {
        "items": [
          {
            "enchantments": [
              {
                "enchantment": "depth_strider"
              }
            ]
          }
        ]
      }
    }
  },
  "rewards": {
    "experience": 10
  }
}
