{
  "display": {
    "icon": {
      "item": "enchanted_book"
    },
    "title": {
      "translate": "adv.magic.efficiency"
    },
    "description": {
      "translate": "adv.magic.efficiency.desc"
    }
  },
  "parent": "magic/librarian",
  "rewards": {
    "experience": 10
  },
  "criteria": {
    "efficiency": {
      "trigger": "inventory_changed",
      "conditions": {
        "items": [
          {
            "enchantments": [
              {
                "enchantment": "efficiency"
              }
            ]
          }
        ]
      }
    }
  }
}
