{
  "display": {
    "icon": {
      "item": "enchanted_book"
    },
    "title": {
      "translate": "adv.magic.enchant_master"
    },
    "description": {
      "translate": "adv.magic.enchant_master.desc"
    },
    "frame": "challenge"
  },
  "parent": "magic/root",
  "criteria": {
    "protection": {
      "trigger": "inventory_changed",
      "conditions": {
        "items": [
          {
            "enchantments": [
              {
                "enchantment": "protection"
              }
            ]
          }
        ]
      }
    },
    "fire_protection": {
      "trigger": "inventory_changed",
      "conditions": {
        "items": [
          {
            "enchantments": [
              {
                "enchantment": "fire_protection"
              }
            ]
          }
        ]
      }
    },
    "feather_falling": {
      "trigger": "inventory_changed",
      "conditions": {
        "items": [
          {
            "enchantments": [
              {
                "enchantment": "feather_falling"
              }
            ]
          }
        ]
      }
    },
    "blast_protection": {
      "trigger": "inventory_changed",
      "conditions": {
        "items": [
          {
            "enchantments": [
              {
                "enchantment": "blast_protection"
              }
            ]
          }
        ]
      }
    },
    "projectile_protection": {
      "trigger": "inventory_changed",
      "conditions": {
        "items": [
          {
            "enchantments": [
              {
                "enchantment": "projectile_protection"
              }
            ]
          }
        ]
      }
    },
    "respiration": {
      "trigger": "inventory_changed",
      "conditions": {
        "items": [
          {
            "enchantments": [
              {
                "enchantment": "respiration"
              }
            ]
          }
        ]
      }
    },
    "aqua_affinity": {
      "trigger": "inventory_changed",
      "conditions": {
        "items": [
          {
            "enchantments": [
              {
                "enchantment": "aqua_affinity"
              }
            ]
          }
        ]
      }
    },
    "thorns": {
      "trigger": "inventory_changed",
      "conditions": {
        "items": [
          {
            "enchantments": [
              {
                "enchantment": "thorns"
              }
            ]
          }
        ]
      }
    },
    "depth_strider": {
      "trigger": "inventory_changed",
      "conditions": {
        "items": [
          {
            "enchantments": [
              {
                "enchantment": "depth_strider"
              }
            ]
          }
        ]
      }
    },
    "frost_walker": {
      "trigger": "inventory_changed",
      "conditions": {
        "items": [
          {
            "enchantments": [
              {
                "enchantment": "frost_walker"
              }
            ]
          }
        ]
      }
    },
    "binding_curse": {
      "trigger": "inventory_changed",
      "conditions": {
        "items": [
          {
            "enchantments": [
              {
                "enchantment": "binding_curse"
              }
            ]
          }
        ]
      }
    },
    "sharpness": {
      "trigger": "inventory_changed",
      "conditions": {
        "items": [
          {
            "enchantments": [
              {
                "enchantment": "sharpness"
              }
            ]
          }
        ]
      }
    },
    "smite": {
      "trigger": "inventory_changed",
      "conditions": {
        "items": [
          {
            "enchantments": [
              {
                "enchantment": "smite"
              }
            ]
          }
        ]
      }
    },
    "bane_of_arthropods": {
      "trigger": "inventory_changed",
      "conditions": {
        "items": [
          {
            "enchantments": [
              {
                "enchantment": "bane_of_arthropods"
              }
            ]
          }
        ]
      }
    },
    "knockback": {
      "trigger": "inventory_changed",
      "conditions": {
        "items": [
          {
            "enchantments": [
              {
                "enchantment": "knockback"
              }
            ]
          }
        ]
      }
    },
    "fire_aspect": {
      "trigger": "inventory_changed",
      "conditions": {
        "items": [
          {
            "enchantments": [
              {
                "enchantment": "fire_aspect"
              }
            ]
          }
        ]
      }
    },
    "looting": {
      "trigger": "inventory_changed",
      "conditions": {
        "items": [
          {
            "enchantments": [
              {
                "enchantment": "looting"
              }
            ]
          }
        ]
      }
    },
    "sweeping": {
      "trigger": "inventory_changed",
      "conditions": {
        "items": [
          {
            "enchantments": [
              {
                "enchantment": "sweeping"
              }
            ]
          }
        ]
      }
    },
    "efficiency": {
      "trigger": "inventory_changed",
      "conditions": {
        "items": [
          {
            "enchantments": [
              {
                "enchantment": "efficiency"
              }
            ]
          }
        ]
      }
    },
    "silk_touch": {
      "trigger": "inventory_changed",
      "conditions": {
        "items": [
          {
            "enchantments": [
              {
                "enchantment": "silk_touch"
              }
            ]
          }
        ]
      }
    },
    "unbreaking": {
      "trigger": "inventory_changed",
      "conditions": {
        "items": [
          {
            "enchantments": [
              {
                "enchantment": "unbreaking"
              }
            ]
          }
        ]
      }
    },
    "fortune": {
      "trigger": "inventory_changed",
      "conditions": {
        "items": [
          {
            "enchantments": [
              {
                "enchantment": "fortune"
              }
            ]
          }
        ]
      }
    },
    "power": {
      "trigger": "inventory_changed",
      "conditions": {
        "items": [
          {
            "enchantments": [
              {
                "enchantment": "power"
              }
            ]
          }
        ]
      }
    },
    "punch": {
      "trigger": "inventory_changed",
      "conditions": {
        "items": [
          {
            "enchantments": [
              {
                "enchantment": "punch"
              }
            ]
          }
        ]
      }
    },
    "flame": {
      "trigger": "inventory_changed",
      "conditions": {
        "items": [
          {
            "enchantments": [
              {
                "enchantment": "flame"
              }
            ]
          }
        ]
      }
    },
    "infinity": {
      "trigger": "inventory_changed",
      "conditions": {
        "items": [
          {
            "enchantments": [
              {
                "enchantment": "infinity"
              }
            ]
          }
        ]
      }
    },
    "luck_of_the_sea": {
      "trigger": "inventory_changed",
      "conditions": {
        "items": [
          {
            "enchantments": [
              {
                "enchantment": "luck_of_the_sea"
              }
            ]
          }
        ]
      }
    },
    "lure": {
      "trigger": "inventory_changed",
      "conditions": {
        "items": [
          {
            "enchantments": [
              {
                "enchantment": "lure"
              }
            ]
          }
        ]
      }
    },
    "mending": {
      "trigger": "inventory_changed",
      "conditions": {
        "items": [
          {
            "enchantments": [
              {
                "enchantment": "mending"
              }
            ]
          }
        ]
      }
    },
    "vanishing_curse": {
      "trigger": "inventory_changed",
      "conditions": {
        "items": [
          {
            "enchantments": [
              {
                "enchantment": "vanishing_curse"
              }
            ]
          }
        ]
      }
    },
    "loyalty": {
      "trigger": "inventory_changed",
      "conditions": {
        "items": [
          {
            "enchantments": [
              {
                "enchantment": "loyalty"
              }
            ]
          }
        ]
      }
    },
    "riptide": {
      "trigger": "inventory_changed",
      "conditions": {
        "items": [
          {
            "enchantments": [
              {
                "enchantment": "riptide"
              }
            ]
          }
        ]
      }
    },
    "impaling": {
      "trigger": "inventory_changed",
      "conditions": {
        "items": [
          {
            "enchantments": [
              {
                "enchantment": "impaling"
              }
            ]
          }
        ]
      }
    },
    "channeling": {
      "trigger": "inventory_changed",
      "conditions": {
        "items": [
          {
            "enchantments": [
              {
                "enchantment": "channeling"
              }
            ]
          }
        ]
      }
    },
    "quick_charge": {
      "trigger": "inventory_changed",
      "conditions": {
        "items": [
          {
            "enchantments": [
              {
                "enchantment": "quick_charge"
              }
            ]
          }
        ]
      }
    },
    "piercing": {
      "trigger": "inventory_changed",
      "conditions": {
        "items": [
          {
            "enchantments": [
              {
                "enchantment": "piercing"
              }
            ]
          }
        ]
      }
    },
    "multishot": {
      "trigger": "inventory_changed",
      "conditions": {
        "items": [
          {
            "enchantments": [
              {
                "enchantment": "multishot"
              }
            ]
          }
        ]
      }
    },
    "soul_speed": {
      "trigger": "inventory_changed",
      "conditions": {
        "items": [
          {
            "enchantments": [
              {
                "enchantment": "soul_speed"
              }
            ]
          }
        ]
      }
    },
    "swift_sneak": {
      "trigger": "inventory_changed",
      "conditions": {
        "items": [
          {
            "enchantments": [
              {
                "enchantment": "swift_sneak"
              }
            ]
          }
        ]
      }
    }
  },
  "rewards": {
    "experience": 1000
  }
}
