{
  "display": {
    "icon": {
      "item": "golden_hoe",
      "nbt": "{Enchantments:[{id:\"power\",lvl:1}]}"
    },
    "title": {
      "translate": "adv.magic.enchant_golden_hoe"
    },
    "description": {
      "translate": "adv.magic.enchant_golden_hoe.desc"
    }
  },
  "parent": "magic/librarian",
  "rewards": {
    "experience": 25
  },
  "criteria": {
    "enchant": {
      "trigger": "enchanted_item",
      "conditions": {
        "item": {
          "items": [
            "golden_hoe"
          ]
        }
      }
    }
  }
}
