{
  "display": {
    "icon": {
      "item": "enchanted_book"
    },
    "title": {
      "translate": "adv.magic.flame"
    },
    "description": {
      "translate": "adv.magic.flame.desc"
    }
  },
  "parent": "magic/infinity",
  "criteria": {
    "flame": {
      "trigger": "inventory_changed",
      "conditions": {
        "items": [
          {
            "enchantments": [
              {
                "enchantment": "flame"
              }
            ]
          }
        ]
      }
    }
  },
  "rewards": {
    "experience": 10
  }
}
