{
  "display": {
    "icon": {
      "item": "diamond_pickaxe",
      "nbt": "{Enchantments:[{id:\"sharpness\",lvl:1}]}"
    },
    "title": {
      "translate": "adv.magic.fortune_3"
    },
    "description": {
      "translate": "adv.magic.fortune_3.desc"
    },
    "frame": "challenge"
  },
  "parent": "magic/sharpness_5",
  "rewards": {
    "experience": 250
  },
  "criteria": {
    "fortune": {
      "trigger": "inventory_changed",
      "conditions": {
        "items": [
          {
            "enchantments": [
              {
                "enchantment": "fortune",
                "levels": 3
              }
            ]
          }
        ]
      }
    }
  }
}
