{
  "display": {
    "icon": {
      "item": "enchanted_book"
    },
    "title": {
      "translate": "adv.magic.frost_walker"
    },
    "description": {
      "translate": "adv.magic.frost_walker.desc"
    }
  },
  "parent": "magic/thorns",
  "criteria": {
    "frost_walker": {
      "trigger": "inventory_changed",
      "conditions": {
        "items": [
          {
            "enchantments": [
              {
                "enchantment": "frost_walker"
              }
            ]
          }
        ]
      }
    }
  },
  "rewards": {
    "experience": 10
  }
}
