{
  "display": {
    "icon": {
      "item": "potion",
      "nbt": "{Potion:\"invisibility\"}"
    },
    "title": {
      "translate": "adv.magic.invisibility"
    },
    "description": {
      "translate": "adv.magic.invisibility.desc"
    }
  },
  "parent": "magic/water_breathing",
  "criteria": {
    "all_effects": {
      "trigger": "effects_changed",
      "conditions": {
        "effects": {
          "invisibility": {}
        }
      }
    }
  },
  "rewards": {
    "experience": 10
  }
}
