{
  "parent": "magic/book",
  "display": {
    "icon": {
      "item": "bookshelf"
    },
    "title": {
      "translate": "adv.magic.librarian"
    },
    "description": {
      "translate": "adv.magic.librarian.desc"
    }
  },
  "rewards": {
    "funcion": "adv_rewards/librarian",
    "experience": 10
  },
  "criteria": {
    "bookshelf": {
      "trigger": "inventory_changed",
      "conditions": {
        "items": [
          {
            "items": [
              "bookshelf"
            ]
          }
        ]
      }
    }
  }
}
