{
  "type": "minecraft:overworld",
  "generator": {
    "type": "minecraft:flat",
    "settings": {
      "biome": "minecraft:sparse_jungle",
      "lakes": false,
      "features": true,
      "layers": [
        {
          "block": "minecraft:air",
          "height": 64
        },
        {
          "block": "minecraft:bedrock",
          "height": 1
        },
        {
          "block": "minecraft:dirt",
          "height": 2
        },
        {
          "block": "minecraft:grass_block",
          "height": 1
        }
      ]
    }
  }
}
