{
  "parent": "tcc:technical/root",
  "criteria": {
    "get_item": {
      "trigger": "minecraft:inventory_changed",
      "conditions": {
        "player": [
          {
            "condition": "minecraft:inverted",
            "term": {
              "condition": "minecraft:entity_properties",
              "entity": "this",
              "predicate": {
                "nbt": "{Tags:[\"tcc.has_enabled_tangling_pearl\"]}"
              }
            }
          }
        ],
        "items": [
          {
            "nbt": "{tcc:{enabled:1b,id:\"tangling_pearl\"}}"
          }
        ]
      }
    }
  },
  "rewards": {
    "function": "tcc:item/tangling_pearl/inventory_changed/get"
  }
}
