{
  "parent": "caves_cliffs/into_darkness",
  "display": {
    "icon": {
      "item": "andesite"
    },
    "title": {
      "translate": "adv.caves.decorated_stone"
    },
    "description": {
      "translate": "adv.caves.decorated_stone.desc"
    }
  },
  "rewards": {
    "experience": 5
  },
  "criteria": {
    "get_stone": {
      "trigger": "inventory_changed",
      "conditions": {
        "items": [
          {
            "tag": "decorated_stones"
          }
        ]
      }
    }
  }
}
