{
    "display": {
        "icon": {
            "item": "sculk_sensor"
        },
        "title": {
            "translate": "adv.caves.deep_dark"
        },
        "description": {
            "translate": "adv.caves.deep_dark.desc"
        }
    },
    "parent": "caves_cliffs/lush_caves",
    "rewards": {
        "experience": 50
    },
    "criteria": {
        "deep_dark": {
            "trigger": "tick",
            "conditions": {
                "player": {
                    "location": {
                        "biome": "deep_dark"
                    }
                }
            }
        }
    }
}
