{
    "display": {
        "icon": {
            "item": "glow_berries"
        },
        "title": {
            "translate": "adv.caves.glow_berries"
        },
        "description": {
            "translate": "adv.caves.glow_berries.desc"
        }
    },
    "parent": "caves_cliffs/moss_block",
    "rewards": {
        "experience": 10
    },
    "criteria": {
        "glow_berries": {
            "trigger": "inventory_changed",
            "conditions": {
                "items": [
                    {
                        "items": [
                            "glow_berries"
                        ]
                    }
                ]
            }
        }
    }
}
