{
    "display": {
        "icon": {
            "item": "coal"
        },
        "title": {
            "translate": "adv.caves.much_coal"
        },
        "description": {
            "translate": "adv.caves.much_coal.desc"
        },
        "frame": "challenge"
    },
    "parent": "caves_cliffs/much_gold",
    "rewards": {
        "experience": 50
    },
    "criteria": {
        "coal": {
            "trigger": "inventory_changed",
            "conditions": {
                "items": [
                    {
                        "items": [
                            "coal"
                        ],
                        "count": 64
                    }
                ]
            }
        }
    }
}
