{
  "parent": "caves_cliffs/echo_shard",
  "display": {
    "icon": {
      "item": "music_disc_5"
    },
    "title": {
      "translate": "adv.caves.music_disc_5"
    },
    "description": {
      "translate": "adv.caves.music_disc_5.desc"
    }
  },
  "rewards": {
    "experience": 15
  },
  "criteria": {
    "music_disc_5": {
      "trigger": "inventory_changed",
      "conditions": {
        "items": [
          {
            "items": [
              "music_disc_5"
            ]
          }
        ]
      }
    }
  }
}
