{
  "parent": "caves_cliffs/lush_caves",
  "display": {
    "icon": {
      "item": "music_disc_otherside"
    },
    "title": {
      "translate": "adv.caves.music_disc_otherside"
    },
    "description": {
      "translate": "adv.caves.music_disc_otherside.desc"
    }
  },
  "rewards": {
    "experience": 50
  },
  "criteria": {
    "music_disc_otherside": {
      "trigger": "inventory_changed",
      "conditions": {
        "items": [
          {
            "items": [
              "music_disc_otherside"
            ]
          }
        ]
      }
    }
  }
}
