{
    "display": {
        "icon": {
            "item": "raw_gold"
        },
        "title": {
            "translate": "adv.caves.raw_gold"
        },
        "description": {
            "translate": "adv.caves.raw_gold.desc"
        }
    },
    "parent": "caves_cliffs/into_cave",
    "rewards": {
        "experience": 10,
        "function": "ltreward_check/caves/raw_gold"
    },
    "criteria": {
        "raw_gold": {
            "trigger": "inventory_changed",
            "conditions": {
                "items": [
                    {
                        "items": [
                            "raw_gold"
                        ]
                    }
                ]
            }
        }
    }
}
