{
  "display": {
    "icon": {
      "item": "emerald_block"
    },
    "title": {
      "translate": "adv.caves.rich_together"
    },
    "description": {
      "translate": "adv.caves.rich_together.desc"
    },
    "frame": "challenge"
  },
  "parent": "caves_cliffs/richer",
  "criteria": {
    "diamond_plains": {
      "trigger": "placed_block",
      "conditions": {
        "player": {
          "location": {
            "structure": "village_plains"
          }
        },
        "block": "diamond_block"
      }
    },
    "diamond_snowy": {
      "trigger": "placed_block",
      "conditions": {
        "player": {
          "location": {
            "structure": "village_snowy"
          }
        },
        "block": "diamond_block"
      }
    },
    "diamond_taiga": {
      "trigger": "placed_block",
      "conditions": {
        "player": {
          "location": {
            "structure": "village_taiga"
          }
        },
        "block": "diamond_block"
      }
    },
    "diamond_savanna": {
      "trigger": "placed_block",
      "conditions": {
        "player": {
          "location": {
            "structure": "village_savanna"
          }
        },
        "block": "diamond_block"
      }
    },
    "diamond_desert": {
      "trigger": "placed_block",
      "conditions": {
        "player": {
          "location": {
            "structure": "village_desert"
          }
        },
        "block": "diamond_block"
      }
    },
    "emerald_plains": {
      "trigger": "placed_block",
      "conditions": {
        "player": {
          "location": {
            "structure": "village_plains"
          }
        },
        "block": "emerald_block"
      }
    },
    "emerald_desert": {
      "trigger": "placed_block",
      "conditions": {
        "player": {
          "location": {
            "structure": "village_desert"
          }
        },
        "block": "emerald_block"
      }
    },
    "emerald_savanna": {
      "trigger": "placed_block",
      "conditions": {
        "player": {
          "location": {
            "structure": "village_savanna"
          }
        },
        "block": "emerald_block"
      }
    },
    "emerald_taiga": {
      "trigger": "placed_block",
      "conditions": {
        "player": {
          "location": {
            "structure": "village_taiga"
          }
        },
        "block": "emerald_block"
      }
    },
    "emerald_snowy": {
      "trigger": "placed_block",
      "conditions": {
        "player": {
          "location": {
            "structure": "village_snowy"
          }
        },
        "block": "emerald_block"
      }
    }
  },
  "requirements": [
    [
      "diamond_plains",
      "emerald_plains"
    ],
    [
      "diamond_desert",
      "emerald_desert"
    ],
    [
      "diamond_taiga",
      "emerald_taiga"
    ],
    [
      "diamond_savanna",
      "emerald_savanna"
    ],
    [
      "diamond_snowy",
      "emerald_snowy"
    ]
  ],
  "rewards": {
    "experience": 500
  }
}
