{
  "display": {
    "icon": {
      "item": "diamond"
    },
    "title": {
      "translate": "adv.caves.richer"
    },
    "description": {
      "translate": "adv.caves.richer.desc"
    }
  },
  "parent": "caves_cliffs/copper",
  "criteria": {
    "richer": {
      "trigger": "inventory_changed",
      "conditions": {
        "items": [
          {
            "items": [
              "diamond"
            ],
            "count": {
              "min": 16
            }
          },
          {
            "items": [
              "gold_ingot"
            ],
            "count": {
              "min": 16
            }
          }
        ]
      }
    }
  },
  "rewards": {
    "experience": 50
  }
}
