{
  "display": {
    "icon": {
      "item": "amethyst_shard"
    },
    "title": {
      "translate": "adv.caves"
    },
    "description": {
      "translate": "adv.caves.desc"
    },
    "show_toast": false,
    "announce_to_chat": false,
    "background": "textures/block/deepslate.png"
  },
  "criteria": {
    "wooden_pickaxe": {
      "trigger": "inventory_changed",
      "conditions": {
        "items": [
          {
            "items": [
              "wooden_pickaxe"
            ]
          }
        ]
      }
    }
  }
}
