{
    "display": {
        "icon": {
            "item": "lime_terracotta"
        },
        "title": {
            "translate": "adv.building.all_terracotta"
        },
        "description": {
            "translate": "adv.building.all_terracotta.desc"
        },
        "frame": "challenge"
    },
    "parent": "building/badlands",
    "rewards": {
        "experience": 100
    },
    "criteria": {
        "white_terracotta": {
            "trigger": "inventory_changed",
            "conditions": {
                "items": [
                    {
                        "items": [
                            "white_terracotta"
                        ]
                    }
                ]
            }
        },
        "orange_terracotta": {
            "trigger": "inventory_changed",
            "conditions": {
                "items": [
                    {
                        "items": [
                            "orange_terracotta"
                        ]
                    }
                ]
            }
        },
        "magenta_terracotta": {
            "trigger": "inventory_changed",
            "conditions": {
                "items": [
                    {
                        "items": [
                            "magenta_terracotta"
                        ]
                    }
                ]
            }
        },
        "light_blue_terracotta": {
            "trigger": "inventory_changed",
            "conditions": {
                "items": [
                    {
                        "items": [
                            "light_blue_terracotta"
                        ]
                    }
                ]
            }
        },
        "yellow_terracotta": {
            "trigger": "inventory_changed",
            "conditions": {
                "items": [
                    {
                        "items": [
                            "yellow_terracotta"
                        ]
                    }
                ]
            }
        },
        "lime_terracotta": {
            "trigger": "inventory_changed",
            "conditions": {
                "items": [
                    {
                        "items": [
                            "lime_terracotta"
                        ]
                    }
                ]
            }
        },
        "pink_terracotta": {
            "trigger": "inventory_changed",
            "conditions": {
                "items": [
                    {
                        "items": [
                            "pink_terracotta"
                        ]
                    }
                ]
            }
        },
        "gray_terracotta": {
            "trigger": "inventory_changed",
            "conditions": {
                "items": [
                    {
                        "items": [
                            "gray_terracotta"
                        ]
                    }
                ]
            }
        },
        "light_gray_terracotta": {
            "trigger": "inventory_changed",
            "conditions": {
                "items": [
                    {
                        "items": [
                            "light_gray_terracotta"
                        ]
                    }
                ]
            }
        },
        "cyan_terracotta": {
            "trigger": "inventory_changed",
            "conditions": {
                "items": [
                    {
                        "items": [
                            "cyan_terracotta"
                        ]
                    }
                ]
            }
        },
        "purple_terracotta": {
            "trigger": "inventory_changed",
            "conditions": {
                "items": [
                    {
                        "items": [
                            "purple_terracotta"
                        ]
                    }
                ]
            }
        },
        "blue_terracotta": {
            "trigger": "inventory_changed",
            "conditions": {
                "items": [
                    {
                        "items": [
                            "blue_terracotta"
                        ]
                    }
                ]
            }
        },
        "brown_terracotta": {
            "trigger": "inventory_changed",
            "conditions": {
                "items": [
                    {
                        "items": [
                            "brown_terracotta"
                        ]
                    }
                ]
            }
        },
        "green_terracotta": {
            "trigger": "inventory_changed",
            "conditions": {
                "items": [
                    {
                        "items": [
                            "green_terracotta"
                        ]
                    }
                ]
            }
        },
        "red_terracotta": {
            "trigger": "inventory_changed",
            "conditions": {
                "items": [
                    {
                        "items": [
                            "red_terracotta"
                        ]
                    }
                ]
            }
        },
        "black_terracotta": {
            "trigger": "inventory_changed",
            "conditions": {
                "items": [
                    {
                        "items": [
                            "black_terracotta"
                        ]
                    }
                ]
            }
        },
        "terracotta": {
            "trigger": "inventory_changed",
            "conditions": {
                "items": [
                    {
                        "items": [
                            "terracotta"
                        ]
                    }
                ]
            }
        }
    }
}
