{
  "display": {
    "icon": {
      "item": "oak_hanging_sign"
    },
    "title": {
      "translate": "adv.building.all_hanging_sign"
    },
    "description": {
      "translate": "adv.building.all_hanging_sign.desc"
    },
    "frame": "challenge"
  },
  "parent": "building/all_sign",
  "criteria": {
    "oak_hanging_sign": {
      "trigger": "placed_block",
      "conditions": {
        "block": "oak_hanging_sign"
      }
    },
    "birch_hanging_sign": {
      "trigger": "placed_block",
      "conditions": {
        "block": "birch_hanging_sign"
      }
    },
    "spruce_hanging_sign": {
      "trigger": "placed_block",
      "conditions": {
        "block": "spruce_hanging_sign"
      }
    },
    "acacia_hanging_sign": {
      "trigger": "placed_block",
      "conditions": {
        "block": "acacia_hanging_sign"
      }
    },
    "jungle_hanging_sign": {
      "trigger": "placed_block",
      "conditions": {
        "block": "jungle_hanging_sign"
      }
    },
    "dark_oak_hanging_sign": {
      "trigger": "placed_block",
      "conditions": {
        "block": "dark_oak_hanging_sign"
      }
    },
    "mangrove_hanging_sign": {
      "trigger": "placed_block",
      "conditions": {
        "block": "mangrove_hanging_sign"
      }
    },
    "bamboo_hanging_sign": {
      "trigger": "placed_block",
      "conditions": {
        "block": "bamboo_hanging_sign"
      }
    },
    "cherry_hanging_sign": {
      "trigger": "placed_block",
      "conditions": {
        "block": "cherry_hanging_sign"
      }
    },
    "crimson_hanging_sign": {
      "trigger": "placed_block",
      "conditions": {
        "block": "crimson_hanging_sign"
      }
    },
    "warped_hanging_sign": {
      "trigger": "placed_block",
      "conditions": {
        "block": "warped_hanging_sign"
      }
    }
  },
  "rewards": {
    "experience": 100
  }
}
