{
  "display": {
    "icon": {
      "item": "blast_furnace"
    },
    "title": {
      "translate": "adv.building.blast_furnace"
    },
    "description": {
      "translate": "adv.building.blast_furnace.desc"
    }
  },
  "parent": "building/root",
  "criteria": {
    "villager_workbench": {
      "trigger": "inventory_changed",
      "conditions": {
        "items": [
          {
            "items": [
              "blast_furnace"
            ]
          }
        ]
      }
    }
  },
  "rewards": {
    "experience": 5
  }
}
