{
  "parent": "building/root",
  "display": {
    "icon": {
      "item": "chiseled_bookshelf"
    },
    "title": {
      "translate": "adv.building.chiseled_bookshelf"
    },
    "description": {
      "translate": "adv.building.chiseled_bookshelf.desc"
    }
  },
  "rewards": {
    "experience": 15
  },
  "criteria": {
    "chiseled_bookshelf": {
      "trigger": "inventory_changed",
      "conditions": {
        "items": [
          {
            "items": [
              "chiseled_bookshelf"
            ]
          }
        ]
      }
    }
  }
}
