{
  "display": {
    "icon": {
      "item": "red_concrete_powder"
    },
    "title": {
      "translate": "adv.building.color_sand"
    },
    "description": {
      "translate": "adv.building.color_sand.desc"
    }
  },
  "parent": "building/gravel",
  "criteria": {
    "concrete_powder": {
      "trigger": "inventory_changed",
      "conditions": {
        "items": [
          {
            "items": [
              "black_concrete_powder",
              "blue_concrete_powder",
              "brown_concrete_powder",
              "cyan_concrete_powder",
              "gray_concrete_powder",
              "green_concrete_powder",
              "light_blue_concrete_powder",
              "light_gray_concrete_powder",
              "lime_concrete_powder",
              "magenta_concrete_powder",
              "orange_concrete_powder",
              "pink_concrete_powder",
              "purple_concrete_powder",
              "red_concrete_powder",
              "white_concrete_powder",
              "yellow_concrete_powder"
            ]
          }
        ]
      }
    }
  },
  "rewards": {
    "experience": 10
  }
}
