{
  "display": {
    "icon": {
      "item": "oak_hanging_sign"
    },
    "title": {
      "translate": "adv.building.hanging_sign"
    },
    "description": {
      "translate": "adv.building.hanging_sign.desc"
    }
  },
  "parent": "building/oak_sign",
  "criteria": {
    "oak_sign": {
      "trigger": "placed_block",
      "conditions": {
        "block": "oak_hanging_sign"
      }
    },
    "birch_sign": {
      "trigger": "placed_block",
      "conditions": {
        "block": "birch_hanging_sign"
      }
    },
    "spruce_sign": {
      "trigger": "placed_block",
      "conditions": {
        "block": "spruce_hanging_sign"
      }
    },
    "acacia_sign": {
      "trigger": "placed_block",
      "conditions": {
        "block": "acacia_hanging_sign"
      }
    },
    "jungle_sign": {
      "trigger": "placed_block",
      "conditions": {
        "block": "jungle_hanging_sign"
      }
    },
    "dark_oak_sign": {
      "trigger": "placed_block",
      "conditions": {
        "block": "dark_oak_hanging_sign"
      }
    },
    "mangrove_sign": {
      "trigger": "placed_block",
      "conditions": {
        "block": "mangrove_hanging_sign"
      }
    },
    "bamboo_sign": {
      "trigger": "placed_block",
      "conditions": {
        "block": "bamboo_hanging_sign"
      }
    },
    "cherry_sign": {
      "trigger": "placed_block",
      "conditions": {
        "block": "cherry_hanging_sign"
      }
    },
    "crimson_sign": {
      "trigger": "placed_block",
      "conditions": {
        "block": "crimson_hanging_sign"
      }
    },
    "warped_sign": {
      "trigger": "placed_block",
      "conditions": {
        "block": "warped_hanging_sign"
      }
    }
  },
  "requirements": [
    [
      "oak_sign",
      "birch_sign",
      "spruce_sign",
      "acacia_sign",
      "jungle_sign",
      "dark_oak_sign",
      "mangrove_sign",
      "bamboo_sign",
      "cherry_sign",
      "crimson_sign",
      "warped_sign"
    ]
  ],
  "rewards": {
    "experience": 10
  }
}
