{
  "display": {
    "icon": {
      "item": "smithing_table"
    },
    "title": {
      "translate": "adv.building.smithing_table"
    },
    "description": {
      "translate": "adv.building.smithing_table.desc"
    }
  },
  "parent": "building/grindstone",
  "criteria": {
    "villager_workbench": {
      "trigger": "inventory_changed",
      "conditions": {
        "items": [
          {
            "items": [
              "smithing_table"
            ]
          }
        ]
      }
    }
  },
  "rewards": {
    "experience": 5
  }
}
