{
  "parent": "building/smithing_table",
  "display": {
    "icon": {
      "item": "ward_armor_trim_smithing_template"
    },
    "title": {
      "translate": "adv.building.smithing_template"
    },
    "description": {
      "translate": "adv.building.smithing_template.desc"
    }
  },
  "rewards": {
    "experience": 15
  },
  "criteria": {
    "template": {
      "trigger": "inventory_changed",
      "conditions": {
        "items": [
          {
            "tag": "trim_templates"
          }
        ]
      }
    }
  }
}
