{
  "parent": "building/lantern",
  "display": {
    "icon": {
      "item": "soul_lantern"
    },
    "title": {
      "translate": "adv.building.soul_lantern"
    },
    "description": {
      "translate": "adv.building.soul_lantern.desc"
    }
  },
  "rewards": {
    "experience": 15
  },
  "criteria": {
    "soul_lantern": {
      "trigger": "inventory_changed",
      "conditions": {
        "items": [
          {
            "items": [
              "soul_lantern"
            ]
          }
        ]
      }
    }
  }
}
