{
  "display": {
    "icon": {
      "item": "dune_armor_trim_smithing_template"
    },
    "title": {
      "translate": "adv.building.template_collection"
    },
    "description": {
      "translate": "adv.building.template_collection.desc"
    },
    "frame": "challenge"
  },
  "parent": "building/smithing_template",
  "criteria": {
    "netherite_upgrade": {
      "trigger": "inventory_changed",
      "conditions": {
        "items": [
          {
            "items": [
              "netherite_upgrade_smithing_template"
            ]
          }
        ]
      }
    },
    "sentry_armor_trim": {
      "trigger": "inventory_changed",
      "conditions": {
        "items": [
          {
            "items": [
              "sentry_armor_trim_smithing_template"
            ]
          }
        ]
      }
    },
    "dune_armor_trim": {
      "trigger": "inventory_changed",
      "conditions": {
        "items": [
          {
            "items": [
              "dune_armor_trim_smithing_template"
            ]
          }
        ]
      }
    },
    "coast_armor_trim": {
      "trigger": "inventory_changed",
      "conditions": {
        "items": [
          {
            "items": [
              "coast_armor_trim_smithing_template"
            ]
          }
        ]
      }
    },
    "wild_armor_trim": {
      "trigger": "inventory_changed",
      "conditions": {
        "items": [
          {
            "items": [
              "wild_armor_trim_smithing_template"
            ]
          }
        ]
      }
    },
    "ward_armor_trim": {
      "trigger": "inventory_changed",
      "conditions": {
        "items": [
          {
            "items": [
              "ward_armor_trim_smithing_template"
            ]
          }
        ]
      }
    },
    "vex_armor_trim": {
      "trigger": "inventory_changed",
      "conditions": {
        "items": [
          {
            "items": [
              "vex_armor_trim_smithing_template"
            ]
          }
        ]
      }
    },
    "eye_armor_trim": {
      "trigger": "inventory_changed",
      "conditions": {
        "items": [
          {
            "items": [
              "eye_armor_trim_smithing_template"
            ]
          }
        ]
      }
    },
    "tide_armor_trim": {
      "trigger": "inventory_changed",
      "conditions": {
        "items": [
          {
            "items": [
              "tide_armor_trim_smithing_template"
            ]
          }
        ]
      }
    },
    "snout_armor_trim": {
      "trigger": "inventory_changed",
      "conditions": {
        "items": [
          {
            "items": [
              "snout_armor_trim_smithing_template"
            ]
          }
        ]
      }
    },
    "rib_armor_trim": {
      "trigger": "inventory_changed",
      "conditions": {
        "items": [
          {
            "items": [
              "rib_armor_trim_smithing_template"
            ]
          }
        ]
      }
    },
    "spire_armor_trim": {
      "trigger": "inventory_changed",
      "conditions": {
        "items": [
          {
            "items": [
              "spire_armor_trim_smithing_template"
            ]
          }
        ]
      }
    }
  },
  "rewards": {
    "experience": 500
  }
}
