{
  "parent": "building/glass",
  "display": {
    "icon": {
      "item": "tinted_glass"
    },
    "title": {
      "translate": "adv.building.tinted_glass"
    },
    "description": {
      "translate": "adv.building.tinted_glass.desc"
    }
  },
  "rewards": {
    "experience": 10
  },
  "criteria": {
    "tinted_glass": {
      "trigger": "inventory_changed",
      "conditions": {
        "items": [
          {
            "items": [
              "tinted_glass"
            ]
          }
        ]
      }
    }
  }
}
