{
    "display": {
        "icon": {
            "item": "oak_wood"
        },
        "title": {
            "translate": "adv.building.woods"
        },
        "description": {
            "translate": "adv.building.woods.desc"
        },
        "frame": "challenge"
    },
    "parent": "building/logs",
    "rewards": {
        "function": "adv_rewards/woods",
        "experience": 150
    },
    "criteria": {
        "oak": {
            "trigger": "inventory_changed",
            "conditions": {
                "items": [
                    {
                        "items": [
                            "oak_wood"
                        ]
                    }
                ]
            }
        },
        "birch": {
            "trigger": "inventory_changed",
            "conditions": {
                "items": [
                    {
                        "items": [
                            "birch_wood"
                        ]
                    }
                ]
            }
        },
        "acacia": {
            "trigger": "inventory_changed",
            "conditions": {
                "items": [
                    {
                        "items": [
                            "acacia_wood"
                        ]
                    }
                ]
            }
        },
        "jungle": {
            "trigger": "inventory_changed",
            "conditions": {
                "items": [
                    {
                        "items": [
                            "jungle_wood"
                        ]
                    }
                ]
            }
        },
        "dark_oak_wood": {
            "trigger": "inventory_changed",
            "conditions": {
                "items": [
                    {
                        "items": [
                            "dark_oak_wood"
                        ]
                    }
                ]
            }
        },
        "spruce": {
            "trigger": "inventory_changed",
            "conditions": {
                "items": [
                    {
                        "items": [
                            "spruce_wood"
                        ]
                    }
                ]
            }
        },
        "cherry": {
            "trigger": "inventory_changed",
            "conditions": {
                "items": [
                    {
                        "items": [
                            "cherry_wood"
                        ]
                    }
                ]
            }
        },
        "mangrove": {
            "trigger": "inventory_changed",
            "conditions": {
                "items": [
                    {
                        "items": [
                            "mangrove_wood"
                        ]
                    }
                ]
            }
        },
        "crimson": {
            "trigger": "inventory_changed",
            "conditions": {
                "items": [
                    {
                        "items": [
                            "crimson_hyphae"
                        ]
                    }
                ]
            }
        },
        "warped": {
            "trigger": "inventory_changed",
            "conditions": {
                "items": [
                    {
                        "items": [
                            "warped_hyphae"
                        ]
                    }
                ]
            }
        }
    }
}
