{
  "pools": [
    {
      "rolls": 1,
      "entries": [
        {
          "type": "minecraft:loot_table",
          "name": "minecraft:entities/zombie"
        }
      ]
    },
    {
      "rolls": 3,
      "entries": [
        {
          "type": "minecraft:item",
          "name": "minecraft:glow_lichen"
        }
      ],
      "functions": [
        {
          "function": "minecraft:set_count",
          "count": {
            "min": 1,
            "max": 2
          }
        }
      ]
    },
    {
      "rolls": 1,
      "entries": [
        {
          "type": "minecraft:loot_table",
          "name": "tcc:items/sightless_eye"
        }
      ],
      "conditions": [
        {
          "condition": "minecraft:killed_by_player"
        },
        {
          "condition": "minecraft:random_chance_with_looting",
          "chance": 0.1,
          "looting_multiplier": 0.01
        }
      ]
    }
  ],
  "random_sequence": "tcc:entities/glow_lichen_zombie"
}
