{
  "display": {
    "icon": {
      "item": "minecraft:ladder"
    },
    "title": "Solo Climber",
    "description": "Consume a Mountain Jump Potion",
    "frame": "task",
    "show_toast": true,
    "announce_to_chat": true,
    "hidden": false
  },
  "parent": "mt:treasure_advancements/first_rare_mountain_treasure",
  "criteria": {
    "requirement": {
      "trigger": "minecraft:consume_item",
      "conditions": {
        "item": {
          "nbt": "{item:mjump}"
        }
      }
    }
  }
}
