{
  "display": {
    "icon": {
      "item": "minecraft:flowering_azalea"
    },
    "title": "Aaaaa, How Refreshing",
    "description": "Consume a Lush Potion",
    "frame": "task",
    "show_toast": true,
    "announce_to_chat": true,
    "hidden": false
  },
  "parent": "mt:treasure_advancements/first_common_lush_caves_treasure",
  "criteria": {
    "requirement": {
      "trigger": "minecraft:consume_item",
      "conditions": {
        "item": {
          "nbt": "{item:lpotion}"
        }
      }
    }
  }
}
