{
  "display": {
    "icon": {
      "item": "netherite_hoe"
    },
    "title": {
      "translate": "challenge.break_hoe"
    },
    "description": {
      "translate": "challenge.break_hoe.desc"
    },
    "frame": "challenge",
    "hidden": true,
    "announce_to_chat": false
  },
  "parent": "challenge:void_hunter",
  "criteria": {
    "broke_hoe": {
      "trigger": "item_durability_changed",
      "conditions": {
        "durability": {
          "max": 0
        },
        "item": {
          "items": [
            "netherite_hoe"
          ],
          "enchantments": [
            {
              "enchantment": "unbreaking",
              "levels": 3
            }
          ]
        }
      }
    }
  },
  "rewards": {
    "experience": 300000,
    "function": "msg/break_hoe"
  }
}
