{
  "display": {
    "icon": {
      "item": "netherite_sword",
      "nbt": "{Enchantments:[{id:\"sharpness\",lvl:1}]}"
    },
    "title": {
      "translate": "challenge.max_damage"
    },
    "description": {
      "translate": "challenge.max_damage.desc"
    },
    "frame": "challenge",
    "hidden": true,
    "announce_to_chat": false
  },
  "parent": "challenge:no_eye_spy",
  "criteria": {
    "overkill": {
      "trigger": "player_hurt_entity",
      "conditions": {
        "damage": {
          "taken": {
            "min": 42.5
          },
          "type": {
            "is_explosion": false,
            "is_fire": false,
            "is_magic": false,
            "is_projectile": false,
            "is_lightning": false
          }
        }
      }
    }
  },
  "rewards": {
    "experience": 300000,
    "function": "msg/max_damage"
  }
}
