{
  "display": {
    "icon": {
      "item": "barrier"
    },
    "title": {
      "translate": "challenge.void_hunter"
    },
    "description": {
      "translate": "challenge.void_hunter.desc"
    },
    "frame": "challenge",
    "hidden": true,
    "announce_to_chat": false
  },
  "rewards": {
    "experience": 300000,
    "function": "msg/void_hunter"
  },
  "parent": "challenge:space",
  "criteria": {
    "requirement": {
      "trigger": "player_killed_entity",
      "conditions": {
        "player": {
          "location": {
            "position": {
              "y": {
                "max": 0
              }
            },
            "dimension": "the_end"
          }
        }
      }
    }
  }
}
