{
	"feature": "terralith:snowy/trees_edge",
	"placement": [
		{
			"type": "minecraft:count",
			"count": {
				"type": "minecraft:weighted_list",
				"distribution": [
					{
						"weight": 90,
						"data": 0
					},
					{
						"weight": 10,
						"data": 0
					}
				]
			}
		},
		{
			"type": "minecraft:in_square"
		},
		{
			"type": "minecraft:heightmap",
			"heightmap": "MOTION_BLOCKING"
		},
		{
			"type": "minecraft:noise_based_count",
			"noise_to_count_ratio": 1,
			"noise_factor": 215,
			"noise_offset": 0.35
		},
		{
			"type": "minecraft:noise_based_count",
			"noise_to_count_ratio": -1,
			"noise_factor": 215,
			"noise_offset": 0
		},
		{
			"type": "minecraft:block_predicate_filter",
			"predicate": {
				"type": "minecraft:matching_blocks",
				"offset": [
					0,
					-1,
					0
				],
				"blocks": [
					"minecraft:snow_block",
					"minecraft:powder_snow"
				]
			}
		},
		{
			"type": "minecraft:biome"
		}
	]
}
