{
    "display": {
        "icon": {
            "item": "cherry_log"
        },
        "title": {
            "translate": "adv.biome.cherry_grove"
        },
        "description": {
            "translate": "adv.biome.cherry_grove.desc"
        }
    },
    "parent": "biome/flower_forest",
    "rewards": {
        "experience": 10
    },
    "criteria": {
        "cherry_grove": {
            "trigger": "tick",
            "conditions": {
                "player": {
                    "location": {
                        "biome": "cherry_grove"
                    }
                }
            }
        }
    }
}
