{
  "parent": "biome/world_center",
  "display": {
    "icon": {
      "item": "birch_boat"
    },
    "title": {
      "translate": "adv.biome.edge_of_the_world"
    },
    "description": {
      "translate": "adv.biome.edge_of_the_world.desc"
    },
    "frame": "goal"
  },
  "rewards": {
    "experience": 500
  },
  "criteria": {
    "edge_of_world": {
      "trigger": "tick",
      "conditions": {
        "player": {
          "location": {
            "position": {
              "x": {
                "min": 10000
              }
            }
          }
        }
      }
    },
    "edge_of_world_minus": {
      "trigger": "tick",
      "conditions": {
        "player": {
          "location": {
            "position": {
              "x": {
                "max": -10000
              }
            }
          }
        }
      }
    },
    "edge_of_world_z": {
      "trigger": "tick",
      "conditions": {
        "player": {
          "location": {
            "position": {
              "z": {
                "min": 10000
              }
            }
          }
        }
      }
    },
    "edge_of_world_z_minus": {
      "trigger": "tick",
      "conditions": {
        "player": {
          "location": {
            "position": {
              "z": {
                "max": -10000
              }
            }
          }
        }
      }
    }
  },
  "requirements": [
    [
      "edge_of_world",
      "edge_of_world_minus",
      "edge_of_world_z",
      "edge_of_world_z_minus"
    ]
  ]
}
