{
    "display": {
        "icon": {
            "item": "ice"
        },
        "title": {
            "translate": "adv.biome.frozen_ocean"
        },
        "description": {
            "translate": "adv.biome.frozen_ocean.desc"
        }
    },
    "parent": "biome/ocean",
    "rewards": {
        "experience": 20
    },
    "criteria": {
        "frozen_ocean": {
            "trigger": "tick",
            "conditions": {
                "player": {
                    "location": {
                        "biome": "frozen_ocean"
                    }
                }
            }
        }
    }
}
