{
  "parent": "biome/kill_goat",
  "display": {
    "icon": {
      "item": "goat_spawn_egg"
    },
    "title": {
      "translate": "adv.biome.killed_by_goat"
    },
    "description": {
      "translate": "adv.biome.killed_by_goat.desc"
    },
    "frame": "challenge"
  },
  "rewards": {
    "experience": 250
  },
  "criteria": {
    "killed_goat": {
      "trigger": "entity_killed_player",
      "conditions": {
        "entity": [
          {
            "condition": "entity_properties",
            "predicate": {
              "type": "goat"
            },
            "entity": "this"
          }
        ]
      }
    }
  }
}