{
  "parent": "biome/world_center",
  "display": {
    "icon": {
      "item": "lava_bucket"
    },
    "title": {
      "translate": "adv.biome.lava_layer"
    },
    "description": {
      "translate": "adv.biome.lava_layer.desc"
    }
  },
  "rewards": {
    "experience": 10
  },
  "criteria": {
    "world_bottom": {
      "trigger": "tick",
      "conditions": {
        "player": {
          "location": {
            "position": {
              "y": {
                "max": -53
              }
            }
          }
        }
      }
    }
  }
}
