{
  "display": {
    "icon": {
      "item": "mycelium"
    },
    "title": {
      "translate": "adv.biome.mushroom_fields"
    },
    "description": {
      "translate": "adv.biome.mushroom_fields.desc"
    },
    "frame": "challenge"
  },
  "parent": "biome/root",
  "criteria": {
    "mushroom_fields": {
      "trigger": "tick",
      "conditions": {
        "player": {
          "location": {
            "biome": "mushroom_fields"
          }
        }
      }
    }
  },
  "rewards": {
    "experience": 500
  }
}
