{
    "display": {
        "icon": {
            "item": "water_bucket"
        },
        "title": {
            "translate": "adv.biome.ocean"
        },
        "description": {
            "translate": "adv.biome.ocean.desc"
        }
    },
    "parent": "biome/beach",
    "rewards": {
        "experience": 20
    },
    "criteria": {
        "ocean": {
            "trigger": "tick",
            "conditions": {
                "player": {
                    "location": {
                        "biome": "ocean"
                    }
                }
            }
        }
    }
}
