{
  "display": {
    "icon": {
      "item": "birch_log"
    },
    "title": {
      "translate": "adv.biome.old_growth_birch_forest"
    },
    "description": {
      "translate": "adv.biome.old_growth_birch_forest.desc"
    }
  },
  "parent": "biome/old_growth_pine_taiga",
  "criteria": {
    "old_growth_birch_forest": {
      "trigger": "tick",
      "conditions": {
        "player": {
          "location": {
            "biome": "old_growth_birch_forest"
          }
        }
      }
    }
  },
  "rewards": {
    "experience": 20
  }
}
