{
  "display": {
    "icon": {
      "item": "oak_sapling"
    },
    "title": {
      "translate": "adv.biome.plant_tree_in_desert"
    },
    "description": {
      "translate": "adv.biome.plant_tree_in_desert.desc"
    },
    "frame": "goal"
  },
  "parent": "biome/mushroom_fields",
  "criteria": {
    "desert": {
      "trigger": "placed_block",
      "conditions": {
        "block": "oak_sapling",
        "location": {
          "biome": "desert"
        }
      }
    },
    "badlands": {
      "trigger": "placed_block",
      "conditions": {
        "block": "oak_sapling",
        "location": {
          "biome": "badlands"
        }
      }
    },
    "eroded_badlands": {
      "trigger": "placed_block",
      "conditions": {
        "block": "oak_sapling",
        "location": {
          "biome": "eroded_badlands"
        }
      }
    }
  },
  "requirements": [
    [
      "desert",
      "badlands",
      "eroded_badlands"
    ]
  ],
  "rewards": {
    "experience": 20
  }
}
