{
  "parent": "biome/find_ruin",
  "display": {
    "icon": {
      "item": "spruce_planks"
    },
    "title": {
      "translate": "adv.biome.shipwreck"
    },
    "description": {
      "translate": "adv.biome.shipwreck.desc"
    }
  },
  "rewards": {
    "experience": 10
  },
  "criteria": {
    "shipwreck": {
      "trigger": "tick",
      "conditions": {
        "player": {
          "location": {
            "structure": "shipwreck"
          }
        }
      }
    },
    "shipwreck_beached": {
      "trigger": "tick",
      "conditions": {
        "player": {
          "location": {
            "structure": "shipwreck_beached"
          }
        }
      }
    }
  },
  "requirements": [["shipwreck","shipwreck_beached"]]
}
