{
    "display": {
        "icon": {
            "item": "jungle_log"
        },
        "title": {
            "translate": "adv.biome.sparse_jungle"
        },
        "description": {
            "translate": "adv.biome.sparse_jungle.desc"
        }
    },
    "parent": "biome/mangrove_swamp",
    "rewards": {
        "experience": 10
    },
    "criteria": {
        "sparse_jungle": {
            "trigger": "tick",
            "conditions": {
                "player": {
                    "location": {
                        "biome": "sparse_jungle"
                    }
                }
            }
        }
    }
}
