{
    "display": {
        "icon": {
            "item": "stone"
        },
        "title": {
            "translate": "adv.biome.stony_peaks"
        },
        "description": {
            "translate": "adv.biome.stony_peaks.desc"
        }
    },
    "parent": "biome/mountains",
    "rewards": {
        "experience": 10
    },
    "criteria": {
        "stony_peaks": {
            "trigger": "tick",
            "conditions": {
                "player": {
                    "location": {
                        "biome": "stony_peaks"
                    }
                }
            }
        }
    }
}
