{
  "display": {
    "icon": {
      "item": "spruce_log"
    },
    "title": {
      "translate": "adv.biome.windswept_forest"
    },
    "description": {
      "translate": "adv.biome.windswept_forest.desc"
    }
  },
  "parent": "biome/stony_peaks",
  "criteria": {
    "windswept_forest": {
      "trigger": "tick",
      "conditions": {
        "player": {
          "location": {
            "biome": "windswept_forest"
          }
        }
      }
    }
  },
  "rewards": {
    "experience": 10
  }
}
