{
  "display": {
    "icon": {
      "item": "leather_boots"
    },
    "title": {
      "translate": "adv.biome.world_center"
    },
    "description": {
      "translate": "adv.biome.world_center.desc"
    }
  },
  "parent": "biome/root",
  "criteria": {
    "world_center": {
      "trigger": "tick",
      "conditions": {
        "player": {
          "location": {
            "position": {
              "x": {
                "min": -0.5,
                "max": 0.5
              },
              "z": {
                "min": -0.5,
                "max": 0.5
              }
            }
          }
        }
      }
    }
  },
  "rewards": {
    "experience": 10
  }
}
