{
  "type": "minecraft:block",
  "pools": [
    {
      "rolls": 1.0,
      "bonus_rolls": 0.0,
      "entries": [
        {
          "type": "minecraft:item",
          "name": "minecraft:dirt"
        }
      ],
      "conditions": [
        {
          "condition": "minecraft:survives_explosion"
        },
        {
          "condition": "minecraft:inverted",
          "term": {
            "condition": "minecraft:match_tool",
            "predicate": {
              "enchantments": [
                {
                  "enchantment": "silk_touch"
                }
              ]
            }
          }
        }
      ]
    },
    {
      "rolls": 1.0,
      "entries": [
        {
          "type": "minecraft:item",
          "name": "minecraft:dirt_path"
        }
      ],
      "conditions": [
        {
          "condition": "minecraft:match_tool",
          "predicate": {
            "enchantments": [
              {
                "enchantment": "silk_touch"
              }
            ]
          }
        }
      ]
    }
  ],
  "random_sequence": "minecraft:blocks/dirt_path",
  "__smithed__": {
    "rules": [
      {
        "type":"smithed:append",
        "target":"pools",
        "source": {
          "type":"smithed:reference",
          "path":"pools[0]"
        }
      },
      {
        "type":"smithed:append",
        "target":"pools[0].conditions",
        "source":{
          "type":"smithed:reference",
          "path":"pools[0].conditions[1]"
        }
      }
    ]
  }
}