{
    "criteria": {
      "requirement": {
        "trigger": "minecraft:player_hurt_entity",
        "conditions": {
          "player": [
            {
              "condition": "minecraft:entity_properties",
              "entity": "this",
              "predicate": {
                "nbt": "{Tags:[\"mt.crimson_chestplate\"]}",
                "flags": {}
              }
            }
          ],
          "damage": {
            "type": {
              "tags": [
                {
                  "id": "mt:player_attack",
                  "expected": true
                }
              ]
            }
          },
          "entity": {
            "effects": {
              "minecraft:regeneration": {}
            }
          }
        }
      }
    },
    "rewards": {
      "function": "mt:entity_hit_functions/assign"
    }
  }
  