{
  "pools": [
    {
      "rolls": {
        "min": {
          "type": "minecraft:score",
          "target": "this",
          "score": "mt.progression",
          "scale": 0.00002
        },
        "max": {
          "min": {
            "type": "minecraft:score",
            "target": "this",
            "score": "mt.rare_count",
            "scale": 0.01
          },
          "max": {
            "type": "minecraft:score",
            "target": "this",
            "score": "mt.rare_count",
            "scale": 0.02
          }
        }
      },
      "bonus_rolls": {
        "min": 1,
        "max": 6
      },
      "entries": [
        {
          "type": "minecraft:item",
          "name": "minecraft:echo_shard",
          "weight": 3,
          "functions": [
            {
              "function": "minecraft:set_count",
              "count": {
                "min": 3,
                "max": 6
              }
            }
          ],
          "conditions": [
            {
              "condition": "minecraft:entity_scores",
              "entity": "this",
              "scores": {
                "mt.progression": {
                  "max": 399999
                }
              }
            }
          ]
        },
        {
          "type": "minecraft:item",
          "name": "minecraft:sculk_shrieker",
          "weight": 1,
          "functions": [
            {
              "function": "minecraft:set_count",
              "count": 1
            },
            {
              "function": "minecraft:set_nbt",
              "tag": "{BlockStateTag:{can_summon:\"true\"}}"
            },
            {
              "function": "minecraft:set_name",
              "name": [
                {
                  "text": "Warden Shrieker",
                  "color": "aqua",
                  "italic": false
                }
              ]
            },
            {
              "function": "set_lore",
              "lore": [
                {
                  "text": "A Shrieker that can  ",
                  "color": "gray",
                  "italic": false
                },
                {
                  "text": "spawn the warden. ",
                  "color": "gray",
                  "italic": false
                }
              ]
            }
          ],
          "conditions": [
            {
              "condition": "minecraft:entity_scores",
              "entity": "this",
              "scores": {
                "mt.progression": {
                  "min": 350000
                }
              }
            }
          ]
		    },
        {
          "type": "minecraft:item",
          "name": "minecraft:flint_and_steel",
          "weight": 2,
          "functions": [
            {
              "function": "minecraft:set_nbt",
              "tag": "{weapon:soul_steel}"
            },
            {
              "function": "set_name",
              "name": [
                {
                  "text": "Soul Flint and Steel",
                  "color": "aqua",
                  "italic": false
                }
              ]
            },
            {
              "function": "set_lore",
              "lore": [
                {
                  "text": "Ability:",
                  "color": "green",
                  "italic": false
                },
                {
                  "text": "Right Click on sculk-related blocks to",
                  "color": "gray",
                  "italic": false
                },
                {
                  "text": "clear a large area of them in an instant.",
                  "color": "gray",
                  "italic": false
                }
              ]
            },
            {
              "function": "minecraft:set_damage",
              "damage": {
                "min": 10,
                "max": 60
              },
              "add": true
            }
          ]
        },
        {
          "type": "minecraft:item",
          "name": "minecraft:deepslate_diamond_ore",
          "weight": 2,
          "functions": [
            {
              "function": "minecraft:set_count",
              "count": {
                "min": 1,
                "max": 2
              }
            }
          ]
        },
        {
          "type": "minecraft:item",
          "name": "minecraft:sculk_sensor",
          "weight": 3,
          "functions": [
            {
              "function": "minecraft:set_count",
              "count": {
                "min": 5,
                "max": 10
              }
            }
          ]
        },
        {
          "type": "minecraft:item",
          "name": "minecraft:dried_kelp",
          "functions": [
            {
              "function": "minecraft:set_count",
              "count": {
                "min": 1,
                "max": 2
              }
            },
            {
              "function": "minecraft:set_nbt",
              "tag": "{food:dark_meat,Enchantments:[{}]}"
            },
            {
              "function": "minecraft:set_name",
              "name": [
                {
                  "text": "Dark Meat",
                  "color": "aqua",
                  "italic": false
                }
              ]
            },
            {
              "function": "minecraft:set_lore",
              "lore": [
                {
                  "text": "Grants eater Strength II and ",
                  "color": "gray",
                  "italic": false
                },
                {
                  "text": "Speed II for 4 seconds. Also ",
                  "color": "gray",
                  "italic": false
                },
                {
                  "text": "inflicts Darkness in a radius. ",
                  "color": "gray",
                  "italic": false
                }
              ]
            }
          ],
          "conditions": [
            {
              "condition": "minecraft:entity_scores",
              "entity": "this",
              "scores": {
                "mt.progression": {
                  "min": 500000
                }
              }
            }
          ]
        },
        {
          "type": "minecraft:item",
          "name": "minecraft:experience_bottle",
          "weight": 3,
          "functions": [
            {
              "function": "minecraft:set_count",
              "count": {
                "min": 2,
                "max": 4
              }
            }
          ]
        },
        {
          "type": "minecraft:item",
          "name": "minecraft:sculk_catalyst",
          "weight": 3,
          "functions": [
            {
              "function": "minecraft:set_count",
              "count": {
                "min": 5,
                "max": 10
              }
            }
          ]
        },
        {
          "type": "minecraft:item",
          "name": "minecraft:amethyst_cluster",
          "weight": 2,
          "functions": [
            {
              "function": "minecraft:set_count",
              "count": {
                "min": 3,
                "max": 6
              }
            }
          ]
        },
        {
          "type": "minecraft:item",
          "name": "minecraft:soul_lantern",
          "weight": 3,
          "functions": [
            {
              "function": "minecraft:set_count",
              "count": {
                "min": 1,
                "max": 2
              }
            }
          ]
		    },
        {
          "type": "minecraft:item",
          "name": "minecraft:netherite_pickaxe",
          "weight": 1,
          "functions": [
            {
              "function": "minecraft:set_enchantments",
              "enchantments": {
                "minecraft:silk_touch": {
                  "min": 0,
                  "max": 1
                },
                "minecraft:efficiency": {
                  "min": 0,
                  "max": 6
                },
                "minecraft:unbreaking": {
                  "min": 0,
                  "max": 4
                },
                "minecraft:mending": {
                  "min": 0,
                  "max": 1
                },
                "minecraft:sharpness": {
                  "min": 0,
                  "max": 3
                }
              }
            },
            {
              "function": "minecraft:set_attributes",
              "modifiers": [
                {
                  "attribute": "minecraft:generic.attack_speed",
                  "name": "minecraft:generic.attack_speed",
                  "amount": {
                    "min": 1.2,
                    "max": 1.2
                  },
                  "operation": "addition",
                  "slot": "mainhand"
                },
                {
                  "attribute": "minecraft:generic.attack_speed",
                  "name": "minecraft:generic.attack_speed",
                  "amount": -4,
                  "operation": "addition",
                  "slot": "mainhand"
                },
                {
                  "attribute": "minecraft:generic.attack_damage",
                  "name": "minecraft:generic.attack_damage",
                  "amount": {
                    "min": 4,
                    "max": 4
                  },
                  "operation": "addition",
                  "slot": "mainhand"
                }
              ]
            },
            {
              "function": "minecraft:set_nbt",
              "tag": "{HideFlags:2}"
            },
            {
              "function": "set_name",
              "name": [
                {
                  "text": "Dark Netherite Pickaxe",
                  "color": "aqua",
                  "italic": false
                }
              ],
              "conditions": [
                {
                  "condition": "minecraft:entity_scores",
                  "entity": "this",
                  "scores": {
                    "mt.progression": {
                      "max": 499999
                    }
                  }
                }
              ]
            },
		      	{
              "function": "minecraft:set_lore",
              "lore": [
                {
                  "text": "  "
                },
                {
                  "text": "When in Main Hand:",
                  "color": "gray",
                  "italic": false
                },
                {
                  "text": " 5 Attack Damage",
                  "color": "dark_green",
                  "italic": false
                },
                {
                  "text": " 1.2 Attack Speed",
                  "color": "dark_green",
                  "italic": false
                }
              ]
            }
          ]
        },
        {
          "type": "minecraft:item",
          "name": "minecraft:recovery_compass",
          "weight": 1,
          "functions": [
            {
              "function": "minecraft:set_count",
              "count": {
                "min": 1,
                "max": 1
              }
            }
          ]
		    },
        {
          "type": "minecraft:item",
          "name": "minecraft:golden_apple",
          "weight": 1,
          "functions": [
            {
              "function": "minecraft:set_count",
              "count": {
                "min": 1,
                "max": 2
              }
            }
          ],
          "conditions": [
            {
              "condition": "minecraft:entity_scores",
              "entity": "this",
              "scores": {
                "mt.progression": {
                  "max": 499999
                }
              }
            }
          ]
		    }		
	    ]
    }
  ]
}