{"providers": [{"type": "space", "advances": {"\ua000": -1}}, {"type": "bitmap", "file": "tcc:gui/compendium/images/village_mangrove_swamp.png", "ascent": 31, "height": 64, "chars": ["\ua001\ua002"]}, {"type": "bitmap", "file": "tcc:gui/compendium/images/soul_conductor.png", "ascent": 31, "height": 64, "chars": ["\ua003\ua004"]}, {"type": "bitmap", "file": "tcc:gui/compendium/images/geomancer.png", "ascent": 31, "height": 64, "chars": ["\ua005\ua006"]}, {"type": "bitmap", "file": "tcc:gui/compendium/images/diluted_potions.png", "ascent": 31, "height": 64, "chars": ["\ua007\ua008"]}, {"type": "bitmap", "file": "tcc:gui/compendium/images/ocean_monument_rework.png", "ascent": 31, "height": 64, "chars": ["\ua009\ua00a"]}, {"type": "bitmap", "file": "tcc:gui/compendium/images/woodland_mansion_rework.png", "ascent": 31, "height": 64, "chars": ["\ua00b\ua00c"]}, {"type": "bitmap", "file": "tcc:gui/compendium/images/enchanter.png", "ascent": 31, "height": 64, "chars": ["\ua00d\ua00e"]}, {"type": "bitmap", "file": "tcc:gui/compendium/images/locket_of_learning.png", "ascent": 31, "height": 64, "chars": ["\ua00f\ua010"]}, {"type": "bitmap", "file": "tcc:gui/compendium/images/tundra_keep.png", "ascent": 31, "height": 64, "chars": ["\ua011\ua012"]}, {"type": "bitmap", "file": "tcc:gui/compendium/images/iceologer.png", "ascent": 31, "height": 64, "chars": ["\ua013\ua014"]}, {"type": "bitmap", "file": "tcc:gui/compendium/images/frostbloom.png", "ascent": 31, "height": 64, "chars": ["\ua015\ua016"]}, {"type": "bitmap", "file": "tcc:gui/compendium/images/refuge_remains.png", "ascent": 31, "height": 64, "chars": ["\ua017\ua018"]}, {"type": "bitmap", "file": "tcc:gui/compendium/images/snail.png", "ascent": 31, "height": 64, "chars": ["\ua019\ua01a"]}, {"type": "bitmap", "file": "tcc:gui/compendium/images/tea.png", "ascent": 31, "height": 64, "chars": ["\ua01b\ua01c"]}, {"type": "bitmap", "file": "tcc:gui/compendium/images/glow_lichen_zombie.png", "ascent": 31, "height": 64, "chars": ["\ua01d\ua01e"]}, {"type": "bitmap", "file": "tcc:gui/compendium/images/end_city_additions.png", "ascent": 31, "height": 64, "chars": ["\ua01f\ua020"]}, {"type": "bitmap", "file": "tcc:gui/compendium/images/gobblerift.png", "ascent": 31, "height": 64, "chars": ["\ua021\ua022"]}, {"type": "bitmap", "file": "tcc:gui/compendium/images/nether_reactor.png", "ascent": 31, "height": 64, "chars": ["\ua023\ua024"]}, {"type": "bitmap", "file": "tcc:gui/compendium/images/armor_stand_with_arms.png", "ascent": 31, "height": 64, "chars": ["\ua025\ua026"]}, {"type": "bitmap", "file": "tcc:gui/compendium/images/axolotl_bucket_variants.png", "ascent": 31, "height": 64, "chars": ["\ua027\ua028"]}, {"type": "bitmap", "file": "tcc:gui/compendium/images/phantom_item_frame.png", "ascent": 31, "height": 64, "chars": ["\ua029\ua02a"]}, {"type": "bitmap", "file": "tcc:gui/compendium/images/drowned_variants.png", "ascent": 31, "height": 64, "chars": ["\ua02b\ua02c"]}]}