{"providers": [{"type": "bitmap", "file": "tcc:gui/compendium/icons/recipe/empty.png", "ascent": 7, "height": 17, "chars": ["\ua000"]}, {"type": "bitmap", "file": "tcc:gui/compendium/icons/recipe/empty.png", "ascent": 16, "height": 17, "chars": ["\ua001"]}, {"type": "bitmap", "file": "tcc:gui/compendium/icons/recipe/minecraft/apple.png", "ascent": 16, "height": 17, "chars": ["\ua002"]}, {"type": "bitmap", "file": "tcc:gui/compendium/icons/recipe/minecraft/armor_stand.png", "ascent": 16, "height": 17, "chars": ["\ua003"]}, {"type": "bitmap", "file": "tcc:gui/compendium/icons/recipe/minecraft/blackstone.png", "ascent": 16, "height": 17, "chars": ["\ua004"]}, {"type": "bitmap", "file": "tcc:gui/compendium/icons/recipe/minecraft/blaze_rod.png", "ascent": 16, "height": 17, "chars": ["\ua005"]}, {"type": "bitmap", "file": "tcc:gui/compendium/icons/recipe/minecraft/bowl.png", "ascent": 16, "height": 17, "chars": ["\ua006"]}, {"type": "bitmap", "file": "tcc:gui/compendium/icons/recipe/minecraft/brick.png", "ascent": 16, "height": 17, "chars": ["\ua007"]}, {"type": "bitmap", "file": "tcc:gui/compendium/icons/recipe/minecraft/carrot.png", "ascent": 16, "height": 17, "chars": ["\ua008"]}, {"type": "bitmap", "file": "tcc:gui/compendium/icons/recipe/minecraft/chain.png", "ascent": 16, "height": 17, "chars": ["\ua009"]}, {"type": "bitmap", "file": "tcc:gui/compendium/icons/recipe/minecraft/chorus_fruit.png", "ascent": 16, "height": 17, "chars": ["\ua00a"]}, {"type": "bitmap", "file": "tcc:gui/compendium/icons/recipe/minecraft/cobbled_deepslate.png", "ascent": 16, "height": 17, "chars": ["\ua00b"]}, {"type": "bitmap", "file": "tcc:gui/compendium/icons/recipe/minecraft/copper_ingot.png", "ascent": 16, "height": 17, "chars": ["\ua00c"]}, {"type": "bitmap", "file": "tcc:gui/compendium/icons/recipe/minecraft/crimson_fungus.png", "ascent": 16, "height": 17, "chars": ["\ua00d"]}, {"type": "bitmap", "file": "tcc:gui/compendium/icons/recipe/minecraft/crimson_roots.png", "ascent": 16, "height": 17, "chars": ["\ua00e"]}, {"type": "bitmap", "file": "tcc:gui/compendium/icons/recipe/minecraft/crying_obsidian.png", "ascent": 16, "height": 17, "chars": ["\ua00f"]}, {"type": "bitmap", "file": "tcc:gui/compendium/icons/recipe/minecraft/dispenser.png", "ascent": 16, "height": 17, "chars": ["\ua010"]}, {"type": "bitmap", "file": "tcc:gui/compendium/icons/recipe/minecraft/echo_shard.png", "ascent": 16, "height": 17, "chars": ["\ua011"]}, {"type": "bitmap", "file": "tcc:gui/compendium/icons/recipe/minecraft/egg.png", "ascent": 16, "height": 17, "chars": ["\ua012"]}, {"type": "bitmap", "file": "tcc:gui/compendium/icons/recipe/minecraft/ender_eye.png", "ascent": 16, "height": 17, "chars": ["\ua013"]}, {"type": "bitmap", "file": "tcc:gui/compendium/icons/recipe/minecraft/ender_pearl.png", "ascent": 16, "height": 17, "chars": ["\ua014"]}, {"type": "bitmap", "file": "tcc:gui/compendium/icons/recipe/minecraft/fire_coral.png", "ascent": 16, "height": 17, "chars": ["\ua015"]}, {"type": "bitmap", "file": "tcc:gui/compendium/icons/recipe/minecraft/fire_coral_block.png", "ascent": 16, "height": 17, "chars": ["\ua016"]}, {"type": "bitmap", "file": "tcc:gui/compendium/icons/recipe/minecraft/ghast_tear.png", "ascent": 16, "height": 17, "chars": ["\ua017"]}, {"type": "bitmap", "file": "tcc:gui/compendium/icons/recipe/minecraft/gilded_blackstone.png", "ascent": 16, "height": 17, "chars": ["\ua018"]}, {"type": "bitmap", "file": "tcc:gui/compendium/icons/recipe/minecraft/glow_berries.png", "ascent": 16, "height": 17, "chars": ["\ua019"]}, {"type": "bitmap", "file": "tcc:gui/compendium/icons/recipe/minecraft/gold_ingot.png", "ascent": 16, "height": 17, "chars": ["\ua01a"]}, {"type": "bitmap", "file": "tcc:gui/compendium/icons/recipe/minecraft/golden_apple.png", "ascent": 16, "height": 17, "chars": ["\ua01b"]}, {"type": "bitmap", "file": "tcc:gui/compendium/icons/recipe/minecraft/iron_ingot.png", "ascent": 16, "height": 17, "chars": ["\ua01c"]}, {"type": "bitmap", "file": "tcc:gui/compendium/icons/recipe/minecraft/iron_nugget.png", "ascent": 16, "height": 17, "chars": ["\ua01d"]}, {"type": "bitmap", "file": "tcc:gui/compendium/icons/recipe/minecraft/leather.png", "ascent": 16, "height": 17, "chars": ["\ua01e"]}, {"type": "bitmap", "file": "tcc:gui/compendium/icons/recipe/minecraft/mojang_banner_pattern.png", "ascent": 16, "height": 17, "chars": ["\ua01f"]}, {"type": "bitmap", "file": "tcc:gui/compendium/icons/recipe/minecraft/mojang_banner_pattern.2.png", "ascent": 16, "height": 17, "chars": ["\ua020"]}, {"type": "bitmap", "file": "tcc:gui/compendium/icons/recipe/minecraft/nether_brick.png", "ascent": 16, "height": 17, "chars": ["\ua021"]}, {"type": "bitmap", "file": "tcc:gui/compendium/icons/recipe/minecraft/nether_star.png", "ascent": 16, "height": 17, "chars": ["\ua022"]}, {"type": "bitmap", "file": "tcc:gui/compendium/icons/recipe/minecraft/nether_wart.png", "ascent": 16, "height": 17, "chars": ["\ua023"]}, {"type": "bitmap", "file": "tcc:gui/compendium/icons/recipe/minecraft/netherite_scrap.png", "ascent": 16, "height": 17, "chars": ["\ua024"]}, {"type": "bitmap", "file": "tcc:gui/compendium/icons/recipe/minecraft/oak_planks.png", "ascent": 16, "height": 17, "chars": ["\ua025"]}, {"type": "bitmap", "file": "tcc:gui/compendium/icons/recipe/minecraft/paper.png", "ascent": 16, "height": 17, "chars": ["\ua026"]}, {"type": "bitmap", "file": "tcc:gui/compendium/icons/recipe/minecraft/phantom_membrane.png", "ascent": 16, "height": 17, "chars": ["\ua027"]}, {"type": "bitmap", "file": "tcc:gui/compendium/icons/recipe/minecraft/popped_chorus_fruit.png", "ascent": 16, "height": 17, "chars": ["\ua028"]}, {"type": "bitmap", "file": "tcc:gui/compendium/icons/recipe/minecraft/prismarine_crystals.png", "ascent": 16, "height": 17, "chars": ["\ua029"]}, {"type": "bitmap", "file": "tcc:gui/compendium/icons/recipe/minecraft/rabbit_hide.png", "ascent": 16, "height": 17, "chars": ["\ua02a"]}, {"type": "bitmap", "file": "tcc:gui/compendium/icons/recipe/minecraft/redstone.png", "ascent": 16, "height": 17, "chars": ["\ua02b"]}, {"type": "bitmap", "file": "tcc:gui/compendium/icons/recipe/minecraft/sculk.png", "ascent": 16, "height": 17, "chars": ["\ua02c"]}, {"type": "bitmap", "file": "tcc:gui/compendium/icons/recipe/minecraft/sculk_vein.png", "ascent": 16, "height": 17, "chars": ["\ua02d"]}, {"type": "bitmap", "file": "tcc:gui/compendium/icons/recipe/minecraft/stick.png", "ascent": 16, "height": 17, "chars": ["\ua02e"]}, {"type": "bitmap", "file": "tcc:gui/compendium/icons/recipe/minecraft/string.png", "ascent": 16, "height": 17, "chars": ["\ua02f"]}, {"type": "bitmap", "file": "tcc:gui/compendium/icons/recipe/minecraft/sugar.png", "ascent": 16, "height": 17, "chars": ["\ua030"]}, {"type": "bitmap", "file": "tcc:gui/compendium/icons/recipe/minecraft/sweet_berries.png", "ascent": 16, "height": 17, "chars": ["\ua031"]}, {"type": "bitmap", "file": "tcc:gui/compendium/icons/recipe/minecraft/tinted_glass.png", "ascent": 16, "height": 17, "chars": ["\ua032"]}, {"type": "bitmap", "file": "tcc:gui/compendium/icons/recipe/minecraft/trident.png", "ascent": 16, "height": 17, "chars": ["\ua033"]}, {"type": "bitmap", "file": "tcc:gui/compendium/icons/recipe/minecraft/twisting_vines.png", "ascent": 16, "height": 17, "chars": ["\ua034"]}, {"type": "bitmap", "file": "tcc:gui/compendium/icons/recipe/minecraft/warped_fungus.png", "ascent": 16, "height": 17, "chars": ["\ua035"]}, {"type": "bitmap", "file": "tcc:gui/compendium/icons/recipe/minecraft/warped_roots.png", "ascent": 16, "height": 17, "chars": ["\ua036"]}, {"type": "bitmap", "file": "tcc:gui/compendium/icons/recipe/minecraft/wheat.png", "ascent": 16, "height": 17, "chars": ["\ua037"]}, {"type": "bitmap", "file": "tcc:gui/compendium/icons/recipe/tcc/apple_pie.png", "ascent": 16, "height": 17, "chars": ["\ua038"]}, {"type": "bitmap", "file": "tcc:gui/compendium/icons/recipe/tcc/armor_stand_with_arms.png", "ascent": 16, "height": 17, "chars": ["\ua039"]}, {"type": "bitmap", "file": "tcc:gui/compendium/icons/recipe/tcc/bat_wing.png", "ascent": 16, "height": 17, "chars": ["\ua03a"]}, {"type": "bitmap", "file": "tcc:gui/compendium/icons/recipe/tcc/boomerang.png", "ascent": 16, "height": 17, "chars": ["\ua03b"]}, {"type": "bitmap", "file": "tcc:gui/compendium/icons/recipe/tcc/damaged_trident.png", "ascent": 16, "height": 17, "chars": ["\ua03c"]}, {"type": "bitmap", "file": "tcc:gui/compendium/icons/recipe/tcc/enchanted_golden_carrot.png", "ascent": 16, "height": 17, "chars": ["\ua03d"]}, {"type": "bitmap", "file": "tcc:gui/compendium/icons/recipe/tcc/fungal_stew.png", "ascent": 16, "height": 17, "chars": ["\ua03e"]}, {"type": "bitmap", "file": "tcc:gui/compendium/icons/recipe/tcc/glow_berry_muffin.2.png", "ascent": 16, "height": 17, "chars": ["\ua03f"]}, {"type": "bitmap", "file": "tcc:gui/compendium/icons/recipe/tcc/golden_apple_pie.png", "ascent": 16, "height": 17, "chars": ["\ua040"]}, {"type": "bitmap", "file": "tcc:gui/compendium/icons/recipe/tcc/golden_chorus_fruit.png", "ascent": 16, "height": 17, "chars": ["\ua041"]}, {"type": "bitmap", "file": "tcc:gui/compendium/icons/recipe/tcc/molten_mirror.png", "ascent": 16, "height": 17, "chars": ["\ua042"]}, {"type": "bitmap", "file": "tcc:gui/compendium/icons/recipe/tcc/nether_brick_pot.png", "ascent": 16, "height": 17, "chars": ["\ua043"]}, {"type": "bitmap", "file": "tcc:gui/compendium/icons/recipe/tcc/nether_reactor_core.png", "ascent": 16, "height": 17, "chars": ["\ua044"]}, {"type": "bitmap", "file": "tcc:gui/compendium/icons/recipe/tcc/paintbrush.png", "ascent": 16, "height": 17, "chars": ["\ua045"]}, {"type": "bitmap", "file": "tcc:gui/compendium/icons/recipe/tcc/phantom_item_frame.png", "ascent": 16, "height": 17, "chars": ["\ua046"]}, {"type": "bitmap", "file": "tcc:gui/compendium/icons/recipe/tcc/positional_anchor.png", "ascent": 16, "height": 17, "chars": ["\ua047"]}, {"type": "bitmap", "file": "tcc:gui/compendium/icons/recipe/tcc/pottery_table.png", "ascent": 16, "height": 17, "chars": ["\ua048"]}, {"type": "bitmap", "file": "tcc:gui/compendium/icons/recipe/tcc/smoldering_seeker.png", "ascent": 16, "height": 17, "chars": ["\ua049"]}, {"type": "bitmap", "file": "tcc:gui/compendium/icons/recipe/tcc/soul_conductor.png", "ascent": 16, "height": 17, "chars": ["\ua04a"]}, {"type": "bitmap", "file": "tcc:gui/compendium/icons/recipe/tcc/soul_seer.png", "ascent": 16, "height": 17, "chars": ["\ua04b"]}, {"type": "bitmap", "file": "tcc:gui/compendium/icons/recipe/tcc/sweet_berry_muffin.2.png", "ascent": 16, "height": 17, "chars": ["\ua04c"]}, {"type": "bitmap", "file": "tcc:gui/compendium/icons/recipe/tcc/tangling_pearl.png", "ascent": 16, "height": 17, "chars": ["\ua04d"]}, {"type": "bitmap", "file": "tcc:gui/compendium/icons/recipe/tcc/teapot.png", "ascent": 16, "height": 17, "chars": ["\ua04e"]}, {"type": "bitmap", "file": "tcc:gui/compendium/icons/recipe/tcc/warped_wart.2.png", "ascent": 16, "height": 17, "chars": ["\ua04f"]}, {"type": "bitmap", "file": "tcc:gui/compendium/icons/recipe/tcc/weeping_eye.png", "ascent": 16, "height": 17, "chars": ["\ua050"]}, {"type": "bitmap", "file": "tcc:gui/compendium/icons/recipe/tcc/wrench.png", "ascent": 16, "height": 17, "chars": ["\ua051"]}]}