{
  "display": {
    "icon": {
      "item": "minecraft:sculk"
    },
    "title": "Watch Your Step!",
    "description": "Find your first Common Deep Dark Treasure!",
    "frame": "task",
    "show_toast": true,
    "announce_to_chat": true,
    "hidden": false
  },
  "parent": "mt:treasure_advancements/first_common_treasure",
  "criteria": {
    "obtainchest": {
      "trigger": "minecraft:player_generates_container_loot",
      "conditions": {
        "loot_table": "mt:chests/deep_dark_treasure/deepdark_common_treasure"
      }
    }
  }
}
