{
  "display": {
    "icon": {
      "item": "minecraft:sea_lantern"
    },
    "title": "Finally, Discovered Atlantis",
    "description": "Find your first Legendary Ocean Treasure!",
    "frame": "challenge",
    "show_toast": true,
    "announce_to_chat": true,
    "hidden": false
  },
  "parent": "mt:treasure_advancements/first_epic_ocean_treasure",
  "criteria": {
    "obtainchest": {
      "trigger": "minecraft:player_generates_container_loot",
      "conditions": {
        "loot_table": "mt:chests/ocean_treasure/ocean_legendary_treasure"
      }
    }
  }
}
