{
  "display": {
    "icon": {
      "item": "minecraft:prismarine"
    },
    "title": "Ocean Man, Take Me By The Hand",
    "description": "Find your first Rare Ocean Treasure!",
    "frame": "task",
    "show_toast": true,
    "announce_to_chat": true,
    "hidden": false
  },
  "parent": "mt:treasure_advancements/first_common_ocean_treasure",
  "criteria": {
    "obtainchest": {
      "trigger": "minecraft:player_generates_container_loot",
      "conditions": {
        "loot_table": "mt:chests/ocean_treasure/ocean_rare_treasure"
      }
    }
  }
}
