{
  "display": {
    "icon": {
      "item": "minecraft:crimson_nylium"
    },
    "title": "Crimson Crime",
    "description": "Find your first Epic Crimson Forest Treasure!",
    "frame": "goal",
    "show_toast": true,
    "announce_to_chat": true,
    "hidden": false
  },
  "parent": "mt:treasure_advancements/first_rare_crimson_treasure",
  "criteria": {
    "obtainchest": {
      "trigger": "minecraft:player_generates_container_loot",
      "conditions": {
        "loot_table": "mt:chests/crimson_treasure/crimson_epic_treasure"
      }
    }
  }
}
