{
  "display": {
    "icon": {
      "item": "minecraft:cauldron"
    },
    "title": "Drug Trafficking",
    "description": "Find your first Epic Swamp Treasure!",
    "frame": "goal",
    "show_toast": true,
    "announce_to_chat": true,
    "hidden": false
  },
  "parent": "mt:treasure_advancements/first_rare_swamp_treasure",
  "criteria": {
    "obtainchest": {
      "trigger": "minecraft:player_generates_container_loot",
      "conditions": {
        "loot_table": "mt:chests/swamp_treasure/swamp_epic_treasure"
      }
    }
  }
}
