{
  "display": {
    "icon": {
      "item": "minecraft:flint"
    },
    "title": "HELLO? I CAN BARELY HEAR YOU!",
    "description": "Find your first Rare Wind Treasure!",
    "frame": "task",
    "show_toast": true,
    "announce_to_chat": true,
    "hidden": false
  },
  "parent": "mt:treasure_advancements/first_common_wind_treasure",
  "criteria": {
    "obtainchest": {
      "trigger": "minecraft:player_generates_container_loot",
      "conditions": {
        "loot_table": "mt:chests/wind_treasure/wind_rare_treasure"
      }
    }
  }
}
