{
  "type": "minecraft:chest",
  "pools": [
    {
      "rolls": 2,
      "bonus_rolls": 0.0,
      "entries": [
        {
          "type": "minecraft:item",
          "name": "minecraft:totem_of_undying",
          "weight": 4
        },
        {
          "type": "item",
          "name": "minecraft:music_disc_mellohi"
        },
        {
          "type": "item",
          "name": "minecraft:mojang_banner_pattern"
        },
        {
          "type": "minecraft:item",
          "name": "minecraft:book",
          "functions": [
            {
              "function": "minecraft:enchant_with_levels",
              "levels": {
                "type": "minecraft:uniform",
                "max": 39.0,
                "min": 20.0
              },
              "treasure": true
            }
          ],
          "weight": 4
        }
      ]
    },
    {
      "rolls": 8,
      "bonus_rolls": 0.0,
      "entries": [
        {
          "type": "item",
          "name": "minecraft:golden_apple"
        },
        {
          "type": "minecraft:item",
          "functions": [
            {
              "add": false,
              "count": 2,
              "function": "minecraft:set_count"
            }
          ],
          "name": "minecraft:golden_carrot"
        },
        {
          "type": "minecraft:item",
          "functions": [
            {
              "add": false,
              "count": 2,
              "function": "minecraft:set_count"
            }
          ],
          "name": "minecraft:diamond"
        },
        {
          "type": "minecraft:item",
          "functions": [
            {
              "add": false,
              "count": 2,
              "function": "minecraft:set_count"
            }
          ],
          "name": "minecraft:name_tag"
        },
        {
          "type": "minecraft:item",
          "functions": [
            {
              "add": false,
              "count": 4,
              "function": "minecraft:set_count"
            }
          ],
          "name": "minecraft:iron_ingot"
        },
        {
          "type": "minecraft:item",
          "functions": [
            {
              "add": false,
              "count": 4,
              "function": "minecraft:set_count"
            }
          ],
          "name": "minecraft:gold_ingot"
        },
        {
          "type": "minecraft:item",
          "functions": [
            {
              "add": false,
              "count": 8,
              "function": "minecraft:set_count"
            }
          ],
          "name": "minecraft:emerald"
        }
      ]
    },
    {
      "rolls": 1,
      "bonus_rolls": 0.0,
      "entries": [
        {
          "type": "minecraft:empty",
          "weight": 2
        },
        {
          "type": "item",
          "name": "minecraft:vex_armor_trim_smithing_template"
        }
      ]
    }
  ]
}