{
  "type": "minecraft:chest",
  "pools": [
    {
      "rolls": 2,
      "bonus_rolls": 0.0,
      "entries": [
        {
          "type": "minecraft:item",
          "name": "minecraft:goat_horn",
          "functions": [
            {
              "function": "minecraft:set_instrument",
              "options": "#minecraft:regular_goat_horns"
            }
          ]
        },
        {
          "type": "minecraft:item",
          "name": "minecraft:crossbow",
          "functions": [
            {
              "add": false,
              "damage": {
                "type": "minecraft:uniform",
                "max": 0.2,
                "min": 0.1
              },
              "function": "minecraft:set_damage"
            },
            {
              "function": "minecraft:enchant_with_levels",
              "levels": 20,
              "treasure": true
            }
          ]
        },
        {
          "type": "minecraft:item",
          "functions": [
            {
              "function": "minecraft:set_count",
              "count": {
                  "min": 10,
                  "max": 20
              },
              "add": false
            },
            {
              "function": "minecraft:set_potion",
              "id": "minecraft:strong_harming"
            }
          ],
          "name": "minecraft:tipped_arrow"
        }
      ]
    },
    {
      "rolls": 4,
      "bonus_rolls": 0.0,
      "entries": [
        {
          "type": "minecraft:item",
          "functions": [
            {
              "add": false,
              "count": 2,
              "function": "minecraft:set_count"
            }
          ],
          "name": "minecraft:poppy"
        },
        {
          "type": "minecraft:item",
          "functions": [
            {
              "add": false,
              "count": 7,
              "function": "minecraft:set_count"
            }
          ],
          "name": "minecraft:dark_oak_log"
        },
        {
          "type": "minecraft:item",
          "functions": [
            {
              "add": false,
              "count": 10,
              "function": "minecraft:set_count"
            }
          ],
          "name": "minecraft:cooked_chicken"
        },
        {
          "type": "minecraft:item",
          "functions": [
            {
              "add": false,
              "count": 12,
              "function": "minecraft:set_count"
            }
          ],
          "name": "minecraft:arrow"
        },
        {
          "type": "minecraft:item",
          "functions": [
            {
              "add": false,
              "count": 8,
              "function": "minecraft:set_count"
            }
          ],
          "name": "minecraft:emerald"
        }
      ]
    },
    {
      "rolls": 1,
      "bonus_rolls": 0.0,
      "entries": [
        {
          "type": "minecraft:empty",
          "weight": 80
        },
        {
          "type": "item",
          "name": "minecraft:sentry_armor_trim_smithing_template"
        }
      ]
    }
  ]
}