{
  "type": "minecraft:chest",
  "pools": [
    {
      "rolls": {
        "type": "minecraft:uniform",
        "max": 3,
        "min": 1
      },
      "bonus_rolls": 0.0,
      "entries": [
        {
          "type": "minecraft:item",
          "name": "minecraft:iron_axe",
          "functions": [
            {
              "add": false,
              "damage": {
                "type": "minecraft:uniform",
                "max": 0.2,
                "min": 0.1
              },
              "function": "minecraft:set_damage"
            },
            {
              "function": "minecraft:enchant_with_levels",
              "levels": {
                "type": "minecraft:uniform",
                "max": 10.0,
                "min": -5.0
              },
              "treasure": true
            }
          ]
        },
        {
          "type": "minecraft:item",
          "name": "minecraft:iron_pickaxe",
          "functions": [
            {
              "add": false,
              "damage": {
                "type": "minecraft:uniform",
                "max": 0.2,
                "min": 0.1
              },
              "function": "minecraft:set_damage"
            },
            {
              "function": "minecraft:enchant_with_levels",
              "levels": {
                "type": "minecraft:uniform",
                "max": 10.0,
                "min": -5.0
              },
              "treasure": true
            }
          ]
        },
        {
          "type": "minecraft:item",
          "name": "minecraft:bucket"
        },
        {
          "type": "minecraft:item",
          "name": "minecraft:shears",
          "functions": [
            {
              "add": false,
              "damage": {
                "type": "minecraft:uniform",
                "max": 0.2,
                "min": 0.1
              },
              "function": "minecraft:set_damage"
            }
          ]
        },
        {
          "type": "minecraft:item",
          "name": "minecraft:lava_bucket"
        }
      ]
    },
    {
      "rolls": 5,
      "bonus_rolls": 0.0,
      "entries": [
        {
          "type": "minecraft:item",
          "functions": [
            {
              "add": false,
              "count": {
                "type": "minecraft:uniform",
                "max": 16.0,
                "min": 10.0
              },
              "function": "minecraft:set_count"
            }
          ],
          "name": "minecraft:raw_gold"
        },
        {
          "type": "minecraft:item",
          "functions": [
            {
              "add": false,
              "count": {
                "type": "minecraft:uniform",
                "max": 16.0,
                "min": 10.0
              },
              "function": "minecraft:set_count"
            }
          ],
          "name": "minecraft:raw_iron"
        },
        {
          "type": "minecraft:item",
          "functions": [
            {
              "add": false,
              "count": {
                "type": "minecraft:uniform",
                "max": 10.0,
                "min": 6.0
              },
              "function": "minecraft:set_count"
            }
          ],
          "name": "minecraft:gold_ingot"
        },
        {
          "type": "minecraft:item",
          "functions": [
            {
              "add": false,
              "count": {
                "type": "minecraft:uniform",
                "max": 10.0,
                "min": 6.0
              },
              "function": "minecraft:set_count"
            }
          ],
          "name": "minecraft:iron_ingot"
        },
        {
          "type": "minecraft:item",
          "functions": [
            {
              "add": false,
              "count": {
                "type": "minecraft:uniform",
                "max": 24.0,
                "min": 12.0
              },
              "function": "minecraft:set_count"
            }
          ],
          "name": "minecraft:coal"
        }
      ]
    }
  ]
}