{
  "type": "minecraft:chest",
  "pools": [
    {
      "rolls": 1,
      "bonus_rolls": 0.0,
      "entries": [
        {
          "type": "minecraft:item",
          "name": "minecraft:iron_axe",
          "functions": [
            {
              "add": false,
              "damage": {
                "type": "minecraft:uniform",
                "max": 0.2,
                "min": 0.1
              },
              "function": "minecraft:set_damage"
            },
            {
              "function": "minecraft:enchant_with_levels",
              "levels": 10,
              "treasure": true
            }
          ]
        },
        {
          "type": "minecraft:item",
          "name": "minecraft:diamond_axe",
          "functions": [
            {
              "add": false,
              "damage": {
                "type": "minecraft:uniform",
                "max": 0.1,
                "min": 0.05
              },
              "function": "minecraft:set_damage"
            },
            {
              "function": "minecraft:enchant_with_levels",
              "levels": 20,
              "treasure": true
            }
          ]
        }
      ]
    },
    {
      "rolls": 8,
      "bonus_rolls": 0.0,
      "entries": [
        {
          "type": "minecraft:item",
          "functions": [
            {
              "add": false,
              "count": 2,
              "function": "minecraft:set_count"
            }
          ],
          "name": "minecraft:pumpkin"
        },
        {
          "type": "minecraft:item",
          "functions": [
            {
              "add": false,
              "count": 12,
              "function": "minecraft:set_count"
            }
          ],
          "name": "minecraft:dark_oak_log"
        },
        {
          "type": "minecraft:item",
          "functions": [
            {
              "add": false,
              "count": 16,
              "function": "minecraft:set_count"
            }
          ],
          "name": "minecraft:iron_ingot"
        },
        {
          "type": "minecraft:item",
          "functions": [
            {
              "add": false,
              "count": 12,
              "function": "minecraft:set_count"
            }
          ],
          "name": "minecraft:gold_ingot"
        },
        {
          "type": "minecraft:item",
          "functions": [
            {
              "add": false,
              "count": 10,
              "function": "minecraft:set_count"
            }
          ],
          "name": "minecraft:emerald"
        },
        {
          "type": "minecraft:item",
          "functions": [
            {
              "add": false,
              "count": 2,
              "function": "minecraft:set_count"
            }
          ],
          "name": "minecraft:lapis_lazuli"
        },
        {
          "type": "minecraft:item",
          "functions": [
            {
              "add": false,
              "count": 8,
              "function": "minecraft:set_count"
            }
          ],
          "name": "minecraft:red_candle"
        },
        {
          "type": "minecraft:item",
          "functions": [
            {
              "add": false,
              "count": 6,
              "function": "minecraft:set_count"
            }
          ],
          "name": "minecraft:dark_oak_sapling"
        },
        {
          "type": "minecraft:item",
          "name": "minecraft:jack_o_lantern"
        }
      ]
    },
    {
      "rolls": 1,
      "bonus_rolls": 0.0,
      "entries": [
        {
          "type": "minecraft:empty",
          "weight": 80
        },
        {
          "type": "item",
          "name": "minecraft:sentry_armor_trim_smithing_template"
        }
      ]
    }
  ]
}