{
  "parent": "easter_egg/root",
  "display": {
    "icon": {
      "item": "egg"
    },
    "title": {
      "translate": "adv.easter_egg.ee_1"
    },
    "description": "",
    "hidden": true,
    "announce_to_chat": false
  },
  "rewards": {
    "experience": 100,
    "function": "easter_eggs/ee/01"
  },
  "criteria": {
    "world_top": {
      "trigger": "tick",
      "conditions": {
        "player": {
          "location": {
            "position": {
              "y": {
                "min": 1200
              }
            }
          }
        }
      }
    }
  }
}
