{
    "display": {
        "icon": {
            "item": "egg"
        },
        "title": {
            "translate": "adv.easter_egg.ee_3"
        },
        "description": "",
        "hidden": true,
        "announce_to_chat": false
    },
    "parent": "easter_egg/ee_2",
    "rewards": {
        "experience": 100,
        "function": "easter_eggs/ee/03"
    },
    "criteria": {
        "creeper_head": {
            "trigger": "inventory_changed",
            "conditions": {
                "items": [
                    {
                        "items": [
                            "creeper_head"
                        ],
                        "nbt": "{IsEasterEgg:1}"
                    }
                ]
            }
        }
    }
}
