{
    "structory_towers:ancient_temple": "minecraft:deepslate_brick_wall",
    "structory_towers:engineer_tower": "minecraft:redstone_torch",
    "structory_towers:farmer_outpost": "minecraft:wheat",
    "structory_towers:foraging_outpost": "minecraft:dark_oak_fence",
    "structory_towers:great_toadstool": "minecraft:red_mushroom_block",
    "structory_towers:lighthouse": "minecraft:daylight_sensor",
    "structory_towers:mirage_outpost": "minecraft:red_sandstone_wall",
    "structory_towers:nomad_outpost": "minecraft:acacia_fence",
    "structory_towers:ocean_pillar": "minecraft:prismarine_wall",
    "structory_towers:overgrown_mangrove": "minecraft:mangrove_fence",
    "structory_towers:pillager_lookout": "minecraft:black_banner",
    "structory_towers:quarter_outpost": "minecraft:chain",
    "structory_towers:sacred_relic_temple": "minecraft:lantern",
    "structory_towers:small_firetower": "minecraft:fire_charge",
    "structory_towers:taiga_outpost": "minecraft:stone_brick_wall",
    "structory_towers:warped_greatsword": "minecraft:netherite_sword",
    "structory_towers:wizard_tower": "minecraft:enchanting_table",
    "structory_towers:end/end_tower": "minecraft:purpur_pillar",
    "structory_towers:nether/fortress_tower": "minecraft:nether_brick_wall",
    "structory_towers:nether/strange_outpost": "minecraft:polished_blackstone_wall",
    "structory_towers:nether/warped_outpost": "minecraft:warped_fence"
}