{
  "feature": {
    "type": "minecraft:random_selector",
    "config": {
      "features": [],
      "default": "terralith:cave/jungle/tree"
    }
  },
  "placement": [
    {
      "type": "minecraft:count_on_every_layer",
      "count": 24
    },
    {
      "type": "minecraft:surface_relative_threshold_filter",
      "heightmap": "OCEAN_FLOOR_WG",
      "min_inclusive": -1000,
      "max_inclusive": -10
    },
    {
      "type": "minecraft:biome"
    },
    {
      "type": "minecraft:block_predicate_filter",
      "predicate": {
        "type": "minecraft:matching_blocks",
        "offset": [
          0,
          3,
          0
        ],
        "blocks": "minecraft:air"
      }
    }
  ]
}
