{
    "display": {
        "icon": {
            "item": "bamboo"
        },
        "title": {
            "translate": "adv.biome.bamboo_jungle"
        },
        "description": {
            "translate": "adv.biome.bamboo_jungle.desc"
        }
    },
    "parent": "biome/sparse_jungle",
    "rewards": {
        "experience": 10
    },
    "criteria": {
        "bamboo_jungle": {
            "trigger": "tick",
            "conditions": {
                "player": {
                    "location": {
                        "biome": "bamboo_jungle"
                    }
                }
            }
        }
    }
}
