{
  "parent": "biome/world_center",
  "display": {
    "icon": {
      "item": "stone"
    },
    "title": {
      "translate": "adv.biome.bottom_of_the_world"
    },
    "description": {
      "translate": "adv.biome.bottom_of_the_world.desc"
    }
  },
  "rewards": {
    "experience": 25
  },
  "criteria": {
    "world_bottom": {
      "trigger": "tick",
      "conditions": {
        "player": {
          "location": {
            "position": {
              "y": {
                "max": -59
              }
            }
          }
        }
      }
    }
  }
}
