{
  "display": {
    "icon": {
      "item": "cherry_leaves"
    },
    "title": {
      "translate": "adv.biome.cherry_bomb"
    },
    "description": {
      "translate": "adv.biome.cherry_bomb.desc"
    },
    "frame": "goal"
  },
  "parent": "biome/cherry_grove",
  "criteria": {
    "requirement": {
      "trigger": "entity_hurt_player",
      "conditions": {
        "damage": {
          "type": {
            "is_explosion": true
          }
        },
        "player": {
          "location": {
            "biome": "cherry_grove"
          }
        }
      }
    }
  },
  "rewards": {
    "experience": 25
  }
}
