{
  "display": {
    "icon": {
      "item": "oak_log"
    },
    "title": {
      "translate": "adv.biome.flower_forest"
    },
    "description": {
      "translate": "adv.biome.flower_forest.desc"
    }
  },
  "parent": "biome/old_growth_birch_forest",
  "criteria": {
    "flower_forest": {
      "trigger": "tick",
      "conditions": {
        "player": {
          "location": {
            "biome": "flower_forest"
          }
        }
      }
    }
  },
  "rewards": {
    "experience": 20
  }
}
