{
    "display": {
        "icon": {
            "item": "jungle_sapling"
        },
        "title": {
            "translate": "adv.biome.jungle"
        },
        "description": {
            "translate": "adv.biome.jungle.desc"
        }
    },
    "parent": "biome/mountains",
    "rewards": {
        "experience": 15
    },
    "criteria": {
        "jungle": {
            "trigger": "tick",
            "conditions": {
                "player": {
                    "location": {
                        "biome": "jungle"
                    }
                }
            }
        }
    }
}
