{
    "display": {
        "icon": {
            "item": "mangrove_log"
        },
        "title": {
            "translate": "adv.biome.mangrove_swamp"
        },
        "description": {
            "translate": "adv.biome.mangrove_swamp.desc"
        }
    },
    "parent": "biome/jungle",
    "rewards": {
        "experience": 20
    },
    "criteria": {
        "mangrove_swamp": {
            "trigger": "tick",
            "conditions": {
                "player": {
                    "location": {
                        "biome": "mangrove_swamp"
                    }
                }
            }
        }
    }
}
