{
    "display": {
        "icon": {
            "item": "cobblestone"
        },
        "title": {
            "translate": "adv.biome.mountains"
        },
        "description": {
            "translate": "adv.biome.mountains.desc"
        }
    },
    "parent": "biome/root",
    "rewards": {
        "experience": 15
    },
    "criteria": {
        "mountains": {
            "trigger": "tick",
            "conditions": {
                "player": {
                    "location": {
                        "biome": "windswept_hills"
                    }
                }
            }
        }
    }
}
