{
  "parent": "biome/root",
  "display": {
    "icon": {
      "item": "leather_boots"
    },
    "title": {
      "translate": "adv.biome.mountain_biomes"
    },
    "description": {
      "translate": "adv.biome.mountain_biomes.desc"
    },
    "frame": "goal"
  },
  "rewards": {
    "experience": 60
  },
  "criteria": {
    "frozen_peaks": {
      "trigger": "tick",
      "conditions": {
        "player": {
          "location": {
            "biome": "frozen_peaks"
          }
        }
      }
    },
    "jagged_peaks": {
      "trigger": "tick",
      "conditions": {
        "player": {
          "location": {
            "biome": "jagged_peaks"
          }
        }
      }
    },
    "windswept_gravelly_hills": {
      "trigger": "tick",
      "conditions": {
        "player": {
          "location": {
            "biome": "windswept_gravelly_mountains"
          }
        }
      }
    },
    "grove": {
      "trigger": "tick",
      "conditions": {
        "player": {
          "location": {
            "biome": "grove"
          }
        }
      }
    },
    "stony_peaks": {
      "trigger": "tick",
      "conditions": {
        "player": {
          "location": {
            "biome": "stony_peaks"
          }
        }
      }
    },
    "meadow": {
      "trigger": "tick",
      "conditions": {
        "player": {
          "location": {
            "biome": "meadow"
          }
        }
      }
    },
    "mountains": {
      "trigger": "tick",
      "conditions": {
        "player": {
          "location": {
            "biome": "windswept_hills"
          }
        }
      }
    },
    "snowy_slopes": {
      "trigger": "tick",
      "conditions": {
        "player": {
          "location": {
            "biome": "snowy_slopes"
          }
        }
      }
    },
    "windswept_forest": {
      "trigger": "tick",
      "conditions": {
        "player": {
          "location": {
            "biome": "windswept_forest"
          }
        }
      }
    }
  }
}