{
  "display": {
    "icon": {
      "item": "spruce_log"
    },
    "title": {
      "translate": "adv.biome.old_growth_pine_taiga"
    },
    "description": {
      "translate": "adv.biome.old_growth_pine_taiga.desc"
    }
  },
  "parent": "biome/windswept_savanna",
  "criteria": {
    "old_growth_pine_taiga": {
      "trigger": "tick",
      "conditions": {
        "player": {
          "location": {
            "biome": "old_growth_pine_taiga"
          }
        }
      }
    }
  },
  "rewards": {
    "experience": 10
  }
}
