{
  "display": {
    "icon": {
      "item": "scaffolding"
    },
    "title": {
      "translate": "adv.biome.scaffolding"
    },
    "description": {
      "translate": "adv.biome.scaffolding.desc"
    },
    "frame": "challenge"
  },
  "parent": "biome/world_top",
  "criteria": {
    "height": {
      "trigger": "placed_block",
      "conditions": {
        "block": "scaffolding",
        "location": {
          "position": {
            "y": 319
          }
        }
      }
    }
  },
  "rewards": {
    "experience": 200
  }
}
