{
    "display": {
        "icon": {
            "item": "snow_block"
        },
        "title": {
            "translate": "adv.biome.snowy_biomes"
        },
        "description": {
            "translate": "adv.biome.snowy_biomes.desc"
        },
        "frame": "goal"
    },
    "parent": "biome/forest_biomes",
    "rewards": {
        "experience": 50
    },
    "criteria": {
        "snowy_plains": {
            "trigger": "tick",
            "conditions": {
                "player": {
                    "location": {
                        "biome": "snowy_plains"
                    }
                }
            }
        },
        "snowy_taiga": {
            "trigger": "tick",
            "conditions": {
                "player": {
                    "location": {
                        "biome": "snowy_taiga"
                    }
                }
            }
        },
        "snowy_beach": {
            "trigger": "tick",
            "conditions": {
                "player": {
                    "location": {
                        "biome": "snowy_beach"
                    }
                }
            }
        },
        "frozen_river": {
            "trigger": "tick",
            "conditions": {
                "player": {
                    "location": {
                        "biome": "frozen_river"
                    }
                }
            }
        }
    }
}
