{
  "display": {
    "icon": {
      "item": "coarse_dirt"
    },
    "title": {
      "translate": "adv.biome.windswept_savanna"
    },
    "description": {
      "translate": "adv.biome.windswept_savanna.desc"
    }
  },
  "parent": "biome/bamboo_jungle",
  "criteria": {
    "shattered_savanna": {
      "trigger": "tick",
      "conditions": {
        "player": {
          "location": {
            "biome": "windswept_savanna"
          }
        }
      }
    }
  },
  "rewards": {
    "experience": 25
  }
}
