{
  "type": "minecraft:entity",
  "pools": [
    {
      "rolls": 1,
      "entries": [
        {
          "type": "minecraft:item",
          "name": "minecraft:angler_pottery_sherd"
        },
        {
          "type": "minecraft:item",
          "name": "minecraft:shelter_pottery_sherd"
        },
        {
          "type": "minecraft:item",
          "name": "minecraft:snort_pottery_sherd"
        }
      ]
    }
  ],
  "random_sequence": "tcc:gameplay/fishing_pottery_sherds/warm_ocean_ruin"
}
