{
  "type": "minecraft:chest",
  "pools": [
    {
      "rolls": 1,
      "entries": [
        {
          "type": "minecraft:item",
          "name": "minecraft:written_book",
          "functions": [
            {
              "function": "minecraft:set_nbt",
              "tag": "{pages:['{\"translate\": \"incendium.book.investigations.page1\", \"fallback\": \"\u00a7kVvvvvvvvvvv vvv\u00a7r strange \u00a7kvvv\u00a7r pipes. \u00a7kVvvvv\u00a7r not known \u00a7kvvv\u00a7r built \u00a7kvvvv vvv\u00a7r with \u00a7kvvvvvvvvsdbdsdg: vvvvvv\u00a7r\n\n\u00a7kIt seems that the\u00a7r blaz\u00a7kes there are fuelled by fall\u00a7ren souls,\n\u00a7kand their\u00a7r atta\u00a7kcks move at an incredible\u00a7r speed.\"}'],title:\"§kInvestigations\",author:\"§kThe Ancients\",generation:3}"
            }
          ]
        }
      ]
    },
    {
      "rolls": 1,
      "entries": [
        {
          "type": "minecraft:item",
          "name": "minecraft:enchanted_book",
          "functions": [
            {
              "function": "minecraft:set_nbt",
              "tag": "{StoredEnchantments:[{id:\"mending\",lvl:1}]}"
            }
          ]
        }
      ],
      "conditions": [
        {
          "condition": "minecraft:random_chance",
          "chance": 1
        }
      ]
    },
    {
      "rolls": {
        "min": 2,
        "max": 8
      },
      "entries": [
        {
          "type": "minecraft:item",
          "weight": 20,
          "name": "minecraft:book",
          "functions": [
            {
              "function": "minecraft:set_count",
              "count": {
                "min": 1,
                "max": 3
              }
            }
          ]
        },
        {
          "type": "minecraft:item",
          "weight": 20,
          "name": "minecraft:paper",
          "functions": [
            {
              "function": "minecraft:set_count",
              "count": {
                "min": 2,
                "max": 7
              }
            }
          ]
        },
        {
          "type": "minecraft:item",
          "weight": 10,
          "name": "minecraft:compass"
        },
        {
          "type": "minecraft:item",
          "weight": 10,
          "name": "minecraft:piglin_banner_pattern"
        },
        {
          "type": "minecraft:item",
          "weight": 10,
          "name": "minecraft:book",
          "functions": [
            {
              "function": "minecraft:enchant_with_levels",
              "levels": 30,
              "treasure": true
            }
          ]
        },
        {
          "type": "minecraft:item",
          "weight": 10,
          "name": "minecraft:netherite_upgrade_smithing_template",
          "functions": [
            {
              "function": "minecraft:set_count",
              "count": {
                "min": 1,
                "max": 2
              }
            }
          ]
        }
      ]
    }
  ]
}
