{
  "pools": [
    {
      "rolls": 1,
      "entries": [
        {
          "type": "minecraft:item",
          "name": "minecraft:chain",
          "weight": 10
        },
        {
          "type": "minecraft:item",
          "name": "minecraft:soul_lantern",
          "weight": 6
        },
        {
          "type": "minecraft:item",
          "name": "minecraft:bone",
          "weight": 8
        },
        {
          "type": "minecraft:item",
          "name": "minecraft:gunpowder",
          "weight": 8
        },
        {
          "type": "minecraft:item",
          "name": "minecraft:bone_block",
          "weight": 5
        },
        {
          "type": "minecraft:item",
          "name": "minecraft:nether_brick",
          "weight": 14
        },
        {
          "type": "minecraft:item",
          "name": "minecraft:quartz",
          "weight": 7
        },
        {
          "type": "minecraft:item",
          "name": "minecraft:stone_shovel",
          "weight": 1
        },
        {
          "type": "minecraft:item",
          "name": "minecraft:stone_axe",
          "weight": 1
        },
        {
          "type": "minecraft:item",
          "name": "minecraft:stone_pickaxe",
          "weight": 1
        },
        {
          "type": "minecraft:item",
          "name": "minecraft:stone_hoe",
          "weight": 1
        },
        {
          "type": "minecraft:item",
          "name": "minecraft:stone_sword",
          "weight": 1
        },
        {
          "type": "minecraft:item",
          "name": "minecraft:coal",
          "weight": 8
        },
        {
          "type": "minecraft:item",
          "name": "minecraft:saddle",
          "weight": 2
        },
        {
          "type": "minecraft:item",
          "name": "minecraft:warped_fungus_on_a_stick",
          "weight": 2
        }
      ]
    }
  ],
  "random_sequence": "tcc:archaeology/refuge_remains/common"
}