{
  "pools": [
    {
      "rolls": 1,
      "entries": [
        {
          "type": "minecraft:item",
          "weight": 1,
          "functions": [
            {
              "function": "set_nbt",
              "tag": "{tcc:{id:\"amethyst_dust\"},CustomModelData:330000}"
            },
            {
              "function": "minecraft:set_name",
              "name": {
                "translate": "item.tcc.amethyst_dust",
                "color": "white",
                "italic": false
              }
            },
            {
              "function": "set_lore",
              "lore": [
                {
                  "translate": "pack.tcc",
                  "color": "#008725",
                  "italic": true
                }
              ]
            }
          ],
          "name": "minecraft:glistering_melon_slice"
        }
      ]
    }
  ],
  "random_sequence": "tcc:items/amethyst_dust"
}
