{
  "pools": [
    {
      "rolls": 1,
      "entries": [
        {
          "type": "minecraft:item",
          "weight": 1,
          "functions": [
            {
              "function": "minecraft:set_nbt",
              "tag": "{HideFlags:2,tcc:{id:\"apple_pie_slice\"},manic:{sanity:\"neutral\"},CustomModelData:330004}"
            },
            {
              "function": "minecraft:set_name",
              "name": {
                "translate": "item.tcc.apple_pie_slice",
                "italic": false
              }
            },
            {
              "function": "minecraft:set_lore",
              "lore": [
                {
                  "translate": "pack.tcc",
                  "color": "#008725",
                  "italic": true
                }
              ]
            },
            {
              "function": "minecraft:set_attributes",
              "modifiers": [
                {
                  "attribute": "generic.movement_speed",
                  "name": "generic.movement_speed",
                  "amount": 0,
                  "operation": "multiply_base",
                  "slot": [
                    "head"
                  ]
                }
              ]
            }
          ],
          "name": "minecraft:bread"
        }
      ]
    }
  ],
  "random_sequence": "tcc:items/apple_pie_slice"
}