{
  "pools": [
    {
      "rolls": 1,
      "entries": [
        {
          "type": "minecraft:item",
          "weight": 1,
          "functions": [
            {
              "function": "set_nbt",
              "tag": "{EntityTag:{ShowArms:1b,Tags:[\"tcc.armor_stand_with_arms\"]},tcc:{id:\"armor_stand_with_arms\"},CustomModelData:330000}"
            },
            {
              "function": "set_lore",
              "lore": [
                {
                  "translate": "pack.tcc",
                  "color": "#008725",
                  "italic": true
                }
              ]
            }
          ],
          "name": "minecraft:armor_stand"
        }
      ]
    }
  ],
  "random_sequence": "tcc:items/armor_stand_with_arms"
}
