{
  "pools": [
    {
      "rolls": 1,
      "entries": [
        {
          "type": "minecraft:item",
          "weight": 10,
          "functions": [
            {
              "function": "minecraft:set_stew_effect",
              "effects": [
                {
                  "type": "minecraft:levitation",
                  "duration": 10
                }
              ]
            }
          ],
          "name": "minecraft:suspicious_stew"
        }
      ]
    }
  ],
  "random_sequence": "tcc:items/chorus_flower_suspicious_stew"
}
