{
  "display": {
    "icon": {
      "item": "minecraft:phantom_membrane"
    },
    "title": "Up!",
    "description": "Eat stew from a Levitation Cow",
    "frame": "task",
    "show_toast": true,
    "announce_to_chat": true,
    "hidden": false
  },
  "parent": "mt:treasure_advancements/first_epic_mushroom_treasure",
  "criteria": {
    "requirement": {
      "trigger": "minecraft:consume_item",
      "conditions": {
        "item": {
          "nbt": "{Effects:[{EffectDuration:6001,EffectId:25}]}"
        }
      }
    }
  }
}
