{
  "display": {
    "icon": {
      "item": "minecraft:mushroom_stem"
    },
    "title": "Boing!",
    "description": "Obtain The Mushroom Shield",
    "frame": "challenge",
    "show_toast": true,
    "announce_to_chat": true,
    "hidden": false
  },
  "parent": "mt:treasure_advancements/first_legendary_mushroom_treasure",
  "criteria": {
    "obtainchest": {
      "trigger": "minecraft:inventory_changed",
      "conditions": {
        "items": [
          {
            "items": [
              "minecraft:shield"
            ],
            "nbt": "{weapon:mushroomshield}"
          }
        ]
      }
    }
  }
}
