{
  "pools": [
    {
      "rolls": 1,
      "entries": [
        {
          "type": "item",
          "name": "minecraft:emerald",
          "functions": [
            {
              "function": "set_count",
              "count": {
                "min": 20,
                "max": 30
              }
            }
          ]
        }
      ]
    },
    {
      "rolls": 1,
      "entries": [
        {
          "type": "item",
          "name": "minecraft:compass"
        }
      ]
    }
  ],
  "random_sequence": "tcc:gameplay/trades/cartographer/trade_1/buy"
}
