{
  "parent": "tcc:technical/root",
  "criteria": {
    "killed_elder_guardian": {
      "trigger": "minecraft:player_killed_entity",
      "conditions": {
        "entity": [
          {
            "condition": "minecraft:entity_properties",
            "entity": "this",
            "predicate": {
              "type": "minecraft:elder_guardian"
            }
          }
        ]
      }
    },
    "killed_geomancer": {
      "trigger": "minecraft:player_killed_entity",
      "conditions": {
        "entity": [
          {
            "condition": "minecraft:entity_properties",
            "entity": "this",
            "predicate": {
              "nbt": "{Tags:[\"tcc.geomancer\"]}"
            }
          }
        ]
      }
    }
  },
  "requirements": [
    [
      "killed_elder_guardian",
      "killed_geomancer"
    ]
  ],
  "rewards": {
    "function": "tcc:entity/player/mining_fatigue/clear"
  }
}