{
  "display": {
    "icon": {
      "item": "minecraft:nether_quartz_ore"
    },
    "title": "Self-Sacrifice",
    "description": "Consume a Nether Potion",
    "frame": "task",
    "show_toast": true,
    "announce_to_chat": true,
    "hidden": false
  },
  "parent": "mt:treasure_advancements/first_epic_nether_treasure",
  "criteria": {
    "requirement": {
      "trigger": "minecraft:consume_item",
      "conditions": {
        "item": {
          "nbt": "{food:netherp}"
        }
      }
    }
  }
}
