{
  "display": {
    "icon": {
      "item": "minecraft:blaze_rod"
    },
    "title": "The Defiant One",
    "description": "Obtain The Nether Leggings",
    "frame": "challenge",
    "show_toast": true,
    "announce_to_chat": true,
    "hidden": true
  },
  "parent": "mt:treasure_advancements/first_legendary_nether_treasure",
  "criteria": {
    "obtainchest": {
      "trigger": "minecraft:inventory_changed",
      "conditions": {
        "items": [
          {
            "items": [
              "minecraft:leather_leggings"
            ],
            "nbt": "{armor:nether_leggings}"
          }
        ]
      }
    }
  }
}
