{
  "display": {
    "icon": {
      "item": "minecraft:stone_sword"
    },
    "title": "Wither Skeleton Clone",
    "description": "Find the Wither Sword",
    "frame": "task",
    "show_toast": true,
    "announce_to_chat": true,
    "hidden": false
  },
  "parent": "mt:treasure_advancements/first_epic_nether_treasure",
  "criteria": {
    "obtainchest": {
      "trigger": "minecraft:inventory_changed",
      "conditions": {
        "items": [
          {
            "items": [
              "minecraft:stone_sword"
            ],
            "nbt": "{weapon:wither_sword}"
          }
        ]
      }
    }
  }
}
