{
  "display": {
    "icon": {
      "item": "minecraft:pumpkin_pie"
    },
    "title": "Grandmother's Pie",
    "description": "Consume a Flower Pie",
    "frame": "task",
    "show_toast": true,
    "announce_to_chat": true,
    "hidden": false
  },
  "parent": "mt:treasure_advancements/first_rare_flower_treasure",
  "criteria": {
    "requirement": {
      "trigger": "minecraft:consume_item",
      "conditions": {
        "item": {
          "nbt": "{food:mt.flower_pie}"
        }
      }
    }
  }
}
