{
  "parent": "tcc:recipes/root",
  "rewards": {
    "recipes": [
      "tcc:nbt/fungal_stew"
    ]
  },
  "criteria": {
    "has_crimson_fungus": {
      "trigger": "minecraft:inventory_changed",
      "conditions": {
        "items": [
          {
            "items": [
              "minecraft:crimson_fungus"
            ]
          }
        ]
      }
    },
    "has_warped_fungus": {
      "trigger": "minecraft:inventory_changed",
      "conditions": {
        "items": [
          {
            "items": [
              "minecraft:warped_fungus"
            ]
          }
        ]
      }
    },
    "has_the_recipe": {
      "trigger": "minecraft:recipe_unlocked",
      "conditions": {
        "recipe": "tcc:nbt/fungal_stew"
      }
    }
  },
  "requirements": [
    [
      "has_crimson_fungus",
      "has_warped_fungus",
      "has_the_recipe"
    ]
  ]
}