{
  "parent": "tcc:recipes/root",
  "rewards": {
    "recipes": [
      "tcc:nbt/nether_reactor_core"
    ]
  },
  "criteria": {
    "has_nether_star": {
      "trigger": "minecraft:inventory_changed",
      "conditions": {
        "items": [
          {
            "items": [
              "minecraft:nether_star"
            ]
          }
        ]
      }
    },
    "has_the_recipe": {
      "trigger": "minecraft:recipe_unlocked",
      "conditions": {
        "recipe": "tcc:nbt/nether_reactor"
      }
    }
  },
  "requirements": [
    [
      "has_nether_star",
      "has_the_recipe"
    ]
  ]
}
