{
  "parent": "tcc:recipes/root",
  "rewards": {
    "recipes": [
      "tcc:nbt/tangling_pearl"
    ]
  },
  "criteria": {
    "has_twisting_vines": {
      "trigger": "minecraft:inventory_changed",
      "conditions": {
        "items": [
          {
            "items": [
              "minecraft:twisting_vines"
            ]
          }
        ]
      }
    },
    "has_the_recipe": {
      "trigger": "minecraft:recipe_unlocked",
      "conditions": {
        "recipe": "tcc:nbt/tangling_pearl"
      }
    }
  },
  "requirements": [
    [
      "has_twisting_vines",
      "has_the_recipe"
    ]
  ]
}
