{
  "parent": "tcc:recipes/root",
  "rewards": {
    "recipes": [
      "tcc:nbt/weeping_eye"
    ]
  },
  "criteria": {
    "has_ghast_tear": {
      "trigger": "minecraft:inventory_changed",
      "conditions": {
        "items": [
          {
            "items": [
              "minecraft:ghast_tear"
            ]
          }
        ]
      }
    },
    "has_the_recipe": {
      "trigger": "minecraft:recipe_unlocked",
      "conditions": {
        "recipe": "tcc:nbt/weeping_eye"
      }
    }
  },
  "requirements": [
    [
      "has_ghast_tear",
      "has_the_recipe"
    ]
  ]
}
