{
	"name": "minecraft:nether_fortress/nether_fortress_wall",
  "elements": [
    {
      "element": {
        "element_type": "minecraft:single_pool_element",
        "location": "minecraft:nether_fortress/wall/nether_fortress_exit",
        "processors": "minecraft:nether_fortress_generic_degradation",
        "projection": "rigid"
      },
      "weight": 1
    },
	{
      "element": {
        "element_type": "minecraft:single_pool_element",
        "location": "minecraft:nether_fortress/wall/nether_fortress_no_exit",
        "processors": "minecraft:nether_fortress_generic_degradation",
        "projection": "rigid"
      },
      "weight": 1
    },
	{
      "element": {
        "element_type": "minecraft:single_pool_element",
        "location": "minecraft:nether_fortress/wall/nether_fortress_wall_down1_a",
        "processors": "minecraft:nether_fortress_generic_degradation",
        "projection": "rigid"
      },
      "weight": 1
    },
	{
      "element": {
        "element_type": "minecraft:single_pool_element",
        "location": "minecraft:nether_fortress/wall/nether_fortress_wall_down1_b",
        "processors": "minecraft:nether_fortress_generic_degradation",
        "projection": "rigid"
      },
      "weight": 1
    },
	{
      "element": {
        "element_type": "minecraft:single_pool_element",
        "location": "minecraft:nether_fortress/wall/nether_fortress_wall_top1_a",
        "processors": "minecraft:nether_fortress_generic_degradation",
        "projection": "rigid"
      },
      "weight": 1
    },
	{
      "element": {
        "element_type": "minecraft:single_pool_element",
        "location": "minecraft:nether_fortress/wall/nether_fortress_wall_top1_b",
        "processors": "minecraft:nether_fortress_generic_degradation",
        "projection": "rigid"
      },
      "weight": 1
    },
	{
      "element": {
        "element_type": "minecraft:single_pool_element",
        "location": "minecraft:nether_fortress/wall/nether_fortress_wall_down2_a",
        "processors": "minecraft:nether_fortress_generic_degradation",
        "projection": "rigid"
      },
      "weight": 1
    },
	{
      "element": {
        "element_type": "minecraft:single_pool_element",
        "location": "minecraft:nether_fortress/wall/nether_fortress_wall_down2_b",
        "processors": "minecraft:nether_fortress_generic_degradation",
        "projection": "rigid"
      },
      "weight": 1
    },
	{
      "element": {
        "element_type": "minecraft:single_pool_element",
        "location": "minecraft:nether_fortress/wall/nether_fortress_wall_top2_a",
        "processors": "minecraft:nether_fortress_generic_degradation",
        "projection": "rigid"
      },
      "weight": 1
    },
	{
      "element": {
        "element_type": "minecraft:single_pool_element",
        "location": "minecraft:nether_fortress/wall/nether_fortress_wall_top2_b",
        "processors": "minecraft:nether_fortress_generic_degradation",
        "projection": "rigid"
      },
      "weight": 1
    },
	{
      "element": {
        "element_type": "minecraft:single_pool_element",
        "location": "minecraft:nether_fortress/wall/nether_fortress_wall_down3_a",
        "processors": "minecraft:nether_fortress_generic_degradation",
        "projection": "rigid"
      },
      "weight": 1
    },
	{
      "element": {
        "element_type": "minecraft:single_pool_element",
        "location": "minecraft:nether_fortress/wall/nether_fortress_wall_down3_b",
        "processors": "minecraft:nether_fortress_generic_degradation",
        "projection": "rigid"
      },
      "weight": 1
    },
	{
      "element": {
        "element_type": "minecraft:single_pool_element",
        "location": "minecraft:nether_fortress/wall/nether_fortress_wall_top3_a",
        "processors": "minecraft:nether_fortress_generic_degradation",
        "projection": "rigid"
      },
      "weight": 1
    },
	{
      "element": {
        "element_type": "minecraft:single_pool_element",
        "location": "minecraft:nether_fortress/wall/nether_fortress_wall_top3_b",
        "processors": "minecraft:nether_fortress_generic_degradation",
        "projection": "rigid"
      },
      "weight": 1
    }
  ],
  "fallback": "minecraft:empty"
}