{
  "pools": [
    {
      "rolls": 1,
      "entries": [
        {
          "type": "item",
          "name": "minecraft:emerald",
          "functions": [
            {
              "function": "set_count",
              "count": 5
            }
          ]
        }
      ]
    },
    {
      "rolls": 1,
      "entries": [
        {
          "type": "minecraft:item",
          "name": "minecraft:tadpole_bucket",
          "weight": 2
        },
        {
          "type": "minecraft:item",
          "name": "minecraft:axolotl_bucket",
          "weight": 2
        },
        {
          "type": "minecraft:item",
          "name": "minecraft:cod_bucket",
          "weight": 1
        },
        {
          "type": "minecraft:item",
          "name": "minecraft:salmon_bucket",
          "weight": 1
        },
        {
          "type": "minecraft:item",
          "name": "minecraft:tropical_fish_bucket",
          "weight": 1
        },
        {
          "type": "minecraft:item",
          "name": "minecraft:pufferfish_bucket",
          "weight": 2
        },
        {
          "type": "minecraft:loot_table",
          "name": "tcc:items/snail_bucket",
          "weight": 3
        }
      ]
    }
  ]
}