{
  "display": {
    "icon": {
      "item": "minecraft:chain_command_block"
    },
    "title": "YOU WON'T BELIEVE THIS",
    "description": "Find 50 Legendary Treasure!",
    "frame": "goal",
    "show_toast": true,
    "announce_to_chat": true,
    "hidden": true
  },
  "parent": "mt:treasure_advancements/25_legendary_treasure",
  "criteria": {
    "obtainchest": {
      "trigger": "minecraft:tick",
      "conditions": {
        "player": [
          {
            "condition": "minecraft:entity_scores",
            "entity": "this",
            "scores": {
              "mt.legendary_count": {
                "min": 50
              }
            }
          }
        ]
      }
    }
  }
}
