{
  "display": {
    "icon": {
      "item": "minecraft:spruce_log"
    },
    "title": "What Did The Fox Say?",
    "description": "Find your first Rare Taiga Treasure!",
    "frame": "task",
    "show_toast": true,
    "announce_to_chat": true,
    "hidden": false
  },
  "parent": "mt:treasure_advancements/first_common_taiga_treasure",
  "criteria": {
    "obtainchest": {
      "trigger": "minecraft:player_generates_container_loot",
      "conditions": {
        "loot_table": "mt:chests/taiga_treasure/taiga_rare_treasure"
      }
    }
  }
}
