{
  "display": {
    "icon": {
      "item": "minecraft:end_stone"
    },
    "title": "The Beginning Of The End",
    "description": "Find your first Common End Treasure!",
    "frame": "task",
    "show_toast": true,
    "announce_to_chat": true,
    "hidden": false
  },
  "parent": "mt:treasure_advancements/first_common_treasure",
  "criteria": {
    "obtainchest": {
      "trigger": "minecraft:player_generates_container_loot",
      "conditions": {
        "loot_table": "mt:chests/end_treasure/end_common_treasure"
      }
    }
  }
}
