{
  "display": {
    "icon": {
      "item": "minecraft:jungle_sapling"
    },
    "title": "The Bear Necessities",
    "description": "Find your first Common Jungle Treasure!",
    "frame": "task",
    "show_toast": true,
    "announce_to_chat": true,
    "hidden": false
  },
  "parent": "mt:treasure_advancements/first_common_treasure",
  "criteria": {
    "obtainchest": {
      "trigger": "minecraft:player_generates_container_loot",
      "conditions": {
        "loot_table": "mt:chests/jungle_treasure/jungle_common_treasure"
      }
    }
  }
}
