{
  "display": {
    "icon": {
      "item": "minecraft:dragon_egg"
    },
    "title": "Finally, I Freed Myself",
    "description": "Find your first Legendary End Treasure!",
    "frame": "challenge",
    "show_toast": true,
    "announce_to_chat": true,
    "hidden": false
  },
  "parent": "mt:treasure_advancements/first_epic_end_treasure",
  "criteria": {
    "obtainchest": {
      "trigger": "minecraft:player_generates_container_loot",
      "conditions": {
        "loot_table": "mt:chests/end_treasure/end_legendary_treasure"
      }
    }
  }
}
