{
  "display": {
    "icon": {
      "item": "minecraft:firework_rocket"
    },
    "title": "The Good Times Of Ol' Chernobyl",
    "description": "Find your first Legendary Badlands Treasure!",
    "frame": "challenge",
    "show_toast": true,
    "announce_to_chat": true,
    "hidden": false
  },
  "parent": "mt:treasure_advancements/first_epic_badlands_treasure",
  "criteria": {
    "obtainchest": {
      "trigger": "minecraft:player_generates_container_loot",
      "conditions": {
        "loot_table": "mt:chests/badlands_treasure/badlands_legendary_treasure"
      }
    }
  }
}
