{
  "feature": "terralith:swamp/vanilla/swamp_detail",
  "placement": [
    {
      "type": "minecraft:count",
      "count": 188
    },
    {
      "type": "minecraft:in_square"
    },
    {
      "type": "minecraft:noise_based_count",
      "noise_factor": 80,
      "noise_offset": 0.6,
      "noise_to_count_ratio": 4
    },
    {
      "type": "minecraft:rarity_filter",
      "chance": 40
    },
    {
      "type": "minecraft:heightmap",
      "heightmap": "WORLD_SURFACE_WG"
    },
    {
      "type": "minecraft:biome"
    }
  ]
}