{
  "display": {
    "icon": {
      "item": "lime_terracotta"
    },
    "title": {
      "translate": "adv.dimension.all_structures"
    },
    "description": {
      "translate": "adv.dimension.all_structures.desc"
    },
    "frame": "challenge"
  },
  "parent": "dimension/all_structure_plains",
  "criteria": {
    "ancient_city": {
      "trigger": "tick",
      "conditions": {
        "player": {
          "location": {
            "structure": "all_structures/ancient_city"
          }
        }
      }
    },
    "bastion_bridge": {
      "trigger": "tick",
      "conditions": {
        "player": {
          "location": {
            "structure": "all_structures/bastion_bridge"
          }
        }
      }
    },
    "bastion_hoglin_stable": {
      "trigger": "tick",
      "conditions": {
        "player": {
          "location": {
            "structure": "all_structures/bastion_hoglin_stable"
          }
        }
      }
    },
    "bastion_treasure": {
      "trigger": "tick",
      "conditions": {
        "player": {
          "location": {
            "structure": "all_structures/bastion_treasure"
          }
        }
      }
    },
    "bastion_units": {
      "trigger": "tick",
      "conditions": {
        "player": {
          "location": {
            "structure": "all_structures/bastion_units"
          }
        }
      }
    },
    "creeper_deep_hole_no_treasure": {
      "trigger": "tick",
      "conditions": {
        "player": {
          "location": {
            "structure": "all_structures/creeper_deep_hole_no_treasure"
          }
        }
      }
    },
    "creeper_deep_hole_treasure": {
      "trigger": "tick",
      "conditions": {
        "player": {
          "location": {
            "structure": "all_structures/creeper_deep_hole_treasure"
          }
        }
      }
    },
    "creeper_village": {
      "trigger": "tick",
      "conditions": {
        "player": {
          "location": {
            "structure": "all_structures/creeper_village"
          }
        }
      }
    },
    "desert_pyramid": {
      "trigger": "tick",
      "conditions": {
        "player": {
          "location": {
            "structure": "all_structures/desert_pyramid"
          }
        }
      }
    },
    "end_city": {
      "trigger": "tick",
      "conditions": {
        "player": {
          "location": {
            "structure": "all_structures/end_city"
          }
        }
      }
    },
    "fortress": {
      "trigger": "tick",
      "conditions": {
        "player": {
          "location": {
            "structure": "all_structures/fortress"
          }
        }
      }
    },
    "igloo": {
      "trigger": "tick",
      "conditions": {
        "player": {
          "location": {
            "structure": "all_structures/igloo"
          }
        }
      }
    },
    "jungle_pyramid": {
      "trigger": "tick",
      "conditions": {
        "player": {
          "location": {
            "structure": "all_structures/jungle_pyramid"
          }
        }
      }
    },
    "mansion": {
      "trigger": "tick",
      "conditions": {
        "player": {
          "location": {
            "structure": "all_structures/mansion"
          }
        }
      }
    },
    "pillager_outpost": {
      "trigger": "tick",
      "conditions": {
        "player": {
          "location": {
            "structure": "all_structures/pillager_outpost"
          }
        }
      }
    },
    "ruined_portal": {
      "trigger": "tick",
      "conditions": {
        "player": {
          "location": {
            "structure": "all_structures/ruined_portal"
          }
        }
      }
    },
    "stronghold": {
      "trigger": "tick",
      "conditions": {
        "player": {
          "location": {
            "structure": "all_structures/stronghold"
          }
        }
      }
    },
    "swamp_hut": {
      "trigger": "tick",
      "conditions": {
        "player": {
          "location": {
            "structure": "all_structures/swamp_hut"
          }
        }
      }
    },
    "village": {
      "trigger": "tick",
      "conditions": {
        "player": {
          "location": {
            "structure": "all_structures/village"
          }
        }
      }
    }
  },
  "rewards": {
    "experience": 2000
  }
}