{
  "parent": "dimension/root",
  "display": {
    "icon": {
      "item": "end_portal_frame"
    },
    "title": {
      "translate": "adv.dimension.all_dimensions"
    },
    "description": {
      "translate": "adv.dimension.all_dimensions.desc"
    },
    "frame": "goal"
  },
  "rewards": {
    "experience": 150
  },
  "criteria": {
    "end": {
      "trigger": "changed_dimension",
      "conditions": {
        "to": "the_end"
      }
    },
    "nether": {
      "trigger": "changed_dimension",
      "conditions": {
        "to": "the_nether"
      }
    },
    "creeper_world": {
      "trigger": "changed_dimension",
      "conditions": {
        "to": "creeper_dimension"
      }
    },
    "creeper_checkerboard": {
      "trigger": "changed_dimension",
      "conditions": {
        "to": "creeper_checkerboard"
      }
    }
  }
}