{
  "display": {
    "icon": {
      "item": "polished_blackstone_bricks"
    },
    "title": {
      "translate": "adv.dimension.creeper_bastion_all"
    },
    "description": {
      "translate": "adv.dimension.creeper_bastion_all.desc"
    },
    "frame": "goal"
  },
  "parent": "dimension/creeper_village_creeper",
  "criteria": {
    "bastion_bridge": {
      "trigger": "tick",
      "conditions": {
        "player": {
          "location": {
            "structure": "all_structures/bastion_bridge"
          }
        }
      }
    },
    "bastion_hoglin_stable": {
      "trigger": "tick",
      "conditions": {
        "player": {
          "location": {
            "structure": "all_structures/bastion_hoglin_stable"
          }
        }
      }
    },
    "bastion_treasure": {
      "trigger": "tick",
      "conditions": {
        "player": {
          "location": {
            "structure": "all_structures/bastion_treasure"
          }
        }
      }
    },
    "bastion_units": {
      "trigger": "tick",
      "conditions": {
        "player": {
          "location": {
            "structure": "all_structures/bastion_units"
          }
        }
      }
    }
  },
  "rewards": {
    "experience": 100
  }
}