{
  "display": {
    "icon": {
      "item": "lime_terracotta"
    },
    "title": {
      "translate": "adv.dimension.creeper_village_creeper"
    },
    "description": {
      "translate": "adv.dimension.creeper_village_creeper.desc"
    }
  },
  "parent": "dimension/creeper_fortress",
  "criteria": {
    "creeper_village": {
      "trigger": "tick",
      "conditions": {
        "player": {
          "location": {
            "structure": "all_structures/creeper_village"
          }
        }
      }
    }
  },
  "rewards": {
    "experience": 20
  }
}