{
  "display": {
    "icon": {
      "item": "lime_terracotta"
    },
    "title": {
      "translate": "adv.dimension.creeper_world_center"
    },
    "description": {
      "translate": "adv.dimension.creeper_world_center.desc"
    }
  },
  "parent": "dimension/look_at_creeper",
  "criteria": {
    "world_center": {
      "trigger": "tick",
      "conditions": {
        "player": {
          "location": {
            "position": {
              "x": {
                "min": -0.5,
                "max": 0.5
              },
              "z": {
                "min": -0.5,
                "max": 0.5
              }
            },
            "dimension": "creeper_dimension"
          }
        }
      }
    }
  },
  "rewards": {
    "experience": 20
  }
}
