{
  "display": {
    "icon": {
      "item": "emerald",
      "nbt": "{Enchantments:[{id:\"power\",lvl:1}]}"
    },
    "title": {
      "translate": "adv.dimension.danger_trade"
    },
    "description": {
      "translate": "adv.dimension.danger_trade.desc"
    }
  },
  "parent": "dimension/all_structure_plains",
  "criteria": {
    "traded": {
      "trigger": "villager_trade",
      "conditions": {
        "player": {
          "location": {
            "dimension": "creeper_dimension"
          }
        }
      }
    }
  },
  "rewards": {
    "loot": ["rewards/dimension/danger_trade"],
    "experience": 10
  }
}
