{
  "display": {
    "icon": {
      "item": "creeper_head"
    },
    "title": {
      "translate": "adv.dimension.enter_creeper_checkerboard"
    },
    "description": {
      "translate": "adv.dimension.enter_creeper_checkerboard.desc"
    }
  },
  "parent": "dimension/creeper_world_center",
  "criteria": {
    "leave_creeper_world": {
      "trigger": "changed_dimension",
      "conditions": {
        "from": "creeper_dimension",
        "to": "creeper_checkerboard"
      }
    }
  },
  "rewards": {
    "experience": 100
  }
}
