{
  "display": {
    "icon": {
      "item": "creeper_head"
    },
    "title": {
      "translate": "adv.dimension.leave_creeper_world"
    },
    "description": {
      "translate": "adv.dimension.leave_creeper_world.desc"
    },
    "frame": "challenge"
  },
  "parent": "dimension/all_structures_in_checkerboard",
  "criteria": {
    "leave_creeper_dimension": {
      "trigger": "changed_dimension",
      "conditions": {
        "from": "creeper_checkerboard",
        "to": "overworld"
      }
    },
    "leave_creeper_dimension_to_the_end": {
      "trigger": "changed_dimension",
      "conditions": {
        "from": "creeper_dimension",
        "to": "the_end"
      }
    },
    "leave_creeper_checkerboard_to_the_end": {
      "trigger": "changed_dimension",
      "conditions": {
        "from": "creeper_checkerboard",
        "to": "the_end"
      }
    }
  },
  "requirements": [
    [
      "leave_creeper_dimension",
      "leave_creeper_dimension_to_the_end",
      "leave_creeper_checkerboard_to_the_end"
    ]
  ],
  "rewards": {
    "function": "ltreward_check/dimension/leave_creeper_world",
    "experience": 1500
  }
}
