{
  "display": {
    "icon": {
      "item": "white_bed"
    },
    "title": {
      "translate": "adv.dimension.nightmare"
    },
    "description": {
      "translate": "adv.dimension.nightmare.desc"
    },
    "frame": "goal"
  },
  "parent": "dimension/danger_trade",
  "criteria": {
    "creeper_world": {
      "trigger": "slept_in_bed",
      "conditions": {
        "player": {
          "location": {
            "dimension": "creeper_dimension"
          }
        }
      }
    }
  },
  "rewards": {
    "experience": 15
  }
}
