{
  "display": {
    "icon": {
      "item": "gunpowder"
    },
    "title": {
      "translate": "adv.dimension.revenge"
    },
    "description": {
      "translate": "adv.dimension.revenge.desc"
    }
  },
  "parent": "dimension/look_at_creeper",
  "criteria": {
    "creeper": {
      "trigger": "player_killed_entity",
      "conditions": {
        "entity": {
          "type": "creeper",
          "location": {
            "dimension": "creeper_dimension"
          }
        }
      }
    }
  },
  "rewards": {
    "experience": 10
  }
}
