{
  "display": {
    "icon": {
      "item": "creeper_head"
    },
    "title": {
      "translate": "adv.dimension"
    },
    "description": {
      "translate": "adv.dimension.desc"
    },
    "show_toast": false,
    "announce_to_chat": false,
    "background": "textures/block/lime_terracotta.png"
  },
  "criteria": {
    "crafting_table": {
      "trigger": "inventory_changed",
      "conditions": {
        "items": [
          {
            "items": [
              "crafting_table"
            ]
          }
        ]
      }
    }
  }
}