{
  "parent": "tcc:recipes/root",
  "rewards": {
    "recipes": [
      "tcc:mossy_stone_brick_slab_from_vine"
    ]
  },
  "criteria": {
    "has_vine": {
      "trigger": "minecraft:inventory_changed",
      "conditions": {
        "items": [
          {
            "items": [
              "minecraft:vine"
            ]
          }
        ]
      }
    },
    "has_the_recipe": {
      "trigger": "minecraft:recipe_unlocked",
      "conditions": {
        "recipe": "tcc:mossy_stone_brick_slab_from_vine"
      }
    }
  },
  "requirements": [
    [
      "has_vine",
      "has_the_recipe"
    ]
  ]
}