{
  "type": "minecraft:chest",
  "pools": [
    {
      "rolls": {
        "min": -2,
        "max": 1
      },
      "entries": [
        {
          "type": "minecraft:item",
          "name": "minecraft:string"
        },
        {
          "type": "minecraft:item",
          "name": "minecraft:feather"
        },
        {
          "type": "minecraft:item",
          "name": "minecraft:bone"
        },
        {
          "type": "minecraft:item",
          "name": "minecraft:bowl"
        },
        {
          "type": "minecraft:item",
          "name": "minecraft:stick"
        },
        {
          "type": "minecraft:item",
          "name": "minecraft:coal"
        },
        {
          "type": "minecraft:item",
          "name": "minecraft:wheat"
        },
        {
          "type": "minecraft:item",
          "name": "minecraft:gunpowder"
        },
        {
          "type": "minecraft:item",
          "name": "minecraft:paper"
        },
        {
          "type": "minecraft:item",
          "name": "minecraft:iron_nugget"
        },
        {
          "type": "minecraft:item",
          "name": "minecraft:gold_nugget"
        },
        {
          "type": "minecraft:item",
          "name": "minecraft:melon_seeds"
        },
        {
          "type": "minecraft:item",
          "name": "minecraft:pumpkin_seeds"
        },
        {
          "type": "minecraft:item",
          "name": "minecraft:iron_ingot"
        },
        {
          "type": "minecraft:item",
          "name": "minecraft:gold_ingot"
        },
        {
          "type": "minecraft:item",
          "name": "minecraft:diamond"
        },
        {
          "type": "minecraft:item",
          "name": "minecraft:mushroom_stew"
        },
        {
          "type": "minecraft:item",
          "name": "minecraft:red_mushroom"
        },
        {
          "type": "minecraft:item",
          "name": "minecraft:brown_mushroom"
        },
        {
          "type": "minecraft:item",
          "name": "minecraft:spider_eye"
        },
        {
          "type": "minecraft:item",
          "name": "minecraft:bread"
        }
      ]
    }
  ]
}
