{
  "parent": "tcc:technical/root",
  "criteria": {
    "hat_picked_up_by_entity": {
      "trigger": "minecraft:thrown_item_picked_up_by_entity",
      "conditions": {
        "entity": {
          "type": "#tcc:wears_helmets"
        },
        "item": {
          "items": [
            "minecraft:leather_helmet"
          ],
          "nbt": "{tcc:{id:\"witch_hat\"}}"
        }
      }
    },
    "hat_used_on_armor_stand": {
      "trigger": "minecraft:player_interacted_with_entity",
      "conditions": {
        "item": {
          "items": [
            "minecraft:leather_helmet"
          ],
          "nbt": "{tcc:{id:\"witch_hat\"}}"
        },
        "entity": {
          "type": "minecraft:armor_stand"
        }
      }
    },
    "crown_picked_up_by_entity": {
      "trigger": "minecraft:thrown_item_picked_up_by_entity",
      "conditions": {
        "entity": {
          "type": "#tcc:wears_helmets"
        },
        "item": {
          "items": [
            "minecraft:golden_helmet"
          ],
          "nbt": "{tcc:{id:\"cursed_crown\"}}"
        }
      }
    },
    "crown_used_on_armor_stand": {
      "trigger": "minecraft:player_interacted_with_entity",
      "conditions": {
        "item": {
          "items": [
            "minecraft:golden_helmet"
          ],
          "nbt": "{tcc:{id:\"cursed_crown\"}}"
        },
        "entity": {
          "type": "minecraft:armor_stand"
        }
      }
    }
  },
  "requirements": [
    [
      "hat_used_on_armor_stand",
      "hat_picked_up_by_entity",
      "crown_used_on_armor_stand",
      "crown_picked_up_by_entity"
    ]
  ],
  "rewards": {
    "function": "tcc:item/hat_entity_equip"
  }
}
