{
  "parent": "tcc:technical/root",
  "criteria": {
    "took_damage": {
      "trigger": "minecraft:entity_hurt_player",
      "conditions": {
        "player": [
          {
            "condition": "minecraft:reference",
            "name": "tcc:entity/wearing/witch_hat"
          }
        ],
        "damage": {
          "type": {
            "tags": [
              {
                "id": "minecraft:bypasses_armor",
                "expected": false
              }
            ]
          }
        }
      }
    }
  },
  "rewards": {
    "function": "tcc:item/witch_hat/damage"
  }
}
