{
  "parent": "tcc:minecraft/husbandry/bucket_snail",
  "display": {
    "icon": {
      "item": "minecraft:warped_fungus_on_a_stick",
      "nbt": "{CustomModelData:330035}"
    },
    "title": {
      "translate": "advancements.tcc.minecraft.husbandry.bucket_all_snails.title"
    },
    "description": [
      {
        "translate": "advancements.tcc.minecraft.husbandry.bucket_all_snails.description"
      },
      "\n\n",
      {
        "translate": "pack.tcc",
        "color": "#008725",
        "italic": true
      }
    ],
    "frame": "challenge",
    "show_toast": true,
    "announce_to_chat": true,
    "hidden": false
  },
  "criteria": {
    "black": {
      "trigger": "minecraft:inventory_changed",
      "conditions": {
        "items": [
          {
            "nbt": "{tcc:{id:\"snail_bucket\"},CustomModelData:330032}"
          }
        ]
      }
    },
    "brown": {
      "trigger": "minecraft:inventory_changed",
      "conditions": {
        "items": [
          {
            "nbt": "{tcc:{id:\"snail_bucket\"},CustomModelData:330033}"
          }
        ]
      }
    },
    "light_blue": {
      "trigger": "minecraft:inventory_changed",
      "conditions": {
        "items": [
          {
            "nbt": "{tcc:{id:\"snail_bucket\"},CustomModelData:330035}"
          }
        ]
      }
    },
    "skull": {
      "trigger": "minecraft:inventory_changed",
      "conditions": {
        "items": [
          {
            "nbt": "{tcc:{id:\"snail_bucket\"},CustomModelData:330036}"
          }
        ]
      }
    },
    "spiral": {
      "trigger": "minecraft:inventory_changed",
      "conditions": {
        "items": [
          {
            "nbt": "{tcc:{id:\"snail_bucket\"},CustomModelData:330037}"
          }
        ]
      }
    },
    "yellow": {
      "trigger": "minecraft:inventory_changed",
      "conditions": {
        "items": [
          {
            "nbt": "{tcc:{id:\"snail_bucket\"},CustomModelData:330038}"
          }
        ]
      }
    }
  },
  "requirements": [
    [
      "black"
    ],
    [
      "brown"
    ],
    [
      "light_blue"
    ],
    [
      "skull"
    ],
    [
      "spiral"
    ],
    [
      "yellow"
    ]
  ],
  "rewards": {
    "experience": 100
  }
}
