{
  "parent": "minecraft:husbandry/plant_seed",
  "display": {
    "icon": {
      "item": "minecraft:bread",
      "nbt": "{CustomModelData:330004}"
    },
    "title": {
      "translate": "advancements.tcc.minecraft.husbandry.eat_last_slice.title"
    },
    "description": [
      {
        "translate": "advancements.tcc.minecraft.husbandry.eat_last_slice.description"
      },
      "\n\n",
      {
        "translate": "pack.tcc",
        "color": "#008725",
        "italic": true
      }
    ],
    "frame": "task",
    "show_toast": true,
    "announce_to_chat": true,
    "hidden": false
  },
  "criteria": {
    "apple_pie_slice": {
      "trigger": "minecraft:consume_item",
      "conditions": {
        "item": {
          "nbt": "{tcc:{id:\"apple_pie_slice\"}}"
        }
      }
    },
    "golden_apple_pie_slice": {
      "trigger": "minecraft:consume_item",
      "conditions": {
        "item": {
          "nbt": "{tcc:{id:\"golden_apple_pie_slice\"}}"
        }
      }
    },
    "enchanted_golden_apple_pie_slice": {
      "trigger": "minecraft:consume_item",
      "conditions": {
        "item": {
          "nbt": "{tcc:{id:\"enchanted_golden_apple_pie_slice\"}}"
        }
      }
    }
  },
  "requirements": [
    [
      "apple_pie_slice",
      "golden_apple_pie_slice",
      "enchanted_golden_apple_pie_slice"
    ]
  ]
}
