{
  "display": {
    "icon": {
      "item": "minecraft:sculk_catalyst"
    },
    "title": {
      "text": "Ultimate Warden"
    },
    "description": {
      "text": "Kill a Warden in the Deeper Dark"
    },
    "frame": "challenge",
    "show_toast": true,
    "announce_to_chat": true,
    "hidden": false
  },
  "parent": "deeper_dark:warden",
  "criteria": {
    "in_dim": {
      "trigger": "minecraft:player_killed_entity",
      "conditions": {
        "entity": {
          "type": "minecraft:warden",
          "location": {
            "dimension": "deeper_dark:deeper_dark"
          }
        }
      }
    }
  },
  "requirements": [
    [
      "in_dim"
    ]
  ],
  "rewards": {
    "experience": 500
  }
}
