{
  "display": {
    "icon": {
      "item": "minecraft:firework_rocket"
    },
    "title": "The Best Travel Method",
    "description": "Obtain a Ultimate Flight Rocket",
    "frame": "task",
    "show_toast": true,
    "announce_to_chat": true,
    "hidden": false
  },
  "parent": "mt:treasure_advancements/first_legendary_end_treasure",
  "criteria": {
    "obtainchest": {
      "trigger": "minecraft:inventory_changed",
      "conditions": {
        "items": [
          {
            "items": [
              "minecraft:firework_rocket"
            ],
            "nbt": "{item:uflight}"
          }
        ]
      }
    }
  }
}
