{
    "display": {
        "icon": {
            "item": "echo_shard"
        },
        "title": {
            "translate": "adv.caves.echo_shard"
        },
        "description": {
            "translate": "adv.caves.echo_shard.desc"
        }
    },
    "parent": "caves_cliffs/ancient_city",
    "rewards": {
        "experience": 20
    },
    "criteria": {
        "echo_shard": {
            "trigger": "inventory_changed",
            "conditions": {
                "items": [
                    {
                        "items": [
                            "echo_shard"
                        ]
                    }
                ]
            }
        }
    }
}
