{
    "display": {
        "icon": {
            "item": "glow_ink_sac"
        },
        "title": {
            "translate": "adv.caves.glow_ink"
        },
        "description": {
            "translate": "adv.caves.glow_ink.desc"
        }
    },
    "parent": "caves_cliffs/root",
    "rewards": {
        "function": "ltreward_check/caves/glow_ink_sac",
        "experience": 5
    },
    "criteria": {
        "glow_ink_sac": {
            "trigger": "inventory_changed",
            "conditions": {
                "items": [
                    {
                        "items": [
                            "glow_ink_sac"
                        ]
                    }
                ]
            }
        }
    }
}
