{
    "display": {
        "icon": {
            "item": "glow_lichen"
        },
        "title": {
            "translate": "adv.caves.glow_lichen"
        },
        "description": {
            "translate": "adv.caves.glow_lichen.desc"
        }
    },
    "parent": "caves_cliffs/lush_caves",
    "rewards": {
        "experience": 5,
        "function": "ltreward_check/caves/glow_lichen"
    },
    "criteria": {
        "glow_lichen": {
            "trigger": "inventory_changed",
            "conditions": {
                "items": [
                    {
                        "items": [
                            "glow_lichen"
                        ]
                    }
                ]
            }
        }
    }
}
