{
    "display": {
        "icon": {
            "item": "raw_gold"
        },
        "title": {
            "translate": "adv.caves.much_gold"
        },
        "description": {
            "translate": "adv.caves.much_gold.desc"
        },
        "frame": "challenge"
    },
    "parent": "caves_cliffs/much_iron",
    "rewards": {
        "experience": 50
    },
    "criteria": {
        "raw_gold": {
            "trigger": "inventory_changed",
            "conditions": {
                "items": [
                    {
                        "items": [
                            "raw_gold"
                        ],
                        "count": 64
                    }
                ]
            }
        }
    }
}
