{
    "display": {
        "icon": {
            "item": "coal_block"
        },
        "title": {
            "translate": "adv.caves.real_coal_miner"
        },
        "description": {
            "translate": "adv.caves.real_coal_miner.desc"
        },
        "frame": "challenge"
    },
    "parent": "caves_cliffs/real_iron_miner",
    "rewards": {
        "experience": 750
    },
    "criteria": {
        "coal_block": {
            "trigger": "inventory_changed",
            "conditions": {
                "items": [
                    {
                        "items": [
                            "coal_block"
                        ],
                        "count": {"min": 24}
                    }
                ]
            }
        }
    }
}
