{
    "display": {
        "icon": {
            "item": "lapis_block"
        },
        "title": {
            "translate": "adv.caves.real_lapis_miner"
        },
        "description": {
            "translate": "adv.caves.real_lapis_miner.desc"
        },
        "frame": "challenge"
    },
    "parent": "caves_cliffs/real_diamond_miner",
    "rewards": {
        "experience": 750
    },
    "criteria": {
        "lapis_block": {
            "trigger": "inventory_changed",
            "conditions": {
                "items": [
                    {
                        "items": [
                            "lapis_block"
                        ],
                        "count": {"min": 32}
                    }
                ]
            }
        }
    }
}
