{
    "display": {
        "icon": {
            "item": "gold_block"
        },
        "title": {
            "translate": "adv.caves.real_gold_miner"
        },
        "description": {
            "translate": "adv.caves.real_gold_miner.desc"
        },
        "frame": "challenge"
    },
    "parent": "caves_cliffs/real_coal_miner",
    "rewards": {
        "experience": 750
    },
    "criteria": {
        "gold_block": {
            "trigger": "inventory_changed",
            "conditions": {
                "items": [
                    {
                        "items": [
                            "gold_block"
                        ],
                        "count": {"min": 20}
                    }
                ]
            }
        }
    }
}
