{
    "display": {
        "icon": {
            "item": "spyglass"
        },
        "title": {
            "translate": "adv.caves.spyglass"
        },
        "description": {
            "translate": "adv.caves.spyglass.desc"
        }
    },
    "parent": "caves_cliffs/copper",
    "rewards": {
        "experience": 25
    },
    "criteria": {
        "spyglass": {
            "trigger": "inventory_changed",
            "conditions": {
                "items": [
                    {
                        "items": [
                            "spyglass"
                        ]
                    }
                ]
            }
        }
    }
}
