{
	"feature": "terralith:grove/alpine/trees_tiny",
	"placement": [
		{
			"type": "minecraft:count",
			"count": {
				"type": "minecraft:weighted_list",
				"distribution": [
					{
						"weight": 50,
						"data": 2
					},
					{
						"weight": 30,
						"data": 3
					}
				]
			}
		},
		{
			"type": "minecraft:in_square"
		},
		{
			"type": "minecraft:heightmap",
			"heightmap": "WORLD_SURFACE_WG"
		},
		{
			"type": "minecraft:block_predicate_filter",
			"predicate": {
				"type": "minecraft:all_of",
				"predicates": [
					{
						"type": "minecraft:replaceable"
					},
					{
						"type": "minecraft:matching_blocks",
						"offset": [
							0,
							-1,
							0
						],
						"blocks": [
							"minecraft:dirt",
							"minecraft:snow_block",
							"minecraft:grass_block"
						]
					}
				]
			}
		},
		{
			"type": "minecraft:biome"
		}
	]
}
