{
	"credit": " Made by koncept ",
	"parent": "minecraft:block/cube_all",
	"textures": {
		"1": "item/armadillo",
		"particle": "block/custom/armadillo"
	},
	"elements": [
		{
			"from": [2.25, 3, 2],
			"to": [12.75, 13.5, 15],
			"rotation": {"angle": 0, "axis": "y", "origin": [0, -1, 0]},
			"faces": {
				"north": {"uv": [3.5, 2.5, 6, 5.75], "rotation": 270, "texture": "#1", "tintindex": 1},
				"east": {"uv": [0, 0, 3.25, 2.5], "texture": "#1", "tintindex": 1},
				"south": {"uv": [3.5, 2.5, 6, 5.75], "rotation": 270, "texture": "#1", "tintindex": 1},
				"west": {"uv": [0, 2.5, 3.25, 0], "rotation": 180, "texture": "#1", "tintindex": 1},
				"up": {"uv": [6, 2.5, 9.25, 5.25], "rotation": 90, "texture": "#1", "tintindex": 1},
				"down": {"uv": [0, 2.5, 3.5, 5.75], "rotation": 90, "texture": "#1", "tintindex": 1}
			}
		},
		{
			"from": [5, -6, 18],
			"to": [10, 2, 21],
			"rotation": {"angle": -22.5, "axis": "x", "origin": [0, -3, -1]},
			"faces": {
				"north": {"uv": [3, 7, 3.75, 9], "texture": "#1", "tintindex": 1},
				"east": {"uv": [4.75, 7, 5.5, 9], "texture": "#1", "tintindex": 1},
				"south": {"uv": [3.75, 7, 4.75, 9], "texture": "#1", "tintindex": 1},
				"west": {"uv": [5.5, 7, 4.75, 9], "texture": "#1", "tintindex": 1},
				"up": {"uv": [3.75, 6.5, 4.75, 7], "texture": "#1", "tintindex": 1},
				"down": {"uv": [3.75, 9, 4.75, 9.5], "texture": "#1", "tintindex": 1}
			}
		},
		{
			"from": [10, 9, 16],
			"to": [11, 13, 17],
			"rotation": {"angle": 0, "axis": "x", "origin": [0, -3, -1]},
			"faces": {
				"north": {"uv": [6, 6.5, 6.25, 7.25], "texture": "#1", "tintindex": 1},
				"east": {"uv": [6, 6.5, 6.25, 7.25], "texture": "#1", "tintindex": 1},
				"south": {"uv": [6, 6.5, 6.25, 7.25], "texture": "#1", "tintindex": 1},
				"west": {"uv": [6, 6.5, 6.25, 7.25], "texture": "#1", "tintindex": 1},
				"up": {"uv": [6, 7, 6.25, 7.25], "texture": "#1", "tintindex": 1},
				"down": {"uv": [6, 7, 6.25, 7.25], "texture": "#1", "tintindex": 1}
			}
		},
		{
			"from": [2, 3, 15],
			"to": [13, 14, 15],
			"faces": {
				"north": {"uv": [9.25, 3, 12, 5.75], "texture": "#1", "tintindex": 1},
				"east": {"uv": [0, 0, 0, 11], "texture": "#1", "tintindex": 1},
				"south": {"uv": [9.25, 3, 12, 5.75], "texture": "#1", "tintindex": 1},
				"west": {"uv": [0, 0, 0, 11], "texture": "#1", "tintindex": 1},
				"up": {"uv": [0, 0, 11, 0], "texture": "#1", "tintindex": 1},
				"down": {"uv": [0, 0, 11, 0], "texture": "#1", "tintindex": 1}
			}
		},
		{
			"from": [2, 3, 1],
			"to": [2, 14, 15],
			"faces": {
				"north": {"uv": [0, 0, 0, 11], "texture": "#1", "tintindex": 1},
				"east": {"uv": [9.25, 0.25, 12.75, 3], "texture": "#1", "tintindex": 1},
				"south": {"uv": [0, 0, 0, 11], "texture": "#1", "tintindex": 1},
				"west": {"uv": [12.75, 0.25, 9.25, 3], "texture": "#1", "tintindex": 1},
				"up": {"uv": [0, 0, 0, 14], "texture": "#1", "tintindex": 1},
				"down": {"uv": [0, 0, 0, 14], "texture": "#1", "tintindex": 1}
			}
		},
		{
			"from": [2, 3, 1],
			"to": [13, 14, 1],
			"faces": {
				"north": {"uv": [12, 3, 14.75, 5.75], "texture": "#1", "tintindex": 1},
				"east": {"uv": [0, 0, 0, 11], "texture": "#1", "tintindex": 1},
				"south": {"uv": [12, 3, 14.75, 5.75], "texture": "#1", "tintindex": 1},
				"west": {"uv": [0, 0, 0, 11], "texture": "#1", "tintindex": 1},
				"up": {"uv": [0, 0, 11, 0], "texture": "#1", "tintindex": 1},
				"down": {"uv": [0, 0, 11, 0], "texture": "#1", "tintindex": 1}
			}
		},
		{
			"from": [2, 14, 1],
			"to": [13, 14, 15],
			"faces": {
				"north": {"uv": [0, 0, 11, 0], "texture": "#1", "tintindex": 1},
				"east": {"uv": [0, 0, 14, 0], "texture": "#1", "tintindex": 1},
				"south": {"uv": [0, 0, 11, 0], "texture": "#1", "tintindex": 1},
				"west": {"uv": [0, 0, 14, 0], "texture": "#1", "tintindex": 1},
				"up": {"uv": [12.75, 5.75, 9.25, 8.5], "rotation": 90, "texture": "#1", "tintindex": 1},
				"down": {"uv": [12.75, 5.75, 9.25, 8.5], "rotation": 270, "texture": "#1", "tintindex": 1}
			}
		},
		{
			"from": [9, 0, 3],
			"to": [12, 7, 6],
			"rotation": {"angle": -22.5, "axis": "x", "origin": [10.5, 3.5, 4.5]},
			"faces": {
				"north": {"uv": [2.25, 14.25, 3, 16], "texture": "#1", "tintindex": 1},
				"east": {"uv": [1.5, 14.25, 2.25, 16], "texture": "#1", "tintindex": 1},
				"south": {"uv": [0.75, 14.25, 1.5, 16], "texture": "#1", "tintindex": 1},
				"west": {"uv": [0, 14.25, 0.75, 16], "texture": "#1", "tintindex": 1},
				"up": {"uv": [0.75, 13.5, 1.5, 14.25], "rotation": 180, "texture": "#1", "tintindex": 1},
				"down": {"uv": [1.5, 13.5, 2.25, 14.25], "rotation": 180, "texture": "#1", "tintindex": 1}
			}
		},
		{
			"from": [6.3, 1, 3],
			"to": [6.3, 7, 6],
			"faces": {
				"north": {"uv": [0, 0, 0, 6], "texture": "#1", "tintindex": 1},
				"east": {"uv": [4, 14.25, 4.75, 15.75], "texture": "#1", "tintindex": 1},
				"south": {"uv": [0, 0, 0, 6], "texture": "#1", "tintindex": 1},
				"west": {"uv": [4, 14.25, 4.75, 15.75], "texture": "#1", "tintindex": 1},
				"up": {"uv": [0, 0, 0, 4], "texture": "#1", "tintindex": 1},
				"down": {"uv": [0, 0, 0, 4], "texture": "#1", "tintindex": 1}
			}
		},
		{
			"from": [3, 0, 2],
			"to": [6, 7, 5],
			"rotation": {"angle": 22.5, "axis": "x", "origin": [10.5, 3.5, 4.5]},
			"faces": {
				"north": {"uv": [2.25, 14.25, 3, 16], "texture": "#1", "tintindex": 1},
				"east": {"uv": [1.5, 14.25, 2.25, 16], "texture": "#1", "tintindex": 1},
				"south": {"uv": [0.75, 14.25, 1.5, 16], "texture": "#1", "tintindex": 1},
				"west": {"uv": [0, 14.25, 0.75, 16], "texture": "#1", "tintindex": 1},
				"up": {"uv": [0.75, 13.5, 1.5, 14.25], "rotation": 180, "texture": "#1", "tintindex": 1},
				"down": {"uv": [1.5, 13.5, 2.25, 14.25], "rotation": 180, "texture": "#1", "tintindex": 1}
			}
		},
		{
			"from": [9, 1, 6.3],
			"to": [12, 7, 6.3],
			"faces": {
				"north": {"uv": [3.25, 14.25, 4, 15.75], "texture": "#1", "tintindex": 1},
				"east": {"uv": [0, 0, 0, 6], "texture": "#1", "tintindex": 1},
				"south": {"uv": [5.25, 14.25, 6, 15.75], "texture": "#1", "tintindex": 1},
				"west": {"uv": [0, 0, 0, 6], "texture": "#1", "tintindex": 1},
				"up": {"uv": [0, 0, 0, 4], "rotation": 90, "texture": "#1", "tintindex": 1},
				"down": {"uv": [0, 0, 0, 4], "rotation": 270, "texture": "#1", "tintindex": 1}
			}
		},
		{
			"from": [8.9, 1, 3],
			"to": [8.9, 7, 6],
			"faces": {
				"north": {"uv": [0, 0, 0, 6], "texture": "#1", "tintindex": 1},
				"east": {"uv": [4, 14.25, 4.75, 15.75], "texture": "#1", "tintindex": 1},
				"south": {"uv": [0, 0, 0, 6], "texture": "#1", "tintindex": 1},
				"west": {"uv": [4.5, 14.25, 5.25, 15.75], "texture": "#1", "tintindex": 1},
				"up": {"uv": [0, 0, 0, 4], "texture": "#1", "tintindex": 1},
				"down": {"uv": [0, 0, 0, 4], "texture": "#1", "tintindex": 1}
			}
		},
		{
			"from": [9, 0, 9],
			"to": [12, 7, 12],
			"rotation": {"angle": 22.5, "axis": "x", "origin": [16.5, 0, 11.5]},
			"faces": {
				"north": {"uv": [2.25, 14.25, 3, 16], "texture": "#1", "tintindex": 1},
				"east": {"uv": [1.5, 14.25, 2.25, 16], "texture": "#1", "tintindex": 1},
				"south": {"uv": [0.75, 14.25, 1.5, 16], "texture": "#1", "tintindex": 1},
				"west": {"uv": [0, 14.25, 0.75, 16], "texture": "#1", "tintindex": 1},
				"up": {"uv": [0.75, 13.5, 1.5, 14.25], "rotation": 180, "texture": "#1", "tintindex": 1},
				"down": {"uv": [1.5, 13.5, 2.25, 14.25], "rotation": 180, "texture": "#1", "tintindex": 1}
			}
		},
		{
			"from": [9, 1, 9.9],
			"to": [12, 7, 9.9],
			"faces": {
				"north": {"uv": [4, 14.25, 4.75, 15.75], "texture": "#1", "tintindex": 1},
				"east": {"uv": [0, 0, 0, 6], "texture": "#1", "tintindex": 1},
				"south": {"uv": [6.25, 14.25, 7, 15.75], "texture": "#1", "tintindex": 1},
				"west": {"uv": [0, 0, 0, 6], "texture": "#1", "tintindex": 1},
				"up": {"uv": [0, 0, 0, 4], "rotation": 90, "texture": "#1", "tintindex": 1},
				"down": {"uv": [0, 0, 0, 4], "rotation": 270, "texture": "#1", "tintindex": 1}
			}
		},
		{
			"from": [8.9, 1, 10],
			"to": [8.9, 7, 13],
			"faces": {
				"north": {"uv": [0, 0, 0, 6], "texture": "#1", "tintindex": 1},
				"east": {"uv": [4, 14.25, 4.75, 15.75], "texture": "#1", "tintindex": 1},
				"south": {"uv": [0, 0, 0, 6], "texture": "#1", "tintindex": 1},
				"west": {"uv": [4.5, 14.25, 5.25, 15.75], "texture": "#1", "tintindex": 1},
				"up": {"uv": [0, 0, 0, 4], "texture": "#1", "tintindex": 1},
				"down": {"uv": [0, 0, 0, 4], "texture": "#1", "tintindex": 1}
			}
		},
		{
			"from": [3, 0, 10],
			"to": [6, 7, 13],
			"rotation": {"angle": -22.5, "axis": "x", "origin": [4.5, 3.5, 11.5]},
			"faces": {
				"north": {"uv": [2.25, 14.25, 3, 16], "texture": "#1", "tintindex": 1},
				"east": {"uv": [1.5, 14.25, 2.25, 16], "texture": "#1", "tintindex": 1},
				"south": {"uv": [0.75, 14.25, 1.5, 16], "texture": "#1", "tintindex": 1},
				"west": {"uv": [0, 14.25, 0.75, 16], "texture": "#1", "tintindex": 1},
				"up": {"uv": [0.75, 13.5, 1.5, 14.25], "rotation": 180, "texture": "#1", "tintindex": 1},
				"down": {"uv": [1.5, 13.5, 2.25, 14.25], "rotation": 180, "texture": "#1", "tintindex": 1}
			}
		},
		{
			"from": [6.3, 1, 10],
			"to": [6.3, 7, 13],
			"faces": {
				"north": {"uv": [0, 0, 0, 6], "texture": "#1", "tintindex": 1},
				"east": {"uv": [4, 14.25, 4.75, 15.75], "texture": "#1", "tintindex": 1},
				"south": {"uv": [0, 0, 0, 6], "texture": "#1", "tintindex": 1},
				"west": {"uv": [4, 14.25, 4.75, 15.75], "texture": "#1", "tintindex": 1},
				"up": {"uv": [0, 0, 0, 4], "texture": "#1", "tintindex": 1},
				"down": {"uv": [0, 0, 0, 4], "texture": "#1", "tintindex": 1}
			}
		},
		{
			"from": [4, 9, 16],
			"to": [5, 13, 17],
			"rotation": {"angle": 0, "axis": "y", "origin": [0, -3, -1]},
			"faces": {
				"north": {"uv": [6, 6.5, 6.25, 7.25], "texture": "#1", "tintindex": 1},
				"east": {"uv": [6, 6.5, 6.25, 7.25], "texture": "#1", "tintindex": 1},
				"south": {"uv": [6, 6.5, 6.25, 7.25], "texture": "#1", "tintindex": 1},
				"west": {"uv": [6, 6.5, 6.25, 7.25], "texture": "#1", "tintindex": 1},
				"up": {"uv": [6, 7, 6.25, 7.25], "texture": "#1", "tintindex": 1},
				"down": {"uv": [6, 7, 6.25, 7.25], "texture": "#1", "tintindex": 1}
			}
		},
		{
			"from": [13, 3, 1],
			"to": [13, 14, 15],
			"faces": {
				"north": {"uv": [0, 0, 0, 11], "texture": "#1", "tintindex": 1},
				"east": {"uv": [9.25, 0.25, 12.75, 3], "texture": "#1", "tintindex": 1},
				"south": {"uv": [0, 0, 0, 11], "texture": "#1", "tintindex": 1},
				"west": {"uv": [9.25, 0.25, 12.75, 3], "texture": "#1", "tintindex": 1},
				"up": {"uv": [0, 0, 0, 14], "texture": "#1", "tintindex": 1},
				"down": {"uv": [0, 0, 0, 14], "texture": "#1", "tintindex": 1}
			}
		}
	],
	"display": {
		"thirdperson_righthand": {
			"scale": [0.32, 0.32, 0.32]
		},
		"head": {
			"rotation": [180, 0, 180],
			"translation": [0, -43.25, -0.75],
			"scale": [1.05, 1.05, 1.05]
		},
		"fixed": {
			"rotation": [-90, 0, 0],
			"translation": [0, 0, -47],
			"scale": [2.53, 2.53, 2.53]
		}
	},
	"groups": [
		{
			"name": "group",
			"origin": [0, 0, 0],
			"color": 0,
			"nbt": "{}",
			"children": []
		},
		{
			"name": "group",
			"origin": [0, 0, 0],
			"color": 0,
			"nbt": "{}",
			"children": []
		},
		0,
		1,
		2,
		3,
		4,
		5,
		6,
		7,
		8,
		9,
		10,
		11,
		12,
		13,
		14,
		15,
		16,
		17,
		18,
		{
			"name": "n",
			"origin": [0, 0, 0],
			"color": 0,
			"nbt": "{}",
			"children": []
		},
		{
			"name": "n",
			"origin": [0, 0, 0],
			"color": 0,
			"nbt": "{}",
			"children": []
		},
		{
			"name": "n",
			"origin": [0, 0, 0],
			"color": 0,
			"nbt": "{}",
			"children": []
		},
		{
			"name": "n",
			"origin": [0, 0, 0],
			"color": 0,
			"nbt": "{}",
			"children": []
		}
	]
}