{
	"parent": "item/handheld",
	"textures": {
		"layer0": "item/knowledge_book"
	},
	
	"overrides": [
		{"predicate": {"custom_model_data":204010}, "model": "item/armadillo"},
		{"predicate": {"custom_model_data":204011}, "model": "item/armadillo1"},
		{"predicate": {"custom_model_data":204012}, "model": "item/armadillo2"},
		{"predicate": {"custom_model_data":204013}, "model": "item/armadillo3"},
		{"predicate": {"custom_model_data":204014}, "model": "item/dog_armor"},
		{"predicate": {"custom_model_data":204015}, "model": "item/armadillo5"}
	]
}