{
  "parent": "tcc:technical/root",
  "criteria": {
    "drop_soulbound_item": {
      "trigger": "minecraft:inventory_changed",
      "conditions": {
        "player": [
          {
            "condition": "minecraft:entity_properties",
            "entity": "this",
            "predicate": {
              "nbt": "{Tags:[\"tcc.has_soulbound_item\"]}"
            }
          }
        ]
      }
    }
  },
  "rewards": {
    "function": "tcc:item/soulbound_item/inventory_changed/check_drop"
  }
}
