{
  "feature": {
    "type": "minecraft:block_column",
    "config": {
      "allowed_placement": {
        "type": "minecraft:matching_blocks",
        "blocks": [
          "minecraft:air"
        ]
      },
      "direction": "up",
      "layers": [
        {
          "height": 1,
          "provider": {
            "type": "minecraft:weighted_state_provider",
            "entries": [
              {
                "data": {
                  "Name": "minecraft:amethyst_block"
                },
                "weight": 99
              },
              {
                "data": {
                  "Name": "minecraft:budding_amethyst"
                },
                "weight": 1
              }
            ]
          }
        },
        {
          "height": 1,
          "provider": {
            "type": "minecraft:noise_provider",
            "noise": {
              "amplitudes": [
                1,
                0.75,
                1.25
              ],
              "firstOctave": -3
            },
            "scale": 1,
            "seed": 10,
            "states": [
              {
                "Name": "minecraft:small_amethyst_bud",
                "Properties": {
                  "facing": "up",
                  "waterlogged": "false"
                }
              },
              {
                "Name": "minecraft:small_amethyst_bud",
                "Properties": {
                  "facing": "up",
                  "waterlogged": "false"
                }
              },
              {
                "Name": "minecraft:small_amethyst_bud",
                "Properties": {
                  "facing": "up",
                  "waterlogged": "false"
                }
              },
              {
                "Name": "minecraft:medium_amethyst_bud",
                "Properties": {
                  "facing": "up",
                  "waterlogged": "false"
                }
              },
              {
                "Name": "minecraft:medium_amethyst_bud",
                "Properties": {
                  "facing": "up",
                  "waterlogged": "false"
                }
              },
              {
                "Name": "minecraft:large_amethyst_bud",
                "Properties": {
                  "facing": "up",
                  "waterlogged": "false"
                }
              },
              {
                "Name": "minecraft:amethyst_cluster",
                "Properties": {
                  "facing": "up",
                  "waterlogged": "false"
                }
              },
              {
                "Name": "minecraft:large_amethyst_bud",
                "Properties": {
                  "facing": "up",
                  "waterlogged": "false"
                }
              },
              {
                "Name": "minecraft:medium_amethyst_bud",
                "Properties": {
                  "facing": "up",
                  "waterlogged": "false"
                }
              },
              {
                "Name": "minecraft:medium_amethyst_bud",
                "Properties": {
                  "facing": "up",
                  "waterlogged": "false"
                }
              },
              {
                "Name": "minecraft:small_amethyst_bud",
                "Properties": {
                  "facing": "up",
                  "waterlogged": "false"
                }
              },
              {
                "Name": "minecraft:small_amethyst_bud",
                "Properties": {
                  "facing": "up",
                  "waterlogged": "false"
                }
              },
              {
                "Name": "minecraft:small_amethyst_bud",
                "Properties": {
                  "facing": "up",
                  "waterlogged": "false"
                }
              }
            ]
          }
        }
      ],
      "prioritize_tip": false
    }
  },
  "placement": [
    {
      "type": "minecraft:count",
      "count": 3
    },
    {
      "type": "minecraft:count",
      "count": 255
    },
    {
      "type": "minecraft:in_square"
    },
    {
      "type": "minecraft:height_range",
      "height": {
        "type": "minecraft:uniform",
        "min_inclusive": {
          "absolute": -55
        },
        "max_inclusive": {
          "absolute": 0
        }
      }
    },
    {
      "type": "minecraft:block_predicate_filter",
      "predicate": {
        "type": "minecraft:all_of",
        "predicates": [
          {
            "type": "minecraft:matching_blocks",
            "blocks": [
              "minecraft:deepslate",
              "amethyst_block"
            ]
          },
          {
            "type": "minecraft:matching_blocks",
            "blocks": [
              "minecraft:air"
            ],
            "offset": [
              0,
              1,
              0
            ]
          },
          {
            "type": "minecraft:not",
            "predicate": {
              "type": "minecraft:any_of",
              "predicates": [
                {
                  "type": "minecraft:matching_blocks",
                  "blocks": [
                    "minecraft:air"
                  ],
                  "offset": [
                    0,
                    -1,
                    0
                  ]
                },
                {
                  "type": "minecraft:matching_blocks",
                  "blocks": [
                    "minecraft:air"
                  ],
                  "offset": [
                    1,
                    0,
                    0
                  ]
                },
                {
                  "type": "minecraft:matching_blocks",
                  "blocks": [
                    "minecraft:air"
                  ],
                  "offset": [
                    0,
                    0,
                    1
                  ]
                },
                {
                  "type": "minecraft:matching_blocks",
                  "blocks": [
                    "minecraft:air"
                  ],
                  "offset": [
                    -1,
                    0,
                    0
                  ]
                },
                {
                  "type": "minecraft:matching_blocks",
                  "blocks": [
                    "minecraft:air"
                  ],
                  "offset": [
                    0,
                    0,
                    -1
                  ]
                }
              ]
            }
          }
        ]
      }
    },
    {
      "type": "minecraft:biome"
    }
  ]
}