{
    "type": "minecraft:chest",
    "pools": [
        {
            "rolls": {
                "min": 1,
                "max": 2,
                "type": "minecraft:uniform"
            },
            "entries": [
                {
                    "type": "minecraft:item",
                    "weight": 30,
                    "functions": [
                        {
                            "function": "minecraft:set_count",
                            "count": {
                                "min": 2,
                                "max": 7,
                                "type": "minecraft:uniform"
                            }
                        },
                        {
                            "function": "minecraft:set_nbt",
                            "tag": "{Potion:\"minecraft:poison\"}"
                        }
                    ],
                    "name": "minecraft:tipped_arrow"
                }
            ]
        }
    ],
    "__smithed__":{
        "rules": [
            {
                "type":"smithed:append",
                "target":"pools[0].entries[0].functions",
                "source": {
                    "type":"smithed:reference",
                    "path":"pools[0].entries[0].functions[1]"
                }
            },
            {
                "type":"smithed:merge",
                "target":"pools[0].entries[0].name",
                "source": {
                    "type":"smithed:reference",
                    "path":"pools[0].entries[0].name"
                }
            }
        ]
    }
}