{
  "parent": "husbandry/root",
  "criteria": {
    "allay_deliver_item_to_player": {
      "conditions": {
        "entity": [
          {
            "condition": "entity_properties",
            "entity": "this",
            "predicate": {
              "type": "allay"
            }
          }
        ]
      },
      "trigger": "thrown_item_picked_up_by_player"
    }
  },
  "rewards": {
    "experience": 10
  },
  "display": {
    "description": {
      "translate": "advancements.husbandry.allay_deliver_item_to_player.description"
    },
    "icon": {
      "item": "cookie"
    },
    "title": {
      "translate": "advancements.husbandry.allay_deliver_item_to_player.title"
    }
  }
}
