{
  "parent": "husbandry/obtain_netherite_hoe",
  "display": {
    "icon": {
      "item": "netherite_hoe"
    },
    "title": {
      "translate": "adv.husbandry.break_netherite_hoe"
    },
    "description": {
      "translate": "adv.husbandry.break_netherite_hoe.desc"
    },
    "frame": "challenge"
  },
  "rewards": {
    "experience": 300,
    "function": "adv_rewards/brake_netherite_hoe"
  },
  "criteria": {
    "broke_hoe": {
      "trigger": "item_durability_changed",
      "conditions": {
        "item": {
          "items": [
            "netherite_hoe"
          ]
        },
        "durability": {
          "max": 0
        }
      }
    }
  }
}
