{
  "parent": "husbandry/wheat",
  "display": {
    "icon": {
      "item": "bread"
    },
    "title": {
      "translate": "adv.husbandry.bread"
    },
    "description": {
      "translate": "adv.husbandry.bread.desc"
    }
  },
  "rewards": {
    "function": "ltreward_check/husbandry/bread",
    "experience": 5
  },
  "criteria": {
    "bread": {
      "trigger": "inventory_changed",
      "conditions": {
        "items": [
          {
            "items": [
              "bread"
            ]
          }
        ]
      }
    }
  }
}
