{
  "display": {
    "icon": {
      "item": "carrot"
    },
    "title": {
      "translate": "adv.husbandry.carrot"
    },
    "description": {
      "translate": "adv.husbandry.carrot.desc"
    }
  },
  "rewards": {
    "experience": 10,
    "function": "ltreward_check/husbandry/carrot"
  },
  "parent": "husbandry/wheat",
  "criteria": {
    "carrot": {
      "trigger": "inventory_changed",
      "conditions": {
        "items": [
          {
            "items": [
              "carrot"
            ]
          }
        ]
      }
    }
  }
}
