{
  "parent": "husbandry/fishy_business",
  "display": {
    "icon": {
      "item": "cooked_cod"
    },
    "title": {
      "translate": "adv.husbandry.fish"
    },
    "description": {
      "translate": "adv.husbandry.fish.desc"
    }
  },
  "rewards": {
    "experience": 10
  },
  "criteria": {
    "cod": {
      "trigger": "inventory_changed",
      "conditions": {
        "items": [
          {
            "items": [
              "cooked_cod"
            ]
          }
        ]
      }
    },
    "salmon": {
      "trigger": "inventory_changed",
      "conditions": {
        "items": [
          {
            "items": [
              "cooked_salmon"
            ]
          }
        ]
      }
    }
  },
  "requirements": [
    [
      "cod",
      "salmon"
    ]
  ]
}
