{
  "parent": "husbandry/shears",
  "display": {
    "icon": {
      "item": "grass"
    },
    "title": {
      "translate": "adv.husbandry.foliage_collection"
    },
    "description": {
      "translate": "adv.husbandry.foliage_collection.desc"
    }
  },
  "rewards": {
    "experience": 15
  },
  "criteria": {
    "grass": {
      "trigger": "inventory_changed",
      "conditions": {
        "items": [
          {
            "items": [
              "grass"
            ]
          }
        ]
      }
     },
    "fern": {
      "trigger": "inventory_changed",
      "conditions": {
        "items": [
          {
            "items": [
              "fern"
            ]
          }
        ]
      }
    }
  }
}
