{
  "display": {
    "icon": {
      "item": "verdant_froglight"
    },
    "title": {
      "translate": "adv.husbandry.get_froglight"
    },
    "description": {
      "translate": "adv.husbandry.get_froglight.desc"
    }
  },
  "parent": "husbandry/leash_all_frog_variants",
  "criteria": {
    "froglights": {
      "trigger": "inventory_changed",
      "conditions": {
        "items": [
          {
            "items": [
              "ochre_froglight",
              "pearlescent_froglight",
              "verdant_froglight"
            ]
          }
        ]
      }
    }
  },
  "rewards": {
    "experience": 10
  }
}
