{
  "parent": "husbandry/root",
  "display": {
    "icon": {
      "item": "honey_bottle"
    },
    "title": {
      "translate": "adv.husbandry.get_honey_bottle"
    },
    "description": {
      "translate": "adv.husbandry.get_honey_bottle.desc"
    }
  },
  "rewards": {
    "experience": 5
  },
  "criteria": {
    "safely_harvest_honey": {
      "trigger": "item_used_on_block",
      "conditions": {
        "location": {
          "block": {
            "tag": "beehives"
          }
        },
        "item": {
          "items": [
            "glass_bottle"
          ]
        }
      }
    }
  }
}
