{
  "display": {
    "icon": {
      "item": "golden_carrot"
    },
    "title": {
      "translate": "adv.husbandry.golden_carrot"
    },
    "description": {
      "translate": "adv.husbandry.golden_carrot.desc"
    }
  },
  "parent": "husbandry/carrot",
  "criteria": {
    "golden_carrot": {
      "trigger": "consume_item",
      "conditions": {
        "item": {
          "items": [
            "golden_carrot"
          ]
        }
      }
    }
  },
  "rewards": {
    "experience": 10
  }
}
