{
  "parent": "husbandry/breed_an_animal",
  "display": {
    "icon": {
      "item": "leather"
    },
    "title": {
      "translate": "adv.husbandry.leather"
    },
    "description": {
      "translate": "adv.husbandry.leather.desc"
    }
  },
  "rewards": {
    "function": "adv_rewards/leather",
    "experience": 5
  },
  "criteria": {
    "leather": {
      "trigger": "inventory_changed",
      "conditions": {
        "items": [
          {
            "items": [
              "leather"
            ]
          }
        ]
      }
    }
  }
}
