{
  "parent": "husbandry/root",
  "display": {
    "icon": {
      "item": "glow_ink_sac"
    },
    "title": {
      "translate": "advancements.husbandry.make_a_sign_glow.title"
    },
    "description": {
      "translate": "advancements.husbandry.make_a_sign_glow.description"
    }
  },
  "rewards": {
    "experience": 5
  },
  "criteria": {
    "make_a_sign_glow": {
      "trigger": "item_used_on_block",
      "conditions": {
        "location": {
          "block": {
            "tag": "signs"
          }
        },
        "item": {
          "items": [
            "glow_ink_sac"
          ]
        }
      }
    },
    "make_a_sign_glow_hanging": {
      "trigger": "item_used_on_block",
      "conditions": {
        "location": {
          "block": {
            "tag": "all_hanging_signs"
          }
        },
        "item": {
          "items": [
            "glow_ink_sac"
          ]
        }
      }
    }
  },
  "requirements": [
    [
      "make_a_sign_glow",
      "make_a_sign_glow_hanging"
    ]
  ]
}
