{
  "display": {
    "icon": {
      "item": "melon_slice"
    },
    "title": {
      "translate": "adv.husbandry.melon_slice"
    },
    "description": {
      "translate": "adv.husbandry.melon_slice.desc"
    }
  },
  "rewards": {
    "experience": 10
  },
  "parent": "husbandry/wheat",
  "criteria": {
    "melon_slice": {
      "trigger": "inventory_changed",
      "conditions": {
        "items": [
          {
            "items": [
              "melon_slice"
            ]
          }
        ]
      }
    }
  }
}
