{
  "display": {
    "icon": {
      "item": "brown_mushroom"
    },
    "title": {
      "translate": "adv.husbandry.mushroom_kingdom"
    },
    "description": {
      "translate": "adv.husbandry.mushroom_kingdom.desc"
    },
    "frame": "goal"
  },
  "parent": "husbandry/plant_seed",
  "criteria": {
    "brown_mushroom": {
      "trigger": "inventory_changed",
      "conditions": {
        "items": [
          {
            "items": [
              "brown_mushroom"
            ],
            "count": 64
          }
        ]
      }
    },
    "red_mushroom": {
      "trigger": "inventory_changed",
      "conditions": {
        "items": [
          {
            "items": [
              "red_mushroom"
            ],
            "count": 64
          }
        ]
      }
    }
  },
  "rewards": {
    "experience": 75
  }
}
