{
  "display": {
    "icon": {
      "item": "fishing_rod"
    },
    "title": {
      "translate": "adv.husbandry.not_fishing"
    },
    "description": {
      "translate": "adv.husbandry.not_fishing.desc"
    }
  },
  "parent": "husbandry/tactical_fishing",
  "criteria": {
    "requirement": {
      "trigger": "player_killed_entity",
      "conditions": {
        "player": {
          "equipment": {
            "mainhand": {
              "items": [
                "fishing_rod"
              ]
            }
          }
        }
      }
    }
  },
  "rewards": {
    "experience": 5
  }
}
