{
  "parent": "husbandry/break_diamond_hoe",
  "display": {
    "icon": {
      "item": "netherite_hoe"
    },
    "title": {
      "translate": "advancements.husbandry.netherite_hoe.title"
    },
    "description": {
      "translate": "advancements.husbandry.netherite_hoe.description"
    },
    "frame": "challenge"
  },
  "rewards": {
    "experience": 100
  },
  "criteria": {
    "netherite_hoe": {
      "trigger": "inventory_changed",
      "conditions": {
        "items": [
          {
            "items": [
              "netherite_hoe"
            ]
          }
        ]
      }
    }
  }
}
