{
  "parent": "husbandry/pick_flower",
  "display": {
    "icon": {
      "item": "wheat"
    },
    "title": {
      "translate": "advancements.husbandry.plant_seed.title"
    },
    "description": {
      "translate": "advancements.husbandry.plant_seed.description"
    }
  },
  "rewards": {
    "function": "adv_rewards/plant_seed",
    "experience": 3
  },
  "criteria": {
    "wheat": {
      "trigger": "placed_block",
      "conditions": {
        "block": "wheat"
      }
    },
    "pumpkin_stem": {
      "trigger": "placed_block",
      "conditions": {
        "block": "pumpkin_stem"
      }
    },
    "melon_stem": {
      "trigger": "placed_block",
      "conditions": {
        "block": "melon_stem"
      }
    },
    "beetroots": {
      "trigger": "placed_block",
      "conditions": {
        "block": "beetroots"
      }
    },
    "nether_wart": {
      "trigger": "placed_block",
      "conditions": {
        "block": "nether_wart"
      }
    }
  },
  "requirements": [
    [
      "wheat",
      "pumpkin_stem",
      "melon_stem",
      "beetroots",
      "nether_wart"
    ]
  ]
}
