{
  "parent": "husbandry/pick_flower",
  "display": {
    "icon": {
      "item": "wheat_seeds"
    },
    "title": {
      "translate": "adv.husbandry.plant_all_seeds"
    },
    "description": {
      "translate": "adv.husbandry.plant_all_seeds.desc"
    },
    "frame": "goal"
  },
  "rewards": {
    "experience": 30
  },
  "criteria": {
    "wheat": {
      "trigger": "placed_block",
      "conditions": {
        "block": "wheat"
      }
    },
    "pumpkin_stem": {
      "trigger": "placed_block",
      "conditions": {
        "block": "pumpkin_stem"
      }
    },
    "melon_stem": {
      "trigger": "placed_block",
      "conditions": {
        "block": "melon_stem"
      }
    },
    "beetroots": {
      "trigger": "placed_block",
      "conditions": {
        "block": "beetroots"
      }
    },
    "nether_wart": {
      "trigger": "placed_block",
      "conditions": {
        "block": "nether_wart"
      }
    }
  }
}
