{
  "display": {
    "icon": {
      "item": "pumpkin"
    },
    "title": {
      "translate": "adv.husbandry.pumpkin"
    },
    "description": {
      "translate": "adv.husbandry.pumpkin.desc"
    }
  },
  "rewards": {
    "experience": 10
  },
  "parent": "husbandry/wheat",
  "criteria": {
    "pumpkin": {
      "trigger": "inventory_changed",
      "conditions": {
        "items": [
          {
            "items": [
              "pumpkin"
            ]
          }
        ]
      }
    }
  }
}
