{
  "display": {
    "icon": {
      "item": "beef"
    },
    "title": {
      "translate": "adv.husbandry.repopulation"
    },
    "description": {
      "translate": "adv.husbandry.repopulation.desc"
    }
  },
  "parent": "husbandry/leather",
  "criteria": {
    "bred": {
      "trigger": "bred_animals",
      "conditions": {
        "child": [
          {
            "condition": "entity_properties",
            "entity": "this",
            "predicate": {
              "type": "cow"
            }
          }
        ]
      }
    }
  },
  "rewards": {
    "function": "adv_rewards/repopulation",
    "experience": 10
  }
}
