{
  "parent": "husbandry/get_honey_bottle",
  "display": {
    "icon": {
      "item": "honey_bottle"
    },
    "title": {
      "translate": "advancements.husbandry.safely_harvest_honey.title"
    },
    "description": {
      "translate": "advancements.husbandry.safely_harvest_honey.description"
    }
  },
  "rewards": {
    "experience": 10
  },
  "criteria": {
    "safely_harvest_honey": {
      "trigger": "item_used_on_block",
      "conditions": {
        "location": {
          "smokey": true,
          "block": {
            "tag": "beehives"
          }
        },
        "item": {
          "items": [
            "glass_bottle"
          ]
        }
      }
    }
  }
}
