{
  "parent": "husbandry/breed_an_animal",
  "display": {
    "icon": {
      "item": "shears"
    },
    "title": {
      "translate": "adv.husbandry.shears"
    },
    "description": {
      "translate": "adv.husbandry.shears.desc"
    }
  },
  "rewards": {
    "experience": 5
  },
  "criteria": {
    "shears": {
      "trigger": "inventory_changed",
      "conditions": {
        "items": [
          {
            "items": [
              "shears"
            ]
          }
        ]
      }
    }
  }
}
