{
  "display": {
    "icon": {
      "item": "suspicious_stew"
    },
    "title": {
      "translate": "adv.husbandry.suspicious_stew"
    },
    "description": {
      "translate": "adv.husbandry.suspicious_stew.desc"
    }
  },
  "rewards": {
    "experience": 20
  },
  "parent": "husbandry/pick_flower",
  "criteria": {
    "suspicious_stew": {
      "trigger": "inventory_changed",
      "conditions": {
        "items": [
          {
            "items": [
              "suspicious_stew"
            ]
          }
        ]
      }
    }
  }
}
