{
  "display": {
    "icon": {
      "item": "sweet_berries"
    },
    "title": {
      "translate": "adv.husbandry.sweet_berries"
    },
    "description": {
      "translate": "adv.husbandry.sweet_berries.desc"
    }
  },
  "rewards": {
    "experience": 10
  },
  "parent": "husbandry/wheat",
  "criteria": {
    "sweet_berries": {
      "trigger": "inventory_changed",
      "conditions": {
        "items": [
          {
            "items": [
              "sweet_berries"
            ]
          }
        ]
      }
    }
  }
}
