{
  "parent": "husbandry/fishy_business",
  "display": {
    "icon": {
      "item": "pufferfish_bucket"
    },
    "title": {
      "translate": "advancements.husbandry.tactical_fishing.title"
    },
    "description": {
      "translate": "advancements.husbandry.tactical_fishing.description"
    }
  },
  "rewards": {
    "experience": 20
  },
  "criteria": {
    "cod_bucket": {
      "trigger": "filled_bucket",
      "conditions": {
        "item": {
          "items": [
            "cod_bucket"
          ]
        }
      }
    },
    "tropical_fish_bucket": {
      "trigger": "filled_bucket",
      "conditions": {
        "item": {
          "items": [
            "tropical_fish_bucket"
          ]
        }
      }
    },
    "pufferfish_bucket": {
      "trigger": "filled_bucket",
      "conditions": {
        "item": {
          "items": [
            "pufferfish_bucket"
          ]
        }
      }
    },
    "salmon_bucket": {
      "trigger": "filled_bucket",
      "conditions": {
        "item": {
          "items": [
            "salmon_bucket"
          ]
        }
      }
    }
  },
  "requirements": [
    [
      "cod_bucket",
      "tropical_fish_bucket",
      "pufferfish_bucket",
      "salmon_bucket"
    ]
  ]
}
