{
  "parent": "husbandry/root",
  "criteria": {
    "tadpole_bucket": {
      "conditions": {
        "item": {
          "items": [
            "tadpole_bucket"
          ]
        }
      },
      "trigger": "filled_bucket"
    }
  },
  "rewards": {
    "experience": 10
  },
  "display": {
    "description": {
      "translate": "advancements.husbandry.tadpole_in_a_bucket.description"
    },
    "icon": {
      "item": "tadpole_bucket"
    },
    "title": {
      "translate": "advancements.husbandry.tadpole_in_a_bucket.title"
    }
  }
}
