{
  "display": {
    "icon": {
      "item": "apple"
    },
    "title": {
      "translate": "adv.husbandry.tame_mule"
    },
    "description": {
      "translate": "adv.husbandry.tame_mule.desc"
    }
  },
  "parent": "husbandry/breed_an_animal",
  "criteria": {
    "requirement": {
      "trigger": "bred_animals",
      "conditions": {
        "child": [
          {
            "condition": "entity_properties",
            "entity": "this",
            "predicate": {
              "type": "mule"
            }
          }
        ]
      }
    }
  },
  "rewards": {
    "experience": 25
  }
}
