{
  "parent": "husbandry/wax_on",
  "display": {
    "icon": {
      "item": "stone_axe"
    },
    "title": {
      "translate": "advancements.husbandry.wax_off.title"
    },
    "description": {
      "translate": "advancements.husbandry.wax_off.description"
    }
  },
  "rewards": {
    "experience": 5
  },
  "criteria": {
    "wax_off": {
      "trigger": "item_used_on_block",
      "conditions": {
        "location": {
          "block": {
            "blocks": [
              "waxed_copper_block",
              "waxed_exposed_copper",
              "waxed_weathered_copper",
              "waxed_oxidized_copper",
              "waxed_cut_copper",
              "waxed_exposed_cut_copper",
              "waxed_weathered_cut_copper",
              "waxed_oxidized_cut_copper",
              "waxed_cut_copper_slab",
              "waxed_exposed_cut_copper_slab",
              "waxed_weathered_cut_copper_slab",
              "waxed_oxidized_cut_copper_slab",
              "waxed_cut_copper_stairs",
              "waxed_exposed_cut_copper_stairs",
              "waxed_weathered_cut_copper_stairs",
              "waxed_oxidized_cut_copper_stairs"
            ]
          }
        },
        "item": {
          "items": [
            "wooden_axe",
            "golden_axe",
            "stone_axe",
            "iron_axe",
            "diamond_axe",
            "netherite_axe"
          ]
        }
      }
    }
  }
}
