{
  "display": {
    "icon": {
      "item": "bamboo"
    },
    "title": {
      "translate": "adv.husbandry.zoologist"
    },
    "description": {
      "translate": "adv.husbandry.zoologist.desc"
    }
  },
  "parent": "husbandry/repopulation",
  "criteria": {
    "bred": {
      "trigger": "bred_animals",
      "conditions": {
        "child": [
          {
            "condition": "entity_properties",
            "entity": "this",
            "predicate": {
              "type": "panda"
            }
          }
        ]
      }
    }
  },
  "rewards": {
    "experience": 15
  }
}
