{
  "pools": [
    {
      "rolls": 1,
      "entries": [
        {
          "type": "minecraft:item",
          "name": "minecraft:gold_nugget",
          "weight": 16
        },
        {
          "type": "minecraft:item",
          "name": "minecraft:snout_armor_trim_smithing_template"
        },
        {
          "type": "minecraft:loot_table",
          "name": "tcc:items/pottery_sherd/nether_brick/armor"
        },
        {
          "type": "minecraft:loot_table",
          "name": "tcc:items/pottery_sherd/nether_brick/beast"
        },
        {
          "type": "minecraft:loot_table",
          "name": "tcc:items/pottery_sherd/nether_brick/brute"
        },
        {
          "type": "minecraft:loot_table",
          "name": "tcc:items/pottery_sherd/nether_brick/crop"
        },
        {
          "type": "minecraft:loot_table",
          "name": "tcc:items/pottery_sherd/nether_brick/detection"
        },
        {
          "type": "minecraft:loot_table",
          "name": "tcc:items/pottery_sherd/nether_brick/escape"
        },
        {
          "type": "minecraft:loot_table",
          "name": "tcc:items/pottery_sherd/nether_brick/flame"
        },
        {
          "type": "minecraft:loot_table",
          "name": "tcc:items/pottery_sherd/nether_brick/horror"
        },
        {
          "type": "minecraft:loot_table",
          "name": "tcc:items/pottery_sherd/nether_brick/hunter"
        },
        {
          "type": "minecraft:loot_table",
          "name": "tcc:items/pottery_sherd/nether_brick/mount"
        },
        {
          "type": "minecraft:loot_table",
          "name": "tcc:items/pottery_sherd/nether_brick/portal"
        },
        {
          "type": "minecraft:loot_table",
          "name": "tcc:items/pottery_sherd/nether_brick/ranger"
        },
        {
          "type": "minecraft:loot_table",
          "name": "tcc:items/pottery_sherd/nether_brick/riches"
        },
        {
          "type": "minecraft:loot_table",
          "name": "tcc:items/pottery_sherd/nether_brick/sorrow"
        },
        {
          "type": "minecraft:loot_table",
          "name": "tcc:items/pottery_sherd/nether_brick/star"
        }
      ]
    }
  ],
  "random_sequence": "tcc:archaeology/piglin_bartering"
}