{
  "name": "lore:lore",
  "fallback": "minecraft:empty",
  "elements": [
    {
      "weight": 1,
      "element": {
        "element_type": "minecraft:single_pool_element",
        "projection": "rigid",
        "location": "structory_towers:frosted_outpost",
        "processors": "minecraft:empty"
      }
    },
    {
      "weight":2,
      "element": {
        "element_type": "minecraft:single_pool_element",
        "projection": "rigid",
        "location": "structory_towers:frosted_outpost_v2",
        "processors": "minecraft:empty"
      }
    }
  ]
}
