{
	"feature": "terralith:flower/blue/nylium_disk",
	"placement": [
		{
			"type": "minecraft:count",
			"count": {
				"type": "minecraft:weighted_list",
				"distribution": [
					{
						"weight": 0,
						"data": 64
					},
					{
						"weight": 100,
						"data": 69
					}
				]
			}
		},
		{
			"type": "minecraft:in_square"
		},
		{
			"type": "minecraft:noise_based_count",
			"noise_to_count_ratio": 1,
			"noise_factor": 145,
			"noise_offset": 0.2
		},
		{
			"type": "minecraft:height_range",
			"height": {
				"type": "minecraft:constant",
				"value": {
					"absolute": 62
				}
			}
		},
		{
			"type": "minecraft:biome"
		}
	]
}
