{
  "feature": {
    "type": "minecraft:random_patch",
    "config": {
      "tries": 8,
      "xz_spread": 6,
      "y_spread": 3,
      "feature": {
        "feature": {
          "type": "minecraft:simple_block",
          "config": {
            "to_place": {
              "type": "minecraft:noise_provider",
              "seed": 26,
              "noise": {
                "firstOctave": -5,
                "amplitudes": [
                  1,
                  1,
                  1.5
                ]
              },
              "scale": 1,
              "states": [
                {
                  "Name": "minecraft:medium_amethyst_bud",
                  "Properties": {
                    "facing": "up",
                    "waterlogged": "false"
                  }
                },
                {
                  "Name": "minecraft:small_amethyst_bud",
                  "Properties": {
                    "facing": "up",
                    "waterlogged": "false"
                  }
                },
                {"Name":"minecraft:air"},
                {"Name":"minecraft:air"},{"Name":"minecraft:air"},
                {
                  "Name": "minecraft:orange_tulip"
                },
                {
                  "Name": "minecraft:orange_tulip"
                },
                {
                  "Name": "minecraft:orange_tulip"
                }
              ]
            }
          }
        },
        "placement": [
          {
            "type": "minecraft:block_predicate_filter",
            "predicate": {
              "type": "minecraft:all_of",
              "predicates": [
                {
                  "type": "minecraft:matching_blocks",
                  "offset": [
                    0,
                    0,
                    0
                  ],
                  "blocks": [
                    "minecraft:air"
                  ]
                },
                {
                  "type": "minecraft:matching_blocks",
                  "offset": [
                    0,
                    -1,
                    0
                  ],
                  "blocks": [
                    "minecraft:grass_block"
                  ]
                }
              ]
            }
          }
        ]
      }
    }
  },
  "placement": [
    {
      "type": "minecraft:count",
      "count": 5
    },
    {
      "type": "minecraft:in_square"
    },
    {
      "type": "minecraft:heightmap",
      "heightmap": "WORLD_SURFACE_WG"
    }
  ]
}
