{
  "pools": [
    {
      "rolls": {
        "min": {
          "type": "minecraft:score",
          "target": "this",
          "score": "mt.progression",
          "scale": 0.00002
        },
        "max": {
          "min": {
            "type": "minecraft:score",
            "target": "this",
            "score": "mt.epic_count",
            "scale": 0.05
          },
          "max": {
            "type": "minecraft:score",
            "target": "this",
            "score": "mt.epic_count",
            "scale": 0.1
          }
        }
      },
      "bonus_rolls": {
        "min": 1,
        "max": 6
      },
      "entries": [
        {
          "type": "minecraft:item",
          "name": "minecraft:nether_wart_block",
          "weight": 3,
          "functions": [
            {
              "function": "minecraft:set_count",
              "count": {
                "min": 3,
                "max": 6
              }
            }
          ],
          "conditions": [
            {
              "condition": "minecraft:entity_scores",
              "entity": "this",
              "scores": {
                "mt.progression": {
                  "max": 399999
                }
              }
            }
          ]
        },
        {
          "type": "minecraft:item",
          "weight": 1,
          "name": "minecraft:wither_skeleton_spawn_egg",
          "functions": [
            {
              "function": "minecraft:set_count",
              "count": {
                "min": 1,
                "max": 1
              }
            },
            {
              "function": "set_nbt",
              "tag": "{display:{Name:'{\"text\":\"Wither Skeleton Spawn Egg\",\"color\":\"gold\",\"italic\":false}',Lore:['{\"text\":\"Hint: use this on a spawner.\",\"color\":\"gray\",\"italic\":false}']}}"
            }
          ],
          "conditions": [
            {
              "condition": "minecraft:entity_scores",
              "entity": "this",
              "scores": {
                "mt.progression": {
                  "min": 500000
                }
              }
            },
            {
              "condition": "minecraft:random_chance",
              "chance": 0.2
            }
          ]
        },
        {
          "type": "minecraft:item",
          "name": "minecraft:nether_wart",
          "weight": 3,
          "functions": [
            {
              "function": "minecraft:set_count",
              "count": {
                "min": 6,
                "max": 9
              }
            }
          ],
          "conditions": [
            {
              "condition": "minecraft:entity_scores",
              "entity": "this",
              "scores": {
                "mt.progression": {
                  "max": 349999
                }
              }
            }
          ]
        },
        {
          "type": "minecraft:item",
          "name": "minecraft:ghast_tear",
          "weight": 3,
          "functions": [
            {
              "function": "minecraft:set_count",
              "count": {
                "min": 3,
                "max": 6
              }
            }
          ]
        },
        {
          "type": "minecraft:item",
          "name": "minecraft:end_crystal",
          "weight": 2,
          "functions": [
            {
              "function": "minecraft:set_count",
              "count": {
                "min": 2,
                "max": 4
              }
			      }
          ]
        },
        {
          "type": "item",
          "weight": 1,
          "name": "minecraft:potion",
          "functions": [
            {
              "function": "set_count",
              "count": 1
            },
            {
              "function": "set_nbt",
              "tag": "{display:{Name:'{\"text\":\"Soul Potion\",\"color\":\"light_purple\",\"italic\":false}'},CustomPotionEffects:[{Id:10b,Amplifier:2b,Duration:800,ShowParticles:1b},{Id:22b,Amplifier:1b,Duration:800,ShowParticles:1b},{Id:23b,Amplifier:4b,Duration:100,ShowParticles:1b}],CustomPotionColor:11852256}"
            },
            {
              "function": "minecraft:set_nbt",
              "tag": "{food:soul}"
            }
          ]
        },
        {
          "type": "minecraft:item",
          "name": "minecraft:crying_obsidian",
          "weight": 3,
          "functions": [
            {
              "function": "minecraft:set_count",
              "count": {
                "min": 4,
                "max": 8
              }
            }
          ]
        },
        {
          "type": "minecraft:item",
          "name": "minecraft:ancient_debris",
          "weight": 1,
          "functions": [
            {
              "function": "minecraft:set_count",
              "count": {
                "min": 1,
                "max": 2
              }
            }
          ]
        },
        {
          "type": "minecraft:item",
          "name": "minecraft:netherite_scrap",
          "weight": 2,
          "functions": [
            {
              "function": "minecraft:set_count",
              "count": {
                "min": 1,
                "max": 2
              }
            }
          ]
        },
        {
          "type": "minecraft:item",
          "name": "minecraft:magma_cream",
          "weight": 3,
          "functions": [
            {
              "function": "minecraft:set_count",
              "count": {
                "min": 1,
                "max": 3
              }
            }
          ],
          "conditions": [
            {
              "condition": "minecraft:entity_scores",
              "entity": "this",
              "scores": {
                "mt.progression": {
                  "max": 349999
                }
              }
            }
          ]
        },
        {
          "type": "minecraft:item",
          "name": "minecraft:wither_skeleton_skull",
          "weight": 3,
          "functions": [
            {
              "function": "minecraft:set_count",
              "count": {
                "min": 1,
                "max": 1
              }
            }
          ]
        },
        {
          "type": "minecraft:item",
          "name": "minecraft:experience_bottle",
          "weight": 2,
          "functions": [
            {
              "function": "minecraft:set_count",
              "count": {
                "min": 3,
                "max": 7
              }
            }
          ]
        },
        {
          "type": "minecraft:item",
          "name": "minecraft:netherite_ingot",
          "weight": 2,
          "conditions": [
            {
              "condition": "minecraft:random_chance",
              "chance": 0.08
            }
          ]
        },
        {
          "type": "minecraft:item",
          "name": "minecraft:nether_star",
          "weight": 1,
          "conditions": [
            {
              "condition": "minecraft:random_chance",
              "chance": 0.05
            }
          ]
        }
	  ]
    }
  ]
}