{
  "parent": "tcc:technical/root",
  "criteria": {
    "die": {
      "trigger": "minecraft:entity_hurt_player",
      "conditions": {
        "player": [
          {
            "condition": "minecraft:entity_properties",
            "entity": "this",
            "predicate": {
              "nbt": "{Health:0f,Tags:[\"tcc.has_soulbound_item\"]}"
            }
          }
        ]
      }
    }
  },
  "rewards": {
    "function": "tcc:item/soulbound_item/player_death"
  }
}
