{
  "type": "minecraft:chest",
  "pools": [
    {
      "bonus_rolls": 0.0,
      "entries": [
        {
          "type": "minecraft:empty",
          "weight": 14
        },
        {
          "type": "minecraft:item",
          "name": "minecraft:spire_armor_trim_smithing_template"
        }
      ],
      "rolls": 1.0
    },
    {
      "rolls": {
        "min": 0,
        "max": 3
      },
      "bonus_rolls": 0,
      "entries": [
        {
          "type": "minecraft:item",
          "weight": 2,
          "name": "minecraft:diamond_sword",
          "functions": [
            {
              "function": "minecraft:enchant_with_levels",
              "levels": {
                "type": "minecraft:uniform",
                "min": 15,
                "max": 29
              },
              "treasure": true
            },
            {
              "function": "minecraft:set_damage",
              "damage": {
                "min": 0.1,
                "max": 0.6
              }
            }
          ]
        },
        {
          "type": "minecraft:item",
          "weight": 2,
          "name": "minecraft:diamond_boots",
          "functions": [
            {
              "function": "minecraft:enchant_with_levels",
              "levels": {
                "type": "minecraft:uniform",
                "min": 15,
                "max": 29
              },
              "treasure": true
            },
            {
              "function": "minecraft:set_damage",
              "damage": {
                "min": 0.1,
                "max": 0.6
              }
            }
          ]
        },
        {
          "type": "minecraft:item",
          "weight": 2,
          "name": "minecraft:diamond_chestplate",
          "functions": [
            {
              "function": "minecraft:enchant_with_levels",
              "levels": {
                "type": "minecraft:uniform",
                "min": 15,
                "max": 29
              },
              "treasure": true
            },
            {
              "function": "minecraft:set_damage",
              "damage": {
                "min": 0.1,
                "max": 0.6
              }
            }
          ]
        },
        {
          "type": "minecraft:item",
          "weight": 2,
          "name": "minecraft:diamond_leggings",
          "functions": [
            {
              "function": "minecraft:enchant_with_levels",
              "levels": {
                "type": "minecraft:uniform",
                "min": 15,
                "max": 29
              },
              "treasure": true
            },
            {
              "function": "minecraft:set_damage",
              "damage": {
                "min": 0.1,
                "max": 0.6
              }
            }
          ]
        },
        {
          "type": "minecraft:item",
          "weight": 2,
          "name": "minecraft:diamond_helmet",
          "functions": [
            {
              "function": "minecraft:enchant_with_levels",
              "levels": {
                "type": "minecraft:uniform",
                "min": 15,
                "max": 29
              },
              "treasure": true
            },
            {
              "function": "minecraft:set_damage",
              "damage": {
                "min": 0.1,
                "max": 0.6
              }
            }
          ]
        },
        {
          "type": "minecraft:item",
          "weight": 2,
          "name": "minecraft:diamond_pickaxe",
          "functions": [
            {
              "function": "minecraft:enchant_with_levels",
              "levels": {
                "type": "minecraft:uniform",
                "min": 15,
                "max": 29
              },
              "treasure": true
            },
            {
              "function": "minecraft:set_damage",
              "damage": {
                "min": 0.1,
                "max": 0.6
              }
            }
          ]
        },
        {
          "type": "minecraft:item",
          "weight": 2,
          "name": "minecraft:diamond_shovel",
          "functions": [
            {
              "function": "minecraft:enchant_with_levels",
              "levels": {
                "type": "minecraft:uniform",
                "min": 15,
                "max": 29
              },
              "treasure": true
            },
            {
              "function": "minecraft:set_damage",
              "damage": {
                "min": 0.1,
                "max": 0.6
              }
            }
          ]
        },
        {
          "type": "minecraft:item",
          "weight": 4,
          "name": "minecraft:iron_sword",
          "functions": [
            {
              "function": "minecraft:enchant_with_levels",
              "levels": {
                "type": "minecraft:uniform",
                "min": 15,
                "max": 29
              },
              "treasure": true
            },
            {
              "function": "minecraft:set_damage",
              "damage": {
                "min": 0.1,
                "max": 0.6
              }
            }
          ]
        },
        {
          "type": "minecraft:item",
          "weight": 4,
          "name": "minecraft:iron_boots",
          "functions": [
            {
              "function": "minecraft:enchant_with_levels",
              "levels": {
                "type": "minecraft:uniform",
                "min": 15,
                "max": 29
              },
              "treasure": true
            },
            {
              "function": "minecraft:set_damage",
              "damage": {
                "min": 0.1,
                "max": 0.6
              }
            }
          ]
        },
        {
          "type": "minecraft:item",
          "weight": 4,
          "name": "minecraft:iron_chestplate",
          "functions": [
            {
              "function": "minecraft:enchant_with_levels",
              "levels": {
                "type": "minecraft:uniform",
                "min": 15,
                "max": 29
              },
              "treasure": true
            },
            {
              "function": "minecraft:set_damage",
              "damage": {
                "min": 0.1,
                "max": 0.6
              }
            }
          ]
        },
        {
          "type": "minecraft:item",
          "weight": 4,
          "name": "minecraft:iron_leggings",
          "functions": [
            {
              "function": "minecraft:enchant_with_levels",
              "levels": {
                "type": "minecraft:uniform",
                "min": 15,
                "max": 29
              },
              "treasure": true
            },
            {
              "function": "minecraft:set_damage",
              "damage": {
                "min": 0.1,
                "max": 0.6
              }
            }
          ]
        },
        {
          "type": "minecraft:item",
          "weight": 4,
          "name": "minecraft:iron_helmet",
          "functions": [
            {
              "function": "minecraft:enchant_with_levels",
              "levels": {
                "type": "minecraft:uniform",
                "min": 15,
                "max": 29
              },
              "treasure": true
            },
            {
              "function": "minecraft:set_damage",
              "damage": {
                "min": 0.1,
                "max": 0.6
              }
            }
          ]
        },
        {
          "type": "minecraft:item",
          "weight": 4,
          "name": "minecraft:iron_pickaxe",
          "functions": [
            {
              "function": "minecraft:enchant_with_levels",
              "levels": {
                "type": "minecraft:uniform",
                "min": 15,
                "max": 29
              },
              "treasure": true
            },
            {
              "function": "minecraft:set_damage",
              "damage": {
                "min": 0.1,
                "max": 0.6
              }
            }
          ]
        },
        {
          "type": "minecraft:item",
          "weight": 4,
          "name": "minecraft:iron_shovel",
          "functions": [
            {
              "function": "minecraft:enchant_with_levels",
              "levels": {
                "type": "minecraft:uniform",
                "min": 15,
                "max": 29
              },
              "treasure": true
            },
            {
              "function": "minecraft:set_damage",
              "damage": {
                "min": 0.1,
                "max": 0.6
              }
            }
          ]
        }
      ]
    },
    {
      "rolls": {
        "min": 4,
        "max": 6
      },
      "entries": [
        {
          "type": "minecraft:item",
          "weight": 6,
          "name": "minecraft:iron_ingot",
          "functions": [
            {
              "function": "minecraft:set_count",
              "count": {
                "type": "minecraft:uniform",
                "min": 4,
                "max": 8
              },
              "add": false
            }
          ]
        },
        {
          "type": "minecraft:item",
          "weight": 6,
          "name": "minecraft:gold_ingot",
          "functions": [
            {
              "function": "minecraft:set_count",
              "count": {
                "type": "minecraft:uniform",
                "min": 2,
                "max": 7
              },
              "add": false
            }
          ]
        },
        {
          "type": "minecraft:item",
          "weight": 4,
          "name": "minecraft:diamond",
          "functions": [
            {
              "function": "minecraft:set_count",
              "count": {
                "type": "minecraft:uniform",
                "min": 2,
                "max": 7
              },
              "add": false
            }
          ]
        },
        {
          "type": "minecraft:item",
          "weight": 4,
          "name": "minecraft:emerald",
          "functions": [
            {
              "function": "minecraft:set_count",
              "count": {
                "type": "minecraft:uniform",
                "min": 2,
                "max": 6
              },
              "add": false
            }
          ]
        },
        {
          "type": "minecraft:item",
          "weight": 4,
          "name": "minecraft:chorus_fruit",
          "functions": [
            {
              "function": "minecraft:set_count",
              "count": {
                "min": 4,
                "max": 8
              }
            }
          ]
        },
        {
          "type": "minecraft:item",
          "weight": 4,
          "name": "minecraft:popped_chorus_fruit",
          "functions": [
            {
              "function": "minecraft:set_count",
              "count": {
                "min": 6,
                "max": 10
              }
            }
          ]
        },
        {
          "type": "minecraft:item",
          "weight": 6,
          "name": "minecraft:end_rod",
          "functions": [
            {
              "function": "minecraft:set_count",
              "count": {
                "min": 4,
                "max": 8
              }
            }
          ]
        },
        {
          "type": "minecraft:item",
          "weight": 6,
          "name": "minecraft:purpur_block",
          "functions": [
            {
              "function": "minecraft:set_count",
              "count": {
                "min": 8,
                "max": 16
              }
            }
          ]
        },
        {
          "type": "minecraft:item",
          "weight": 6,
          "name": "minecraft:ender_pearl",
          "functions": [
            {
              "function": "minecraft:set_count",
              "count": {
                "min": 2,
                "max": 3
              }
            }
          ]
        },
        {
          "type": "minecraft:item",
          "weight": 3,
          "name": "minecraft:brewing_stand"
        },
        {
          "type": "minecraft:item",
          "name": "minecraft:shulker_shell"
        }
      ]
    }
  ]
}
