{
  "pools": [
    {
      "rolls": 1,
      "entries": [
        {
          "type": "item",
          "name": "minecraft:fermented_spider_eye",
          "weight": 1,
          "functions": [
            {
              "function": "set_count",
              "count": 10
            }
          ]
        }
      ]
    },
    {
      "rolls": 1,
      "entries": [
        {
          "type": "loot_table",
          "name": "tcc:items/ancient_explorer_map"
        }
      ]
    }
  ]
}