{
  "pools": [
    {
      "rolls": 1,
      "entries": [
        {
          "type": "item",
          "name": "minecraft:spider_eye",
          "weight": 1,
          "functions": [
            {
              "function": "set_count",
              "count": 15
            }
          ]
        }
      ]
    },
    {
      "rolls": 1,
      "entries": [
        {
          "type": "loot_table",
          "name": "tcc:items/amethyst_dust"
        },
        {
          "type": "item",
          "name": "minecraft:redstone",
          "functions": [
            {
              "function": "set_count",
              "count": 8
            }
          ]
        },
        {
          "type": "item",
          "name": "minecraft:glowstone_dust",
          "functions": [
            {
              "function": "set_count",
              "count": 8
            }
          ]
        },
        {
          "type": "item",
          "name": "minecraft:gunpowder",
          "functions": [
            {
              "function": "set_count",
              "count": 8
            }
          ]
        }
      ]
    }
  ]
}