{
  "pools": [
    {
      "rolls": 1,
      "entries": [
        {
          "type": "item",
          "name": "minecraft:spider_eye",
          "weight": 1,
          "functions": [
            {
              "function": "set_count",
              "count": 10
            }
          ]
        }
      ]
    },
    {
      "rolls": 1,
      "entries": [
        {
          "type": "loot_table",
          "name": "tcc:items/sightless_eye"
        },
        {
          "type": "item",
          "name": "minecraft:rabbit_foot"
        },
        {
          "type": "item",
          "name": "minecraft:phantom_membrane"
        },
        {
          "type": "item",
          "name": "minecraft:ghast_tear"
        },
        {
          "type": "item",
          "name": "minecraft:pufferfish"
        },
        {
          "type": "item",
          "name": "minecraft:magma_cream"
        },
        {
          "type": "loot_table",
          "name": "tcc:items/heartbeet"
        }
      ]
    }
  ]
}