{
  "display": {
    "icon": {
      "item": "minecraft:beacon"
    },
    "title": "The Fraction of Our Power",
    "description": "Consume a Ultra Potion Potion",
    "frame": "task",
    "show_toast": true,
    "announce_to_chat": true,
    "hidden": false
  },
  "parent": "mt:treasure_advancements/first_legendary_swamp_treasure",
  "criteria": {
    "requirement": {
      "trigger": "minecraft:consume_item",
      "conditions": {
        "item": {
          "nbt": "{item:upotion}"
        }
      }
    }
  }
}
