{
  "display": {
    "icon": {
      "item": "minecraft:cod"
    },
    "title": "I Got Gills!",
    "description": "Consume a Ultra Water Breathing Potion",
    "frame": "task",
    "show_toast": true,
    "announce_to_chat": true,
    "hidden": false
  },
  "parent": "mt:treasure_advancements/first_epic_swamp_treasure",
  "criteria": {
    "requirement": {
      "trigger": "minecraft:consume_item",
      "conditions": {
        "item": {
          "nbt": "{item:uwbg}"
        }
      }
    }
  }
}
