{
  "type": "minecraft:chest",
  "pools": [
    {
      "rolls": 15,
      "entries": [
        {
          "type": "minecraft:item",
          "name": "minecraft:red_mushroom",
          "functions": [
            {
              "function": "minecraft:set_count",
              "count": {
                "min": 1,
                "max": 2
              }
            }
          ],
          "weight": 4
        },
        {
          "type": "minecraft:item",
          "name": "minecraft:mushroom_stew",
          "weight": 1
        },
        {
          "type": "minecraft:item",
          "name": "minecraft:spider_eye",
          "weight": 5
        },
        {
          "type": "minecraft:item",
          "name": "minecraft:brown_mushroom",
          "weight": 10
        },
        {
          "type": "minecraft:item",
          "name": "minecraft:air",
          "weight": 60
        }
      ]
    }
  ],
  "random_sequence": "tcc:chests/wandering_witch_llama"
}
