{
  "parent": "adventure/loot_dungeon",
  "display": {
    "icon": {
      "item": "music_disc_cat"
    },
    "title": {
      "translate": "adv.adventure.all_music_discs"
    },
    "description": {
      "translate": "adv.adventure.all_music_discs.desc"
    },
    "frame": "challenge"
  },
  "rewards": {
    "experience": 500
  },
  "criteria": {
    "music_disc_11": {
      "trigger": "inventory_changed",
      "conditions": {
        "items": [
          {
            "items": [
              "music_disc_11"
            ]
          }
        ]
      }
    },
    "music_disc_13": {
      "trigger": "inventory_changed",
      "conditions": {
        "items": [
          {
            "items": [
              "music_disc_13"
            ]
          }
        ]
      }
    },
    "music_disc_5": {
      "trigger": "inventory_changed",
      "conditions": {
        "items": [
          {
            "items": [
              "music_disc_5"
            ]
          }
        ]
      }
    },
    "music_disc_blocks": {
      "trigger": "inventory_changed",
      "conditions": {
        "items": [
          {
            "items": [
              "music_disc_blocks"
            ]
          }
        ]
      }
    },
    "music_disc_cat": {
      "trigger": "inventory_changed",
      "conditions": {
        "items": [
          {
            "items": [
              "music_disc_cat"
            ]
          }
        ]
      }
    },
    "music_disc_chirp": {
      "trigger": "inventory_changed",
      "conditions": {
        "items": [
          {
            "items": [
              "music_disc_chirp"
            ]
          }
        ]
      }
    },
    "music_disc_far": {
      "trigger": "inventory_changed",
      "conditions": {
        "items": [
          {
            "items": [
              "music_disc_far"
            ]
          }
        ]
      }
    },
    "music_disc_mall": {
      "trigger": "inventory_changed",
      "conditions": {
        "items": [
          {
            "items": [
              "music_disc_mall"
            ]
          }
        ]
      }
    },
    "music_disc_mellohi": {
      "trigger": "inventory_changed",
      "conditions": {
        "items": [
          {
            "items": [
              "music_disc_mellohi"
            ]
          }
        ]
      }
    },
    "music_disc_otherside": {
      "trigger": "inventory_changed",
      "conditions": {
        "items": [
          {
            "items": [
              "music_disc_otherside"
            ]
          }
        ]
      }
    },
    "music_disc_pigstep": {
      "trigger": "inventory_changed",
      "conditions": {
        "items": [
          {
            "items": [
              "music_disc_pigstep"
            ]
          }
        ]
      }
    },
    "music_disc_stal": {
      "trigger": "inventory_changed",
      "conditions": {
        "items": [
          {
            "items": [
              "music_disc_stal"
            ]
          }
        ]
      }
    },
    "music_disc_strad": {
      "trigger": "inventory_changed",
      "conditions": {
        "items": [
          {
            "items": [
              "music_disc_strad"
            ]
          }
        ]
      }
    },
    "music_disc_wait": {
      "trigger": "inventory_changed",
      "conditions": {
        "items": [
          {
            "items": [
              "music_disc_wait"
            ]
          }
        ]
      }
    },
    "music_disc_ward": {
      "trigger": "inventory_changed",
      "conditions": {
        "items": [
          {
            "items": [
              "music_disc_ward"
            ]
          }
        ]
      }
    }
  }
}
