{
  "display": {
    "icon": {
      "item": "chest",
      "nbt": "{Enchantments:[{id:\"power\",lvl:1}]}"
    },
    "title": {
      "translate": "adv.adventure.all_chests"
    },
    "description": {
      "translate": "adv.adventure.all_chests.desc"
    },
    "frame": "challenge"
  },
  "parent": "adventure/get_chest",
  "criteria": {
    "requirement": {
      "trigger": "inventory_changed",
      "conditions": {
        "items": [
          {
            "items": [
              "chest"
            ],
            "count": 64
          },
          {
            "items": [
              "trapped_chest"
            ],
            "count": 64
          },
          {
            "items": [
              "ender_chest"
            ],
            "count": 64
          }
        ]
      }
    }
  },
  "rewards": {
    "experience": 500
  }
}
