{
  "parent": "adventure/use_brush",
  "display": {
    "icon": {
      "item": "brush"
    },
    "title": {
      "translate": "adv.adventure.archeologist"
    },
    "description": {
      "translate": "adv.adventure.archeologist.desc"
    },
    "frame": "goal"
  },
  "rewards": {
    "experience": 30
  },
  "criteria": {
    "broke_hoe": {
      "trigger": "item_durability_changed",
      "conditions": {
        "item": {
          "items": ["brush"]
        },
        "durability": {
          "max": 0
        }
      }
    }
  }
}