{
  "display": {
    "icon": {
      "item": "zombie_head"
    },
    "title": {
      "translate": "adv.adventure.baby_zombie"
    },
    "description": {
      "translate": "adv.adventure.baby_zombie.desc"
    }
  },
  "parent": "adventure/creeper",
  "criteria": {
    "hurt": {
      "trigger": "player_killed_entity",
      "conditions": {
        "entity": [
          {
            "condition": "entity_properties",
            "entity": "this",
            "predicate": {
              "type": "zombie",
              "flags": {
                "is_baby": true
              }
            }
          }
        ]
      }
    }
  },
  "rewards": {
    "experience": 10
  }
}
