{
  "parent": "adventure/desert_pyramid",
  "display": {
    "icon": {
      "item": "brush"
    },
    "title": {
      "translate": "adv.adventure.brush"
    },
    "description": {
      "translate": "adv.adventure.brush.desc"
    }
  },
  "rewards": {
    "experience": 10
  },
  "criteria": {
    "brush": {
      "trigger": "inventory_changed",
      "conditions": {
        "items": [
          {
            "items": [
              "brush"
            ]
          }
        ]
      }
    }
  }
}
