{
  "display": {
    "icon": {
      "item": "trident"
    },
    "title": {
      "translate": "adv.adventure.channel_all_monsters"
    },
    "description": {
      "translate": "adv.adventure.channel_all_monsters.desc"
    },
    "frame": "challenge"
  },
  "parent": "adventure/very_very_frightening",
  "criteria": {
    "zombie": {
      "trigger": "channeled_lightning",
      "conditions": {
        "victims": [
          {
            "type": "zombie"
          }
        ]
      }
    },
    "skeleton": {
      "trigger": "channeled_lightning",
      "conditions": {
        "victims": [
          {
            "type": "skeleton"
          }
        ]
      }
    },
    "spider": {
      "trigger": "channeled_lightning",
      "conditions": {
        "victims": [
          {
            "type": "spider"
          }
        ]
      }
    },
    "creeper": {
      "trigger": "channeled_lightning",
      "conditions": {
        "victims": [
          {
            "type": "creeper"
          }
        ]
      }
    },
    "drowned": {
      "trigger": "channeled_lightning",
      "conditions": {
        "victims": [
          {
            "type": "drowned"
          }
        ]
      }
    },
    "cave_spider": {
      "trigger": "channeled_lightning",
      "conditions": {
        "victims": [
          {
            "type": "cave_spider"
          }
        ]
      }
    },
    "witch": {
      "trigger": "channeled_lightning",
      "conditions": {
        "victims": [
          {
            "type": "witch"
          }
        ]
      }
    },
    "zombie_villager": {
      "trigger": "channeled_lightning",
      "conditions": {
        "victims": [
          {
            "type": "zombie_villager"
          }
        ]
      }
    },
    "pillager": {
      "trigger": "channeled_lightning",
      "conditions": {
        "victims": [
          {
            "type": "pillager"
          }
        ]
      }
    },
    "vindicator": {
      "trigger": "channeled_lightning",
      "conditions": {
        "victims": [
          {
            "type": "vindicator"
          }
        ]
      }
    },
    "evoker": {
      "trigger": "channeled_lightning",
      "conditions": {
        "victims": [
          {
            "type": "evoker"
          }
        ]
      }
    },
    "stray": {
      "trigger": "channeled_lightning",
      "conditions": {
        "victims": [
          {
            "type": "stray"
          }
        ]
      }
    },
    "silverfish": {
      "trigger": "channeled_lightning",
      "conditions": {
        "victims": [
          {
            "type": "silverfish"
          }
        ]
      }
    },
    "vex": {
      "trigger": "channeled_lightning",
      "conditions": {
        "victims": [
          {
            "type": "vex"
          }
        ]
      }
    },
    "phantom": {
      "trigger": "channeled_lightning",
      "conditions": {
        "victims": [
          {
            "type": "phantom"
          }
        ]
      }
    },
    "ravager": {
      "trigger": "channeled_lightning",
      "conditions": {
        "victims": [
          {
            "type": "ravager"
          }
        ]
      }
    }
  },
  "rewards": {
    "experience": 200
  }
}
