{
  "parent": "adventure/get_chest",
  "display": {
    "icon": {
      "item": "compass"
    },
    "title": {
      "translate": "adv.adventure.compass"
    },
    "description": {
      "translate": "adv.adventure.compass.desc"
    }
  },
  "rewards": {
    "experience": 10
  },
  "criteria": {
    "compass": {
      "trigger": "inventory_changed",
      "conditions": {
        "items": [
          {
            "items": [
              "compass"
            ]
          }
        ]
      }
    }
  }
}
