{
  "display": {
    "icon": {
      "item": "creeper_spawn_egg"
    },
    "title": {
      "translate": "Creeper?"
    },
    "description": {
      "translate": "adv.adventure.creeper.desc"
    }
  },
  "parent": "adventure/kill_a_mob",
  "criteria": {
    "creeper": {
      "trigger": "player_killed_entity",
      "conditions": {
        "entity": [
          {
            "condition": "entity_properties",
            "entity": "this",
            "predicate": {
              "type": "creeper"
            }
          }
        ]
      }
    }
  },
  "rewards": {
    "experience": 5
  }
}
