{
  "display": {
    "icon": {
      "item": "crossbow"
    },
    "title": {
      "translate": "adv.adventure.crossbow"
    },
    "description": {
      "translate": "adv.adventure.crossbow.desc"
    }
  },
  "parent": "adventure/shoot_arrow",
  "criteria": {
    "requirement": {
      "trigger": "inventory_changed",
      "conditions": {
        "items": [
          {
            "items": [
              "crossbow"
            ]
          }
        ]
      }
    }
  },
  "rewards": {
    "function": "ltreward_check/adventure/crossbow",
    "experience": 15
  }
}
