{
  "display": {
    "icon": {
      "item": "elder_guardian_spawn_egg"
    },
    "title": {
      "translate": "adv.adventure.elder_guardian"
    },
    "description": {
      "translate": "adv.adventure.elder_guardian.desc"
    },
    "frame": "goal"
  },
  "parent": "adventure/monument",
  "criteria": {
    "elder_guardian": {
      "trigger": "player_killed_entity",
      "conditions": {
        "entity": [
          {
            "condition": "entity_properties",
            "entity": "this",
            "predicate": {
              "type": "elder_guardian"
            }
          }
        ]
      }
    }
  },
  "rewards": {
    "experience": 30
  }
}
