{
  "display": {
    "icon": {
      "item": "water_bucket"
    },
    "title": {
      "translate": "advancements.adventure.fall_from_world_height.title"
    },
    "description": {
      "translate": "advancements.adventure.fall_from_world_height.description"
    },
    "frame": "challenge"
  },
  "parent": "adventure/undertale",
  "criteria": {
    "fall_from_world_height": {
      "trigger": "fall_from_height",
      "conditions": {
        "player": [
          {
            "condition": "entity_properties",
            "entity": "this",
            "predicate": {
              "location": {
                "position": {
                  "y": {
                    "max": -59
                  }
                }
              }
            }
          }
        ],
        "start_position": {
          "position": {
            "y": {
              "min": 319
            }
          }
        },
        "distance": {
          "y": {
            "min": 379
          }
        }
      }
    }
  },
  "rewards": {
    "experience": 500
  }
}
