{
  "display": {
    "icon": {
      "item": "water_bucket"
    },
    "title": {
      "translate": "adv.adventure.fall_damage_protector"
    },
    "description": {
      "translate": "adv.adventure.fall_damage_protector.desc"
    }
  },
  "parent": "adventure/root",
  "criteria": {
    "other_item": {
      "trigger": "inventory_changed",
      "conditions": {
        "items": [
          {
            "items": [
              "water_bucket",
              "slime_block",
              "hay_block",
              "honey_block",
              "cobweb"
            ]
          }
        ]
      }
    },
    "boat": {
      "trigger": "inventory_changed",
      "conditions": {
        "items": [
          {
            "tag": "boats"
          }
        ]
      }
    },
    "bed": {
      "trigger": "inventory_changed",
      "conditions": {
        "items": [
          {
            "tag": "beds"
          }
        ]
      }
    }
  },
  "requirements": [
    [
      "other_item",
      "boat",
      "bed"
    ]
  ],
  "rewards": {
    "experience": 10
  }
}
