{
  "display": {
    "icon": {
      "item": "oak_planks"
    },
    "title": {
      "translate": "adv.adventure.find_village"
    },
    "description": {
      "translate": "adv.adventure.find_village.desc"
    }
  },
  "parent": "adventure/find_a_structure",
  "criteria": {
    "village_plains": {
      "trigger": "tick",
      "conditions": {
        "player": {
          "location": {
            "structure": "village_plains"
          }
        }
      }
    },
    "village_desert": {
      "trigger": "tick",
      "conditions": {
        "player": {
          "location": {
            "structure": "village_desert"
          }
        }
      }
    },
    "village_snowy": {
      "trigger": "tick",
      "conditions": {
        "player": {
          "location": {
            "structure": "village_snowy"
          }
        }
      }
    },
    "village_savanna": {
      "trigger": "tick",
      "conditions": {
        "player": {
          "location": {
            "structure": "village_savanna"
          }
        }
      }
    },
    "village_taiga": {
      "trigger": "tick",
      "conditions": {
        "player": {
          "location": {
            "structure": "village_taiga"
          }
        }
      }
    }
  },
  "rewards": {
    "experience": 5
  },
  "requirements": [
    [
      "village_plains",
      "village_desert",
      "village_snowy",
      "village_savanna",
      "village_taiga"
    ]
  ]
}
