{
  "parent": "adventure/find_a_structure",
  "display": {
    "icon": {
      "item": "spruce_planks"
    },
    "title": {
      "translate": "adv.adventure.find_all_structures"
    },
    "description": {
      "translate": "adv.adventure.find_all_structures.desc"
    },
    "frame": "challenge"
  },
  "rewards": {
    "experience": 1800
  },
  "criteria": {
    "village_plains": {
      "trigger": "tick",
      "conditions": {
        "player": {
          "location": {
            "structure": "village_plains"
          }
        }
      }
    },
    "village_desert": {
      "trigger": "tick",
      "conditions": {
        "player": {
          "location": {
            "structure": "village_desert"
          }
        }
      }
    },
    "village_snowy": {
      "trigger": "tick",
      "conditions": {
        "player": {
          "location": {
            "structure": "village_snowy"
          }
        }
      }
    },
    "village_savanna": {
      "trigger": "tick",
      "conditions": {
        "player": {
          "location": {
            "structure": "village_savanna"
          }
        }
      }
    },
    "village_taiga": {
      "trigger": "tick",
      "conditions": {
        "player": {
          "location": {
            "structure": "village_taiga"
          }
        }
      }
    },
    "stronghold": {
      "trigger": "tick",
      "conditions": {
        "player": {
          "location": {
            "structure": "stronghold"
          }
        }
      }
    },
    "desert_pyramid": {
      "trigger": "tick",
      "conditions": {
        "player": {
          "location": {
            "structure": "desert_pyramid"
          }
        }
      }
    },
    "jungle_pyramid": {
      "trigger": "tick",
      "conditions": {
        "player": {
          "location": {
            "structure": "jungle_pyramid"
          }
        }
      }
    },
    "pillager_outpost": {
      "trigger": "tick",
      "conditions": {
        "player": {
          "location": {
            "structure": "pillager_outpost"
          }
        }
      }
    },
    "monument": {
      "trigger": "tick",
      "conditions": {
        "player": {
          "location": {
            "structure": "monument"
          }
        }
      }
    },
    "shipwreck": {
      "trigger": "tick",
      "conditions": {
        "player": {
          "location": {
            "structure": "shipwreck"
          }
        }
      }
    },
    "shipwreck_beached": {
      "trigger": "tick",
      "conditions": {
        "player": {
          "location": {
            "structure": "shipwreck_beached"
          }
        }
      }
    },
    "ocean_ruin_cold": {
      "trigger": "tick",
      "conditions": {
        "player": {
          "location": {
            "structure": "ocean_ruin_cold"
          }
        }
      }
    },
    "ocean_ruin_warm": {
      "trigger": "tick",
      "conditions": {
        "player": {
          "location": {
            "structure": "ocean_ruin_warm"
          }
        }
      }
    },
    "igloo": {
      "trigger": "tick",
      "conditions": {
        "player": {
          "location": {
            "structure": "igloo"
          }
        }
      }
    },
    "swamp_hut": {
      "trigger": "tick",
      "conditions": {
        "player": {
          "location": {
            "structure": "swamp_hut"
          }
        }
      }
    },
    "fortress": {
      "trigger": "tick",
      "conditions": {
        "player": {
          "location": {
            "structure": "fortress"
          }
        }
      }
    },
    "bastion_remnant": {
      "trigger": "tick",
      "conditions": {
        "player": {
          "location": {
            "structure": "bastion_remnant"
          }
        }
      }
    },
    "ruined_portal": {
      "trigger": "tick",
      "conditions": {
        "player": {
          "location": {
            "structure": "ruined_portal"
          }
        }
      }
    },
    "end_city": {
      "trigger": "tick",
      "conditions": {
        "player": {
          "location": {
            "structure": "end_city"
          }
        }
      }
    },
    "mansion": {
      "trigger": "tick",
      "conditions": {
        "player": {
          "location": {
            "structure": "mansion"
          }
        }
      }
    },
    "mineshaft": {
      "trigger": "tick",
      "conditions": {
        "player": {
          "location": {
            "structure": "mineshaft"
          }
        }
      }
    },
    "mineshaft_mesa": {
      "trigger": "tick",
      "conditions": {
        "player": {
          "location": {
            "structure": "mineshaft_mesa"
          }
        }
      }
    },
    "ancient_city": {
      "trigger": "tick",
      "conditions": {
        "player": {
          "location": {
            "structure": "ancient_city"
          }
        }
      }
    }
  }
}
