{
	"display": {
		"icon": {
			"item": "skeleton_spawn_egg"
		},
		"title": {
			"translate": "adv.adventure.hunter_skeleton"
		},
		"description": {
			"translate": "adv.adventure.hunter_skeleton.desc"
		},
		"frame": "goal"
	},
	"parent": "adventure/hunter_zombie",
	"rewards": {
		"experience": 100
	},
	"criteria": {
		"killed": {
			"trigger": "tick",
			"conditions": {
				"player": {
					"type_specific": {
						"type": "player",
						"stats": [
							{
								"type": "killed",
								"stat": "skeleton",
								"value": {
									"min": 80
								}
							}
						]
					}
				}
			}
		}
	}
}
