{
  "display": {
    "icon": {
      "item": "creeper_spawn_egg"
    },
    "title": {
      "translate": "adv.adventure.hunter_creeper"
    },
    "description": {
      "translate": "adv.adventure.hunter_creeper.desc"
    },
    "frame": "goal"
  },
  "parent": "adventure/hunter_spider",
  "criteria": {
    "killed": {
      "trigger": "tick",
      "conditions": {
        "player": {
          "type_specific": {
            "type": "player",
            "stats": [
              {
                "type": "killed",
                "stat": "creeper",
                "value": {
                  "min": 100
                }
              }
            ]
          }
        }
      }
    }
  },
  "rewards": {
    "experience": 100
  }
}
