{
  "display": {
    "icon": {
      "item": "spider_spawn_egg"
    },
    "title": {
      "translate": "adv.adventure.invisibility_spider"
    },
    "description": {
      "translate": "adv.adventure.invisibility_spider.desc"
    }
  },
  "parent": "adventure/cave_spider",
  "criteria": {
    "requirement": {
      "trigger": "player_killed_entity",
      "conditions": {
        "entity": {
          "type": "spider",
          "effects": {
            "invisibility": {}
          }
        }
      }
    }
  },
  "rewards": {
    "experience": 30
  }
}
