{
  "parent": "adventure/kill_villager",
  "display": {
    "icon": {
      "item": "bone"
    },
    "title": {
      "translate": "adv.adventure.kill_iron_golem"
    },
    "description": {
      "translate": "adv.adventure.kill_iron_golem.desc"
    },
    "frame": "goal"
  },
  "criteria": {
    "killed_iron_golem": {
      "trigger": "player_killed_entity",
      "conditions": {
        "entity": [
          {
            "condition": "entity_properties",
            "predicate": {
              "type": "iron_golem"
            },
            "entity": "this"
          }
        ]
      }
    }
  }
}
