{
  "parent": "adventure/cave_spider",
  "display": {
    "icon": {
      "item": "snowball"
    },
    "title": {
      "translate": "adv.adventure.kill_blaze_with_snowball"
    },
    "description": {
      "translate": "adv.adventure.kill_blaze_with_snowball.desc"
    }
  },
  "rewards": {
    "function": "adv_rewards/kill_blaze_with_snowball",
    "experience": 20
  },
  "criteria": {
    "killed_blaze": {
      "trigger": "player_killed_entity",
      "conditions": {
        "entity": [
          {
            "condition": "entity_properties",
            "predicate": {
              "type": "blaze"
            },
            "entity": "this"
          }
        ],
        "killing_blow": {
          "is_projectile": true,
          "direct_entity": {
            "type": "snowball"
          }
        }
      }
    }
  }
}
