{
  "display": {
    "icon": {
      "item": "enderman_spawn_egg"
    },
    "title": {
      "translate": "adv.adventure.kill_enderman_in_boat"
    },
    "description": {
      "translate": "adv.adventure.kill_enderman_in_boat.desc"
    },
    "frame": "challenge"
  },
  "parent": "adventure/kill_blaze_with_snowball",
  "criteria": {
    "kill_enderman": {
      "trigger": "player_killed_entity",
      "conditions": {
        "player": [
          {
            "condition": "entity_properties",
            "entity": "this",
            "predicate": {
              "equipment": {
                "mainhand": {
                  "items": [
                    "golden_hoe"
                  ]
                }
              }
            }
          }
        ],
        "entity": [
          {
            "condition": "entity_properties",
            "entity": "this",
            "predicate": {
              "type": "enderman",
              "vehicle": {
                "type": "boat"
              }
            }
          }
        ]
      }
    }
  },
  "rewards": {
    "experience": 150
  }
}
