{
  "display": {
    "icon": {
      "item": "book"
    },
    "title": {
      "translate": "adv.adventure.knowledge_is_power"
    },
    "description": {
      "translate": "adv.adventure.knowledge_is_power.desc"
    },
    "frame": "goal"
  },
  "parent": "adventure/pvz",
  "criteria": {
    "impossible": {
      "trigger": "player_killed_entity",
      "conditions": {
        "player": {
          "equipment": {
            "mainhand": {
              "items": [
                "book"
              ]
            }
          }
        }
      }
    }
  },
  "rewards": {
    "experience": 15
  }
}
