{
    "display": {
        "icon": {
            "item": "emerald"
        },
        "title": {
            "translate": "adv.adventure.many_emeralds"
        },
        "description": {
            "translate": "adv.adventure.many_emeralds.desc"
        },
        "frame": "goal"
    },
    "parent": "adventure/trade",
    "rewards": {
        "experience": 30
    },
    "criteria": {
        "emerald": {
            "trigger": "inventory_changed",
            "conditions": {
                "items": [
                    {
                        "items": [
                            "emerald"
                        ],
                        "count": {
                            "min": 30
                        }
                    }
                ]
            }
        }
    }
}
