{
  "parent": "adventure/sleep_in_bed",
  "criteria": {
    "play_jukebox_in_meadows": {
      "conditions": {
        "item": {
          "tag": "music_discs"
        },
        "location": {
          "biome": "meadow",
          "block": {
            "blocks": [
              "jukebox"
            ]
          }
        }
      },
      "trigger": "item_used_on_block"
    }
  },
  "display": {
    "description": {
      "translate": "advancements.adventure.play_jukebox_in_meadows.description"
    },
    "icon": {
      "item": "jukebox"
    },
    "title": {
      "translate": "advancements.adventure.play_jukebox_in_meadows.title"
    }
  }
}