{
  "display": {
    "icon": {
      "item": "creeper_spawn_egg"
    },
    "title": {
      "translate": "adv.adventure.powered_creeper"
    },
    "description": {
      "translate": "adv.adventure.powered_creeper.desc"
    },
    "frame": "goal"
  },
  "parent": "adventure/creeper",
  "criteria": {
    "creeper": {
      "trigger": "player_killed_entity",
      "conditions": {
        "entity": [
          {
            "condition": "entity_properties",
            "entity": "this",
            "predicate": {
              "type": "creeper",
              "nbt": "{powered:1b}"
            }
          }
        ]
      }
    }
  },
  "rewards": {
    "experience": 5
  }
}
