{
  "display": {
    "icon": {
      "item": "grass"
    },
    "title": {
      "translate": "adv.adventure.pvz"
    },
    "description": {
      "translate": "adv.adventure.pvz.desc"
    },
    "frame": "goal"
  },
  "parent": "adventure/impossible_thing",
  "criteria": {
    "impossible": {
      "trigger": "player_killed_entity",
      "conditions": {
        "player": {
          "equipment": {
            "mainhand": {
              "tag": "flowers"
            }
          }
        },
        "entity": {
          "type": "zombie"
        }
      }
    },
    "requirement2": {
      "trigger": "player_killed_entity",
      "conditions": {
        "player": {
          "equipment": {
            "mainhand": {
              "tag": "saplings"
            }
          }
        },
        "entity": {
          "type": "zombie"
        }
      }
    }
  },
  "requirements": [
    [
      "impossible",
      "requirement2"
    ]
  ],
  "rewards": {
    "experience": 15
  }
}
