{
  "parent": "adventure/find_a_structure",
  "display": {
    "icon": {
      "item": "netherrack"
    },
    "title": {
      "translate": "adv.adventure.ruined_portal"
    },
    "description": {
      "translate": "adv.adventure.ruined_portal.desc"
    }
  },
  "rewards": {
    "experience": 5
  },
  "criteria": {
    "ruined_portal": {
      "trigger": "tick",
      "conditions": {
        "player": {
          "location": {
            "structure": "minecraft:ruined_portal"
          }
        }
      }
    }
  }
}
