{
  "parent": "adventure/shoot_creeper",
  "display": {
    "icon": {
      "item": "arrow"
    },
    "title": {
      "translate": "advancements.adventure.sniper_duel.title"
    },
    "description": {
      "translate": "advancements.adventure.sniper_duel.description"
    },
    "frame": "challenge"
  },
  "rewards": {
    "experience": 200
  },
  "criteria": {
    "killed_skeleton": {
      "trigger": "player_killed_entity",
      "conditions": {
        "entity": [
          {
            "condition": "entity_properties",
            "predicate": {
              "type": "skeleton",
              "distance": {
                "horizontal": {
                  "min": 50
                }
              }
            },
            "entity": "this"
          }
        ],
        "killing_blow": {
          "is_projectile": true
        }
      }
    }
  }
}
