{
    "display": {
        "icon": {
            "item": "sponge"
        },
        "title": {
            "translate": "adv.adventure.sponge"
        },
        "description": {
            "translate": "adv.adventure.sponge.desc"
        }
    },
    "parent": "adventure/elder_guardian",
    "rewards": {
        "experience": 10
    },
    "criteria": {
        "sponge": {
            "trigger": "inventory_changed",
            "conditions": {
                "items": [
                    {
                        "items": [
                            "sponge"
                        ]
                    }
                ]
            }
        }
    }
}
