{
  "parent": "adventure/spyglass_at_parrot",
  "display": {
    "icon": {
      "item": "spyglass"
    },
    "title": {
      "translate": "advancements.adventure.spyglass_at_ghast.title"
    },
    "description": {
      "translate": "advancements.adventure.spyglass_at_ghast.description"
    }
  },
  "rewards": {
    "experience": 2
  },
  "criteria": {
    "spyglass_at_ghast": {
      "trigger": "using_item",
      "conditions": {
        "player": [
          {
            "condition": "entity_properties",
            "predicate": {
              "type_specific": {
                "type": "player",
                "looking_at": {
                  "type": "ghast"
                }
              }
            },
            "entity": "this"
          }
        ],
        "item": {
          "items": [
            "spyglass"
          ]
        }
      }
    }
  }
}
