{
  "display": {
    "icon": {
      "item": "sponge"
    },
    "title": {
      "translate": "adv.adventure.stack_of_sponges"
    },
    "description": {
      "translate": "adv.adventure.stack_of_sponges.desc"
    },
    "frame": "challenge"
  },
  "parent": "adventure/elder_guardian",
  "criteria": {
    "sponge": {
      "trigger": "inventory_changed",
      "conditions": {
        "items": [
          {
            "items": [
              "sponge"
            ],
            "count": 64
          }
        ]
      }
    }
  },
  "rewards": {
    "experience": 100
  }
}
