{
  "display": {
    "icon": {
      "item": "carved_pumpkin"
    },
    "title": {
      "translate": "adv.adventure.summon_master"
    },
    "description": {
      "translate": "adv.adventure.summon_master.desc"
    }
  },
  "parent": "adventure/snow_golem",
  "criteria": {
    "snow": {
      "trigger": "summoned_entity",
      "conditions": {
        "entity": {
          "type": "snow_golem"
        }
      }
    },
    "iron": {
      "trigger": "summoned_entity",
      "conditions": {
        "entity": {
          "type": "iron_golem"
        }
      }
    },
    "ender_dragon": {
      "trigger": "summoned_entity",
      "conditions": {
        "entity": {
          "type": "ender_dragon"
        }
      }
    },
    "wither": {
      "trigger": "summoned_entity",
      "conditions": {
        "entity": {
          "type": "wither"
        }
      }
    }
  },
  "rewards": {
    "experience": 30
  }
}
