{
  "display": {
    "icon": {
      "item": "poppy"
    },
    "title": {
      "translate": "adv.adventure.super_mario"
    },
    "description": {
      "translate": "adv.adventure.super_mario.desc"
    }
  },
  "parent": "adventure/kill_blaze_with_snowball",
  "criteria": {
    "super_mario": {
      "trigger": "player_killed_entity",
      "conditions": {
        "player": {
          "equipment": {
            "mainhand": {
              "tag": "flowers"
            }
          }
        }
      }
    }
  },
  "rewards": {
    "experience": 15
  }
}
