{
  "display": {
    "icon": {
      "item": "crossbow"
    },
    "title": {
      "translate": "adv.adventure.three_birds"
    },
    "description": {
      "translate": "adv.adventure.three_birds.desc"
    },
    "frame": "challenge"
  },
  "parent": "adventure/whos_the_pillager_now",
  "criteria": {
    "phantom": {
      "trigger": "killed_by_crossbow",
      "conditions": {
        "victims": [
          {
            "type": "phantom"
          },
          {
            "type": "phantom"
          },
          {
            "type": "phantom"
          }
        ]
      }
    },
    "vex": {
      "trigger": "killed_by_crossbow",
      "conditions": {
        "victims": [
          {
            "type": "vex"
          },
          {
            "type": "vex"
          },
          {
            "type": "vex"
          }
        ]
      }
    },
    "bee": {
      "trigger": "killed_by_crossbow",
      "conditions": {
        "victims": [
          {
            "type": "bee"
          },
          {
            "type": "bee"
          },
          {
            "type": "bee"
          }
        ]
      }
    },
    "blaze": {
      "trigger": "killed_by_crossbow",
      "conditions": {
        "victims": [
          {
            "type": "blaze"
          },
          {
            "type": "blaze"
          },
          {
            "type": "blaze"
          }
        ]
      }
    },
    "parrot": {
      "trigger": "killed_by_crossbow",
      "conditions": {
        "victims": [
          {
            "type": "parrot"
          },
          {
            "type": "parrot"
          },
          {
            "type": "parrot"
          }
        ]
      }
    },
    "wither": {
      "trigger": "killed_by_crossbow",
      "conditions": {
        "victims": [
          {
            "type": "wither"
          },
          {
            "type": "wither"
          },
          {
            "type": "wither"
          }
        ]
      }
    },
    "bat": {
      "trigger": "killed_by_crossbow",
      "conditions": {
        "victims": [
          {
            "type": "bat"
          },
          {
            "type": "bat"
          },
          {
            "type": "bat"
          }
        ]
      }
    },
    "ghast": {
      "trigger": "killed_by_crossbow",
      "conditions": {
        "victims": [
          {
            "type": "ghast"
          },
          {
            "type": "ghast"
          },
          {
            "type": "ghast"
          }
        ]
      }
    },
    "allay": {
      "trigger": "killed_by_crossbow",
      "conditions": {
        "victims": [
          {
            "type": "allay"
          },
          {
            "type": "allay"
          },
          {
            "type": "allay"
          }
        ]
      }
    }
  },
  "requirements": [
    [
      "phantom",
      "vex",
      "bee",
      "blaze",
      "parrot",
      "wither",
      "bat",
      "ghast",
      "allay"
    ]
  ],
  "rewards": {
    "experience": 1000
  }
}
