{
  "parent": "adventure/kill_a_mob",
  "display": {
    "icon": {
      "item": "trident"
    },
    "title": {
      "translate": "adv.adventure.trident"
    },
    "description": {
      "translate": "adv.adventure.trident.desc"
    }
  },
  "rewards": {
    "experience": 15
  },
  "criteria": {
    "trident": {
      "trigger": "inventory_changed",
      "conditions": {
        "items": [
          {
            "items": [
              "trident"
            ]
          }
        ]
      }
    }
  }
}
