{
	"display": {
		"icon": {
			"item": "pillager_spawn_egg"
		},
		"title": {
			"translate": "adv.adventure.trigged_raid"
		},
		"description": {
			"translate": "adv.adventure.trigged_raid.desc"
		},
		"frame": "goal"
	},
	"parent": "adventure/voluntary_exile",
	"rewards": {
		"experience": 50
	},
	"criteria": {
		"raid": {
			"trigger": "tick",
			"conditions": {
				"player": {
					"type_specific": {
						"type": "player",
						"stats": [
							{
								"type": "custom",
								"stat": "raid_trigger",
								"value": {
									"min": 1
								}
							}
						]
					},
					"location": {
						"player": {
							"type_specific": {
								"type": "player",
								"stats": [
									{
										"type": "custom",
										"stat": "raid_trigger",
										"value": {
											"min": 1
										}
									}
								]
							}
						}
					}
				}
			}
		}
	}
}
