{
  "display": {
    "icon": {
      "item": "birch_planks"
    },
    "title": {
      "translate": "adv.adventure.villager_outpost"
    },
    "description": {
      "translate": "adv.adventure.villager_outpost.desc"
    },
    "frame": "goal"
  },
  "parent": "adventure/trade_for_map",
  "criteria": {
    "requirement": {
      "trigger": "villager_trade",
      "conditions": {
        "villager": {
          "location": {
            "structure": "pillager_outpost"
          }
        }
      }
    }
  },
  "rewards": {
    "experience": 200
  }
}
