{
  "parent": "adventure/root",
  "display": {
    "icon": {
      "item": "white_banner",
      "nbt": "{BlockEntityTag:{Patterns:[{Color:9,Pattern:\"mr\"},{Color:8,Pattern:\"bs\"},{Color:7,Pattern:\"cs\"},{Color:8,Pattern:\"bo\"},{Color:15,Pattern:\"ms\"},{Color:8,Pattern:\"hh\"},{Color:8,Pattern:\"mc\"},{Color:15,Pattern:\"bo\"}]},HideFlags:32,display:{Name:'{\"color\":\"gold\",\"translate\":\"block.minecraft.ominous_banner\"}'}}"
    },
    "title": {
      "translate": "advancements.adventure.voluntary_exile.title"
    },
    "description": {
      "translate": "advancements.adventure.voluntary_exile.description"
    }
  },
  "rewards": {
    "experience": 10
  },
  "criteria": {
    "voluntary_exile": {
      "trigger": "player_killed_entity",
      "conditions": {
        "entity": [
          {
            "condition": "entity_properties",
            "predicate": {
              "type": "#raiders",
              "equipment": {
                "head": {
                  "items": [
                    "white_banner"
                  ],
                  "nbt": "{BlockEntityTag:{Patterns:[{Color:9,Pattern:\"mr\"},{Color:8,Pattern:\"bs\"},{Color:7,Pattern:\"cs\"},{Color:8,Pattern:\"bo\"},{Color:15,Pattern:\"ms\"},{Color:8,Pattern:\"hh\"},{Color:8,Pattern:\"mc\"},{Color:15,Pattern:\"bo\"}]},HideFlags:32,display:{Name:'{\"color\":\"gold\",\"translate\":\"block.minecraft.ominous_banner\"}'}}"
                }
              }
            },
            "entity": "this"
          }
        ]
      }
    }
  }
}
