{
  "display": {
    "icon": {
      "item": "rotten_flesh"
    },
    "title": {
      "translate": "adv.adventure.zombie_researcher"
    },
    "description": {
      "translate": "adv.adventure.zombie_researcher.desc"
    },
    "frame": "goal"
  },
  "parent": "adventure/endermite",
  "criteria": {
    "zombie": {
      "trigger": "player_killed_entity",
      "conditions": {
        "entity": [
          {
            "condition": "entity_properties",
            "entity": "this",
            "predicate": {
              "type": "zombie"
            }
          }
        ]
      }
    },
    "zombie_villager": {
      "trigger": "player_killed_entity",
      "conditions": {
        "entity": [
          {
            "condition": "entity_properties",
            "entity": "this",
            "predicate": {
              "type": "zombie_villager"
            }
          }
        ]
      }
    },
    "husk": {
      "trigger": "player_killed_entity",
      "conditions": {
        "entity": [
          {
            "condition": "entity_properties",
            "entity": "this",
            "predicate": {
              "type": "husk"
            }
          }
        ]
      }
    },
    "drowned": {
      "trigger": "player_killed_entity",
      "conditions": {
        "entity": [
          {
            "condition": "entity_properties",
            "entity": "this",
            "predicate": {
              "type": "drowned"
            }
          }
        ]
      }
    }
  },
  "rewards": {
    "experience": 60
  }
}
