{
  "type": "minecraft:entity",
  "pools": [
    {
      "rolls": 1,
      "entries": [
        {
          "type": "minecraft:item",
          "name": "minecraft:stick",
          "functions": [
            {
              "function": "minecraft:set_count",
              "count": 2
            }
          ],
          "conditions": [
            {
              "condition": "minecraft:entity_properties",
              "entity": "this",
              "predicate": {
                "nbt": "{Tags:[\"tcc.armor_stand_with_arms\"]}"
              }
            }
          ]
        }
      ]
    }
  ],
  "random_sequence": "minecraft:entities/armor_stand",
  "__smithed__": {
    "rules": [
      {
        "type": "smithed:append",
        "target": "pools",
        "source": {
          "type": "smithed:reference",
          "path": "pools[0]"
        }
      }
    ]
  }
}