{
  "type": "minecraft:entity",
  "pools": [
    {
      "rolls": 1,
      "entries": [
        {
          "type": "item",
          "name": "minecraft:dragon_head",
          "conditions": [
            {
              "condition": "minecraft:entity_properties",
              "entity": "killer",
              "predicate": {
                "nbt": "{powered:1b}"
              }
            }
          ]
        }
      ]
    },
    {
      "rolls": 1,
      "entries": [
        {
          "type": "minecraft:empty",
          "weight": 2
        },
        {
          "type": "item",
          "name": "minecraft:eye_armor_trim_smithing_template"
        }
      ]
    }
  ],
  "random_sequence": "minecraft:entities/ender_dragon",
  "__smithed__": {
    "rules": [
      {
        "type": "smithed:append",
        "target": "pools",
        "source": {
          "type": "smithed:reference",
          "path": "pools[0]"
        }
      },
      {
        "type": "smithed:append",
        "target": "pools",
        "source": {
          "type": "smithed:reference",
          "path": "pools[1]"
        }
      }
    ]
  }
}