{
  "type": "minecraft:entity",
  "pools": [
    {
      "bonus_rolls": 0,
      "entries": [
        {
          "type": "minecraft:item",
          "functions": [
            {
              "add": false,
              "count": {
                "type": "minecraft:uniform",
                "max": 2,
                "min": 0
              },
              "function": "minecraft:set_count"
            },
            {
              "count": {
                "type": "minecraft:uniform",
                "max": 1,
                "min": 0
              },
              "function": "minecraft:looting_enchant"
            }
          ],
          "name": "minecraft:rotten_flesh"
        }
      ],
      "rolls": 1
    },
    {
      "bonus_rolls": 0,
      "conditions": [
        {
          "condition": "minecraft:killed_by_player"
        },
        {
          "chance": 0.025,
          "condition": "minecraft:random_chance_with_looting",
          "looting_multiplier": 0.01
        }
      ],
      "entries": [
        {
          "type": "minecraft:item",
          "name": "minecraft:iron_ingot"
        },
        {
          "type": "minecraft:item",
          "name": "minecraft:carrot"
        },
        {
          "type": "minecraft:item",
          "functions": [
            {
              "conditions": [
                {
                  "condition": "minecraft:entity_properties",
                  "entity": "this",
                  "predicate": {
                    "flags": {
                      "is_on_fire": true
                    }
                  }
                }
              ],
              "function": "minecraft:furnace_smelt"
            }
          ],
          "name": "minecraft:potato"
        }
      ],
      "rolls": 1
    },
    {
      "bonus_rolls": 0,
      "conditions": [
        {
          "chance": 0.075,
          "condition": "minecraft:random_chance_with_looting",
          "looting_multiplier": 0.01
        }
      ],
      "entries": [
        {
          "type": "minecraft:item",
          "name": "minecraft:suspicious_sand",
          "functions": [
            {
              "function": "minecraft:set_nbt",
              "tag": "{BlockEntityTag:{LootTable:\"tcc:archaeology/husk_drop\"}}"
            },
            {
              "function": "minecraft:set_count",
              "count": {
                "min": 1,
                "max": 2
              }
            }
          ]
        }
      ],
      "rolls": 1
    }
  ],
  "random_sequence": "minecraft:entities/husk",
  "__smithed__": {
    "rules": [
      {
        "type": "smithed:append",
        "target": "pools",
        "source": {
          "type": "smithed:reference",
          "path": "pools[2]"
        }
      }
    ]
  }
}