{
  "type": "minecraft:entity",
  "pools": [
    {
      "rolls": 1,
      "bonus_rolls": 0,
      "entries": [
        {
          "type": "minecraft:item",
          "name": "minecraft:shulker_shell",
          "functions": [
            {
              "function": "minecraft:set_count",
              "count": 1,
              "add": true,
              "conditions": [
                {
                  "condition": "minecraft:random_chance_with_looting",
                  "chance": 0.5,
                  "looting_multiplier": 0.16666666666666666
                }
              ]
            }
          ]
        }
      ]
    }
  ],
  "random_sequence": "minecraft:entities/shulker",
  "__smithed__": {
    "rules": [
      {
        "type": "smithed:merge",
        "target": "pools[0]",
        "source": {
          "type": "smithed:reference",
          "path": "pools[0]"
        }
      }
    ]
  }
}