{
  "type": "minecraft:entity",
  "pools": [
    {
      "rolls": 1,
      "entries": [
        {
          "type": "minecraft:item",
          "functions": [
            {
              "function": "minecraft:set_count",
              "count": {
                "type": "minecraft:uniform",
                "min": 0,
                "max": 2
              },
              "add": false
            },
            {
              "function": "minecraft:looting_enchant",
              "count": {
                "type": "minecraft:uniform",
                "min": 0,
                "max": 1
              }
            }
          ],
          "name": "minecraft:rotten_flesh"
        }
      ]
    },
    {
      "rolls": 1,
      "entries": [
        {
          "type": "minecraft:item",
          "name": "minecraft:iron_ingot"
        },
        {
          "type": "minecraft:item",
          "name": "minecraft:carrot"
        },
        {
          "type": "minecraft:item",
          "name": "minecraft:potato",
          "functions": [
            {
              "function": "minecraft:furnace_smelt",
              "conditions": [
                {
                  "condition": "minecraft:entity_properties",
                  "predicate": {
                    "flags": {
                      "is_on_fire": true
                    }
                  },
                  "entity": "this"
                }
              ]
            }
          ]
        }
      ],
      "conditions": [
        {
          "condition": "minecraft:killed_by_player"
        },
        {
          "condition": "minecraft:random_chance_with_looting",
          "chance": 0.025,
          "looting_multiplier": 0.01
        }
      ]
    },
    {
      "rolls": 1,
      "entries": [
        {
          "type": "item",
          "weight": 1,
          "name": "minecraft:iron_nugget",
          "functions": [
            {
              "function": "set_count",
              "count": {
                "min": 0,
                "max": 1
              }
            },
            {
              "function": "looting_enchant",
              "count": {
                "min": 0,
                "max": 1
              }
            }
          ]
        }
      ]
    }
  ],
  "random_sequence": "minecraft:entities/zombie",
  "__smithed__": {
    "rules": [
      {
        "type":"smithed:append",
        "target":"pools",
        "source":{
          "type":"smithed:reference",
          "path":"pools[2]"
        }
      }
    ]
  }
}
