{
  "criteria": {
    "offhand": {
      "trigger": "minecraft:player_hurt_entity",
      "conditions": {
        "player": [
          {
            "condition": "minecraft:entity_properties",
            "entity": "this",
            "predicate": {
              "equipment": {
                "offhand": {
                  "items": [
                    "minecraft:crossbow"
                  ],
                  "nbt": "{weapon:drylands_piercer}"
                }
              }
            }
          }
        ],
        "damage": {
          "type": {
            "tags": [
              {"id":"mt:arrow","expected":true}
            ]
          }
        }
      }
    }
  },
  "rewards": {
    "function": "mt:entity_hit_functions/assign"
  }
}
