{
  "type": "minecraft:block",
  "pools": [
    {
      "bonus_rolls": 0.0,
      "entries": [
        {
          "type": "minecraft:item",
          "name": "minecraft:firework_star",
          "functions": [
            {
              "function": "minecraft:set_nbt",
              "tag": "{CustomModelData:204014,armadillo_scute:1b}"
            },
            {
              "function": "minecraft:set_name",
              "name": "Armadillo Scute"
            }
          ],
          "weight": 1
        }
      ],
      "rolls": 1.0
    }
  ],
  "random_sequence": "minecraft:archaeology/desert_pyramid"
}