{
  "type": "minecraft:block",
  "pools": [
    {
      "bonus_rolls": 0.0,
      "entries": [
        {
          "type": "minecraft:item",
          "name": "minecraft:knowledge_book",
          "functions": [
            {
              "function": "minecraft:set_nbt",
              "tag": "{CustomModelData:204014,dog_armor:1b}"
            },
            {
              "function": "minecraft:set_name",
              "name": "Dog Armor"
            },
            {
              "function": "minecraft:set_lore",
              "lore": [{"text":"Throw on the dog to dress him up"}]
            }
          ],
          "weight": 1
        }
      ],
      "rolls": 1.0
    }
  ],
  "random_sequence": "minecraft:archaeology/desert_pyramid"
}