{
  "parent": "tcc:minecraft/adventure/enter_tundra_keep",
  "display": {
    "icon": {
      "item": "minecraft:warped_fungus_on_a_stick",
      "nbt": "{CustomModelData:330007}"
    },
    "title": {
      "translate": "advancements.tcc.minecraft.adventure.obtain_frostbloom.title"
    },
    "description": [
      {
        "translate": "advancements.tcc.minecraft.adventure.obtain_frostbloom.description"
      },
      "\n\n",
      {
        "translate": "pack.tcc",
        "color": "#008725",
        "italic": true
      }
    ],
    "frame": "goal",
    "show_toast": true,
    "announce_to_chat": true,
    "hidden": false
  },
  "criteria": {
    "frostbloom": {
      "trigger": "minecraft:inventory_changed",
      "conditions": {
        "items": [
          {
            "nbt": "{tcc:{id:\"frostbloom\"}}"
          }
        ]
      }
    }
  }
}
