{
  "display": {
    "icon": {
      "item": "minecraft:warped_fungus_on_a_stick",
      "nbt": "{CustomModelData:330000}"
    },
    "title": {
      "translate": "advancements.tcc.minecraft.adventure.witch_hat.title"
    },
    "description": [
      {
        "translate": "advancements.tcc.minecraft.adventure.witch_hat.description"
      },
      "\n\n",
      {
        "translate": "pack.tcc",
        "color": "#008725",
        "italic": true
      }
    ],
    "frame": "task"
  },
  "parent": "minecraft:adventure/kill_a_mob",
  "criteria": {
    "wear_witch_hat": {
      "trigger": "minecraft:impossible"
    }
  }
}
