{
  "display": {
    "icon": {
      "item": "chorus_fruit"
    },
    "title": {
      "translate": "adv.end.chorus_fruit"
    },
    "description": {
      "translate": "adv.end.chorus_fruit.desc"
    }
  },
  "parent": "end/enter_end_gateway",
  "criteria": {
    "chorus_fruit": {
      "trigger": "inventory_changed",
      "conditions": {
        "items": [
          {
            "items": [
              "chorus_fruit"
            ]
          }
        ]
      }
    }
  },
  "rewards": {
    "function": "ltreward_check/end/chorus_fruit",
    "experience": 10
  }
}
