{
  "display": {
    "icon": {
      "item": "ender_pearl"
    },
    "title": {
      "translate": "adv.end.direct_gateway"
    },
    "description": {
      "translate": "adv.end.direct_gateway.desc"
    },
    "frame": "goal"
  },
  "parent": "end/enter_end_gateway",
  "criteria": {
    "direct_gateway_pos": {
      "trigger": "tick",
      "conditions": {
        "player": {
          "location": {
            "position": {
              "x": {
                "min": 500,
                "max": 600
              },
              "z": {
                "min": 500,
                "max": 600
              }
            },
            "biome": "the_end"
          }
        }
      }
    },
    "direct_gateway_neg": {
      "trigger": "tick",
      "conditions": {
        "player": {
          "location": {
            "position": {
              "x": {
                "min": -600,
                "max": -500
              },
              "z": {
                "min": -600,
                "max": -500
              }
            },
            "biome": "the_end"
          }
        }
      }
    }
  },
  "requirements": [
    [
      "direct_gateway_pos",
      "direct_gateway_neg"
    ]
  ],
  "rewards": {
    "experience": 50
  }
}
