{
  "parent": "end/kill_dragon",
  "display": {
    "icon": {
      "item": "dragon_egg"
    },
    "title": {
      "translate": "advancements.end.dragon_egg.title"
    },
    "description": {
      "translate": "advancements.end.dragon_egg.description"
    },
    "frame": "goal"
  },
  "rewards": {
    "function": "adv_rewards/dragon",
    "experience": 25
  },
  "criteria": {
    "dragon_egg": {
      "trigger": "inventory_changed",
      "conditions": {
        "items": [
          {
            "items": [
              "dragon_egg"
            ]
          }
        ]
      }
    }
  }
}
