{
	"display": {
		"icon": {
			"item": "dragon_head"
		},
		"title": {
			"translate": "adv.end.dragon_hunter"
		},
		"description": {
			"translate": "adv.end.dragon_hunter.desc"
		},
		"frame": "challenge"
	},
	"parent": "end/kill_dragon_again",
	"rewards": {
		"experience": 8000
	},
	"criteria": {
		"kill_dragon": {
			"trigger": "location",
			"conditions": {
				"player": {
					"type_specific": {
						"type": "player",
						"stats": [
							{
								"type": "killed",
								"stat": "ender_dragon",
								"value": {
									"min": 10
								}
							}
						]
					},
					"location": {
						"player": {
							"type_specific": {
								"type": "player",
								"stats": [
									{
										"type": "killed",
										"stat": "ender_dragon",
										"value": {
											"min": 10
										}
									}
								]
							}
						}
					}
				}
			}
		}
	}
}
