{
  "parent": "end/find_end_city",
  "display": {
    "icon": {
      "item": "elytra"
    },
    "title": {
      "translate": "advancements.end.elytra.title"
    },
    "description": {
      "translate": "advancements.end.elytra.description"
    },
    "frame": "goal"
  },
  "rewards": {
    "experience": 20
  },
  "criteria": {
    "elytra": {
      "trigger": "inventory_changed",
      "conditions": {
        "items": [
          {
            "items": [
              "elytra"
            ]
          }
        ]
      }
    }
  }
}
