{
  "display": {
    "icon": {
      "item": "purpur_block"
    },
    "title": {
      "translate": "advancements.end.find_end_city.title"
    },
    "description": {
      "translate": "advancements.end.find_end_city.description"
    }
  },
  "parent": "end/chorus_fruit",
  "criteria": {
    "in_city": {
      "trigger": "tick",
      "conditions": {
        "player": {
          "location": {
            "dimension": "the_end",
            "structure": "end_city"
          }
        }
      }
    }
  },
  "rewards": {
    "experience": 25
  }
}
