{
	"display": {
		"icon": {
			"item": "shulker_spawn_egg"
		},
		"title": {
			"translate": "adv.end.hunter_shulker"
		},
		"description": {
			"translate": "adv.end.hunter_shulker.desc"
		},
		"frame": "goal"
	},
	"parent": "end/shulker_shell",
	"rewards": {
		"experience": 100
	},
	"criteria": {
		"killed": {
			"trigger": "tick",
			"conditions": {
				"player": {
					"type_specific": {
						"type": "player",
						"stats": [
							{
								"type": "killed",
								"stat": "shulker",
								"value": {
									"min": 30
								}
							}
						]
					}
				}
			}
		}
	}
}
