{
  "parent": "end/find_end_city",
  "display": {
    "icon": {
      "item": "flint_and_steel"
    },
    "title": {
      "translate": "adv.end.hurt_by_shulker"
    },
    "description": {
      "translate": "adv.end.hurt_by_shulker.desc"
    }
  },
  "rewards": {
    "experience": 10,
    "function": "adv_rewards/hurt_by_shulker"
  },
  "criteria": {
    "levitated": {
      "trigger": "levitation",
      "conditions": {
        "distance": {
          "y": {
            "min": 0.1
          }
        }
      }
    }
  }
}
