{
  "parent": "end/root",
  "display": {
    "icon": {
      "item": "dragon_head"
    },
    "title": {
      "translate": "advancements.end.kill_dragon.title"
    },
    "description": {
      "translate": "advancements.end.kill_dragon.description"
    },
    "frame": "challenge"
  },
  "rewards": {
    "experience": 12000
  },
  "criteria": {
    "killed_dragon": {
      "trigger": "player_killed_entity",
      "conditions": {
        "entity": [
          {
            "condition": "entity_properties",
            "predicate": {
              "type": "ender_dragon"
            },
            "entity": "this"
          }
        ]
      }
    }
  }
}
