{
  "display": {
    "icon": {
      "item": "wheat_seeds"
    },
    "title": {
      "translate": "adv.end.plant_seed_end"
    },
    "description": {
      "translate": "adv.end.plant_seed_end.desc"
    }
  },
  "parent": "end/chorus_fruit",
  "criteria": {
    "requirement": {
      "trigger": "placed_block",
      "conditions": {
        "player": {
          "location": {
            "dimension": "the_end"
          }
        },
        "block": "wheat"
      }
    }
  },
  "rewards": {
    "experience": 10
  }
}
