{
  "display": {
    "icon": {
      "item": "birch_boat"
    },
    "title": {
      "translate": "adv.end.ride_with_shulker"
    },
    "description": {
      "translate": "adv.end.ride_with_shulker.desc"
    },
    "frame": "goal"
  },
  "parent": "end/shulker_shell",
  "criteria": {
    "requirement": {
      "trigger": "tick",
      "conditions": {
        "player": {
          "vehicle": {
            "type": "boat",
            "passenger": {
              "type": "shulker"
            }
          }
        }
      }
    }
  },
  "rewards": {
    "experience": 200
  }
}
