{
  "display": {
    "icon": {
      "item": "shulker_shell"
    },
    "title": {
      "translate": "adv.end.shulker_shell"
    },
    "description": {
      "translate": "adv.end.shulker_shell.desc"
    }
  },
  "parent": "end/find_end_city",
  "criteria": {
    "shulker_shell": {
      "trigger": "inventory_changed",
      "conditions": {
        "items": [
          {
            "items": [
              "shulker_shell"
            ]
          }
        ]
      }
    }
  },
  "rewards": {
    "experience": 10
  }
}
