{
    "block.chest.locked": {
        "replace": true,
        "sounds": [],
        "subititles": ""
    },
    "item.goat_horn.play": {
        "sounds": [
            "item/goat_horn/call0"
        ],
        "subititles": "subtitles.item.goat_horn.play"
    },
    "entity.goat.screaming.horn_break": {
        "sounds": [
            {
                "name": "mob/goat/horn_break1",
                "volume": 0.9
            },
            {
                "name": "mob/goat/horn_break2",
                "volume": 0.9
            },
            {
                "name": "mob/goat/horn_break3",
                "volume": 0.9
            },
            {
                "name": "mob/goat/horn_break4",
                "volume": 0.9
            }
        ],
        "subititles": "subtitles.entity.goat.horn_break"
    }
}