{
	"feature": "terralith:cliffs/white/patch_base",
	"placement": [
		{
			"type": "minecraft:count",
			"count": 27
		},
		{
			"type": "minecraft:in_square"
		},
		{
			"type": "minecraft:heightmap",
			"heightmap": "WORLD_SURFACE_WG"
		},
		{
			"type": "minecraft:block_predicate_filter",
			"predicate": {
				"type": "minecraft:all_of",
				"predicates": [
					{
						"type": "minecraft:matching_blocks",
						"offset": [
							1,
							0,
							0
						],
						"blocks": [
							"minecraft:tall_grass",
							"minecraft:grass",
							"minecraft:flowering_azalea",
							"minecraft:azalea",
							"minecraft:moss_carpet",
							"minecraft:air"
						]
					},
					{
						"type": "minecraft:matching_blocks",
						"offset": [
							2,
							0,
							0
						],
						"blocks": [
							"minecraft:tall_grass",
							"minecraft:grass",
							"minecraft:flowering_azalea",
							"minecraft:azalea",
							"minecraft:moss_carpet",
							"minecraft:air"
						]
					},
					{
						"type": "minecraft:matching_blocks",
						"offset": [
							-1,
							0,
							0
						],
						"blocks": [
							"minecraft:tall_grass",
							"minecraft:grass",
							"minecraft:flowering_azalea",
							"minecraft:azalea",
							"minecraft:moss_carpet",
							"minecraft:air"
						]
					},
					{
						"type": "minecraft:matching_blocks",
						"offset": [
							-2,
							0,
							0
						],
						"blocks": [
							"minecraft:tall_grass",
							"minecraft:grass",
							"minecraft:flowering_azalea",
							"minecraft:azalea",
							"minecraft:moss_carpet",
							"minecraft:air"
						]
					},
					{
						"type": "minecraft:matching_blocks",
						"offset": [
							0,
							0,
							1
						],
						"blocks": [
							"minecraft:tall_grass",
							"minecraft:grass",
							"minecraft:flowering_azalea",
							"minecraft:azalea",
							"minecraft:moss_carpet",
							"minecraft:air"
						]
					},
					{
						"type": "minecraft:matching_blocks",
						"offset": [
							0,
							0,
							2
						],
						"blocks": [
							"minecraft:tall_grass",
							"minecraft:grass",
							"minecraft:flowering_azalea",
							"minecraft:azalea",
							"minecraft:moss_carpet",
							"minecraft:air"
						]
					},
					{
						"type": "minecraft:matching_blocks",
						"offset": [
							0,
							0,
							-1
						],
						"blocks": [
							"minecraft:tall_grass",
							"minecraft:grass",
							"minecraft:flowering_azalea",
							"minecraft:azalea",
							"minecraft:moss_carpet",
							"minecraft:air"
						]
					},
					{
						"type": "minecraft:matching_blocks",
						"offset": [
							0,
							0,
							-2
						],
						"blocks": [
							"minecraft:tall_grass",
							"minecraft:grass",
							"minecraft:flowering_azalea",
							"minecraft:azalea",
							"minecraft:moss_carpet",
							"minecraft:air"
						]
					},
					{
						"type": "minecraft:matching_blocks",
						"offset": [
							0,
							0,
							0
						],
						"blocks": [
							"minecraft:tall_grass",
							"minecraft:grass",
							"minecraft:flowering_azalea",
							"minecraft:azalea",
							"minecraft:moss_carpet",
							"minecraft:air"
						]
					}
				]
			}
		},
		{
			"type": "minecraft:biome"
		}
	]
}
