{
  "feature": "terralith:swamp/vanilla/tiny/trees_tiny",
  "placement": [
    {
      "type": "minecraft:count",
      "count": {
        "type": "minecraft:weighted_list",
        "distribution": [
          {
            "data": 4,
            "weight": 90
          },
          {
            "data": 5,
            "weight": 10
          }
        ]
      }
    },
    {
      "type": "minecraft:in_square"
    },
    {
      "type": "minecraft:heightmap",
      "heightmap": "OCEAN_FLOOR_WG"
    },
    {
      "type": "minecraft:noise_based_count",
      "noise_factor": 215,
      "noise_offset": -0.65,
      "noise_to_count_ratio": 1
    },
    {
      "type": "minecraft:noise_based_count",
      "noise_factor": 215,
      "noise_offset": -1,
      "noise_to_count_ratio": -1
    },
    {
      "type": "minecraft:block_predicate_filter",
      "predicate": {
        "type": "minecraft:all_of",
        "predicates": [
          {
            "type": "minecraft:replaceable"
          },
          {
            "type": "minecraft:would_survive",
            "state": {
              "Name": "minecraft:fern"
            }
          }
        ]
      }
    },
    {
      "type": "minecraft:biome"
    }
  ]
}