{
  "parent": "husbandry/spruce_sapling",
  "display": {
    "icon": {
      "item": "oak_sapling"
    },
    "title": {
      "translate": "adv.husbandry.all_saplings"
    },
    "description": {
      "translate": "adv.husbandry.all_saplings.desc"
    }
  },
  "rewards": {
    "experience": 30
  },
  "criteria": {
    "oak_sapling": {
      "trigger": "inventory_changed",
      "conditions": {
        "items": [
          {
            "items": [
              "oak_sapling"
            ]
          }
        ]
      }
    },
    "birch_sapling": {
      "trigger": "inventory_changed",
      "conditions": {
        "items": [
          {
            "items": [
              "birch_sapling"
            ]
          }
        ]
      }
    },
    "spruce_sapling": {
      "trigger": "inventory_changed",
      "conditions": {
        "items": [
          {
            "items": [
              "spruce_sapling"
            ]
          }
        ]
      }
    },
    "jungle_sapling": {
      "trigger": "inventory_changed",
      "conditions": {
        "items": [
          {
            "items": [
              "jungle_sapling"
            ]
          }
        ]
      }
    },
    "dark_oak_sapling": {
      "trigger": "inventory_changed",
      "conditions": {
        "items": [
          {
            "items": [
              "dark_oak_sapling"
            ]
          }
        ]
      }
    },
    "acacia_sapling": {
      "trigger": "inventory_changed",
      "conditions": {
        "items": [
          {
            "items": [
              "acacia_sapling"
            ]
          }
        ]
      }
    }
  }
}
