{
  "parent": "husbandry/tactical_fishing",
  "display": {
    "icon": {
      "item": "axolotl_bucket"
    },
    "title": {
      "translate": "advancements.husbandry.axolotl_in_a_bucket.title"
    },
    "description": {
      "translate": "advancements.husbandry.axolotl_in_a_bucket.description"
    }
  },
  "rewards": {
    "experience": 3
  },
  "criteria": {
    "axolotl_bucket": {
      "trigger": "filled_bucket",
      "conditions": {
        "item": {
          "items": [
            "axolotl_bucket"
          ]
        }
      }
    }
  }
}
