{
  "parent": "husbandry/plant_seed",
  "display": {
    "icon": {
      "item": "apple"
    },
    "title": {
      "translate": "advancements.husbandry.balanced_diet.title"
    },
    "description": {
      "translate": "advancements.husbandry.balanced_diet.description"
    },
    "frame": "challenge"
  },
  "rewards": {
    "experience": 100
  },
  "criteria": {
    "apple": {
      "trigger": "consume_item",
      "conditions": {
        "item": {
          "items": [
            "apple"
          ]
        }
      }
    },
    "mushroom_stew": {
      "trigger": "consume_item",
      "conditions": {
        "item": {
          "items": [
            "mushroom_stew"
          ]
        }
      }
    },
    "bread": {
      "trigger": "consume_item",
      "conditions": {
        "item": {
          "items": [
            "bread"
          ]
        }
      }
    },
    "porkchop": {
      "trigger": "consume_item",
      "conditions": {
        "item": {
          "items": [
            "porkchop"
          ]
        }
      }
    },
    "cooked_porkchop": {
      "trigger": "consume_item",
      "conditions": {
        "item": {
          "items": [
            "cooked_porkchop"
          ]
        }
      }
    },
    "golden_apple": {
      "trigger": "consume_item",
      "conditions": {
        "item": {
          "items": [
            "golden_apple"
          ]
        }
      }
    },
    "enchanted_golden_apple": {
      "trigger": "consume_item",
      "conditions": {
        "item": {
          "items": [
            "enchanted_golden_apple"
          ]
        }
      }
    },
    "cod": {
      "trigger": "consume_item",
      "conditions": {
        "item": {
          "items": [
            "cod"
          ]
        }
      }
    },
    "salmon": {
      "trigger": "consume_item",
      "conditions": {
        "item": {
          "items": [
            "salmon"
          ]
        }
      }
    },
    "tropical_fish": {
      "trigger": "consume_item",
      "conditions": {
        "item": {
          "items": [
            "tropical_fish"
          ]
        }
      }
    },
    "pufferfish": {
      "trigger": "consume_item",
      "conditions": {
        "item": {
          "items": [
            "pufferfish"
          ]
        }
      }
    },
    "cooked_cod": {
      "trigger": "consume_item",
      "conditions": {
        "item": {
          "items": [
            "cooked_cod"
          ]
        }
      }
    },
    "cooked_salmon": {
      "trigger": "consume_item",
      "conditions": {
        "item": {
          "items": [
            "cooked_salmon"
          ]
        }
      }
    },
    "cookie": {
      "trigger": "consume_item",
      "conditions": {
        "item": {
          "items": [
            "cookie"
          ]
        }
      }
    },
    "melon_slice": {
      "trigger": "consume_item",
      "conditions": {
        "item": {
          "items": [
            "melon_slice"
          ]
        }
      }
    },
    "beef": {
      "trigger": "consume_item",
      "conditions": {
        "item": {
          "items": [
            "beef"
          ]
        }
      }
    },
    "cooked_beef": {
      "trigger": "consume_item",
      "conditions": {
        "item": {
          "items": [
            "cooked_beef"
          ]
        }
      }
    },
    "chicken": {
      "trigger": "consume_item",
      "conditions": {
        "item": {
          "items": [
            "chicken"
          ]
        }
      }
    },
    "cooked_chicken": {
      "trigger": "consume_item",
      "conditions": {
        "item": {
          "items": [
            "cooked_chicken"
          ]
        }
      }
    },
    "rotten_flesh": {
      "trigger": "consume_item",
      "conditions": {
        "item": {
          "items": [
            "rotten_flesh"
          ]
        }
      }
    },
    "spider_eye": {
      "trigger": "consume_item",
      "conditions": {
        "item": {
          "items": [
            "spider_eye"
          ]
        }
      }
    },
    "carrot": {
      "trigger": "consume_item",
      "conditions": {
        "item": {
          "items": [
            "carrot"
          ]
        }
      }
    },
    "potato": {
      "trigger": "consume_item",
      "conditions": {
        "item": {
          "items": [
            "potato"
          ]
        }
      }
    },
    "baked_potato": {
      "trigger": "consume_item",
      "conditions": {
        "item": {
          "items": [
            "baked_potato"
          ]
        }
      }
    },
    "poisonous_potato": {
      "trigger": "consume_item",
      "conditions": {
        "item": {
          "items": [
            "poisonous_potato"
          ]
        }
      }
    },
    "golden_carrot": {
      "trigger": "consume_item",
      "conditions": {
        "item": {
          "items": [
            "golden_carrot"
          ]
        }
      }
    },
    "pumpkin_pie": {
      "trigger": "consume_item",
      "conditions": {
        "item": {
          "items": [
            "pumpkin_pie"
          ]
        }
      }
    },
    "rabbit": {
      "trigger": "consume_item",
      "conditions": {
        "item": {
          "items": [
            "rabbit"
          ]
        }
      }
    },
    "cooked_rabbit": {
      "trigger": "consume_item",
      "conditions": {
        "item": {
          "items": [
            "cooked_rabbit"
          ]
        }
      }
    },
    "rabbit_stew": {
      "trigger": "consume_item",
      "conditions": {
        "item": {
          "items": [
            "rabbit_stew"
          ]
        }
      }
    },
    "mutton": {
      "trigger": "consume_item",
      "conditions": {
        "item": {
          "items": [
            "mutton"
          ]
        }
      }
    },
    "cooked_mutton": {
      "trigger": "consume_item",
      "conditions": {
        "item": {
          "items": [
            "cooked_mutton"
          ]
        }
      }
    },
    "chorus_fruit": {
      "trigger": "consume_item",
      "conditions": {
        "item": {
          "items": [
            "chorus_fruit"
          ]
        }
      }
    },
    "beetroot": {
      "trigger": "consume_item",
      "conditions": {
        "item": {
          "items": [
            "beetroot"
          ]
        }
      }
    },
    "beetroot_soup": {
      "trigger": "consume_item",
      "conditions": {
        "item": {
          "items": [
            "beetroot_soup"
          ]
        }
      }
    },
    "dried_kelp": {
      "trigger": "consume_item",
      "conditions": {
        "item": {
          "items": [
            "dried_kelp"
          ]
        }
      }
    },
    "suspicious_stew": {
      "trigger": "consume_item",
      "conditions": {
        "item": {
          "items": [
            "suspicious_stew"
          ]
        }
      }
    },
    "sweet_berries": {
      "trigger": "consume_item",
      "conditions": {
        "item": {
          "items": [
            "sweet_berries"
          ]
        }
      }
    },
    "honey_bottle": {
      "trigger": "consume_item",
      "conditions": {
        "item": {
          "items": [
            "honey_bottle"
          ]
        }
      }
    },
    "glow_berries": {
      "trigger": "consume_item",
      "conditions": {
        "item": {
          "items": [
            "glow_berries"
          ]
        }
      }
    }
  }
}
