{
  "parent": "husbandry/plant_seed",
  "display": {
    "icon": {
      "item": "diamond_hoe"
    },
    "title": {
      "translate": "adv.husbandry.break_diamond_hoe"
    },
    "description": {
      "translate": "adv.husbandry.break_diamond_hoe.desc"
    },
    "frame": "challenge"
  },
  "rewards": {
    "experience": 500
  },
  "criteria": {
    "broke_hoe": {
      "trigger": "item_durability_changed",
      "conditions": {
        "item": {
          "items": ["diamond_hoe"]
        },
        "durability": {
          "max": 0
        }
      }
    }
  }
}