{
  "parent": "husbandry/breed_an_animal",
  "criteria": {
    "axolotl": {
      "conditions": {
        "child": [
          {
            "condition": "entity_properties",
            "entity": "this",
            "predicate": {
              "type": "axolotl"
            }
          }
        ]
      },
      "trigger": "bred_animals"
    },
    "bee": {
      "conditions": {
        "child": [
          {
            "condition": "entity_properties",
            "entity": "this",
            "predicate": {
              "type": "bee"
            }
          }
        ]
      },
      "trigger": "bred_animals"
    },
    "camel": {
      "conditions": {
        "child": [
          {
            "condition": "entity_properties",
            "entity": "this",
            "predicate": {
              "type": "camel"
            }
          }
        ]
      },
      "trigger": "bred_animals"
    },
    "cat": {
      "conditions": {
        "child": [
          {
            "condition": "entity_properties",
            "entity": "this",
            "predicate": {
              "type": "cat"
            }
          }
        ]
      },
      "trigger": "bred_animals"
    },
    "chicken": {
      "conditions": {
        "child": [
          {
            "condition": "entity_properties",
            "entity": "this",
            "predicate": {
              "type": "chicken"
            }
          }
        ]
      },
      "trigger": "bred_animals"
    },
    "cow": {
      "conditions": {
        "child": [
          {
            "condition": "entity_properties",
            "entity": "this",
            "predicate": {
              "type": "cow"
            }
          }
        ]
      },
      "trigger": "bred_animals"
    },
    "donkey": {
      "conditions": {
        "child": [
          {
            "condition": "entity_properties",
            "entity": "this",
            "predicate": {
              "type": "donkey"
            }
          }
        ]
      },
      "trigger": "bred_animals"
    },
    "fox": {
      "conditions": {
        "child": [
          {
            "condition": "entity_properties",
            "entity": "this",
            "predicate": {
              "type": "fox"
            }
          }
        ]
      },
      "trigger": "bred_animals"
    },
    "frog": {
      "conditions": {
        "parent": [
          {
            "condition": "entity_properties",
            "entity": "this",
            "predicate": {
              "type": "frog"
            }
          }
        ],
        "partner": [
          {
            "condition": "entity_properties",
            "entity": "this",
            "predicate": {
              "type": "frog"
            }
          }
        ]
      },
      "trigger": "bred_animals"
    },
    "goat": {
      "conditions": {
        "child": [
          {
            "condition": "entity_properties",
            "entity": "this",
            "predicate": {
              "type": "goat"
            }
          }
        ]
      },
      "trigger": "bred_animals"
    },
    "hoglin": {
      "conditions": {
        "child": [
          {
            "condition": "entity_properties",
            "entity": "this",
            "predicate": {
              "type": "hoglin"
            }
          }
        ]
      },
      "trigger": "bred_animals"
    },
    "horse": {
      "conditions": {
        "child": [
          {
            "condition": "entity_properties",
            "entity": "this",
            "predicate": {
              "type": "horse"
            }
          }
        ]
      },
      "trigger": "bred_animals"
    },
    "llama": {
      "conditions": {
        "child": [
          {
            "condition": "entity_properties",
            "entity": "this",
            "predicate": {
              "type": "llama"
            }
          }
        ]
      },
      "trigger": "bred_animals"
    },
    "mooshroom": {
      "conditions": {
        "child": [
          {
            "condition": "entity_properties",
            "entity": "this",
            "predicate": {
              "type": "mooshroom"
            }
          }
        ]
      },
      "trigger": "bred_animals"
    },
    "mule": {
      "conditions": {
        "child": [
          {
            "condition": "entity_properties",
            "entity": "this",
            "predicate": {
              "type": "mule"
            }
          }
        ]
      },
      "trigger": "bred_animals"
    },
    "ocelot": {
      "conditions": {
        "child": [
          {
            "condition": "entity_properties",
            "entity": "this",
            "predicate": {
              "type": "ocelot"
            }
          }
        ]
      },
      "trigger": "bred_animals"
    },
    "panda": {
      "conditions": {
        "child": [
          {
            "condition": "entity_properties",
            "entity": "this",
            "predicate": {
              "type": "panda"
            }
          }
        ]
      },
      "trigger": "bred_animals"
    },
    "pig": {
      "conditions": {
        "child": [
          {
            "condition": "entity_properties",
            "entity": "this",
            "predicate": {
              "type": "pig"
            }
          }
        ]
      },
      "trigger": "bred_animals"
    },
    "rabbit": {
      "conditions": {
        "child": [
          {
            "condition": "entity_properties",
            "entity": "this",
            "predicate": {
              "type": "rabbit"
            }
          }
        ]
      },
      "trigger": "bred_animals"
    },
    "sheep": {
      "conditions": {
        "child": [
          {
            "condition": "entity_properties",
            "entity": "this",
            "predicate": {
              "type": "sheep"
            }
          }
        ]
      },
      "trigger": "bred_animals"
    },
    "strider": {
      "conditions": {
        "child": [
          {
            "condition": "entity_properties",
            "entity": "this",
            "predicate": {
              "type": "strider"
            }
          }
        ]
      },
      "trigger": "bred_animals"
    },
    "turtle": {
      "conditions": {
        "parent": [
          {
            "condition": "entity_properties",
            "entity": "this",
            "predicate": {
              "type": "turtle"
            }
          }
        ],
        "partner": [
          {
            "condition": "entity_properties",
            "entity": "this",
            "predicate": {
              "type": "turtle"
            }
          }
        ]
      },
      "trigger": "bred_animals"
    },
    "wolf": {
      "conditions": {
        "child": [
          {
            "condition": "entity_properties",
            "entity": "this",
            "predicate": {
              "type": "wolf"
            }
          }
        ]
      },
      "trigger": "bred_animals"
    }
  },
  "display": {
    "description": {
      "translate": "advancements.husbandry.breed_all_animals.description"
    },
    "frame": "challenge",
    "icon": {
      "item": "golden_carrot"
    },
    "title": {
      "translate": "advancements.husbandry.breed_all_animals.title"
    }
  },
  "rewards": {
    "experience": 750
  }
}