{
  "parent": "husbandry/sugar_cane",
  "display": {
    "icon": {
      "item": "cake"
    },
    "title": {
      "translate": "adv.husbandry.cake"
    },
    "description": {
      "translate": "adv.husbandry.cake.desc"
    }
  },
  "rewards": {
    "function": "adv_rewards/cake",
    "experience": 10
  },
  "criteria": {
    "cake": {
      "trigger": "inventory_changed",
      "conditions": {
        "items": [
          {
            "items": [
              "cake"
            ]
          }
        ]
      }
    }
  }
}
