{
  "display": {
    "icon": {
      "item": "carved_pumpkin"
    },
    "title": {
      "translate": "adv.husbandry.carved_pumpkin"
    },
    "description": {
      "translate": "adv.husbandry.carved_pumpkin.desc"
    }
  },
  "rewards": {
    "experience": 10
  },
  "parent": "husbandry/pumpkin",
  "criteria": {
    "carved_pumpkin": {
      "trigger": "inventory_changed",
      "conditions": {
        "items": [
          {
            "items": [
              "carved_pumpkin"
            ]
          }
        ]
      }
    }
  }
}
