{
  "display": {
    "icon": {
      "item": "cooked_chicken"
    },
    "title": {
      "translate": "adv.husbandry.chicken"
    },
    "description": {
      "translate": "adv.husbandry.chicken.desc"
    }
  },
  "parent": "husbandry/rabbit_season",
  "criteria": {
    "cooked_chicken": {
      "trigger": "consume_item",
      "conditions": {
        "item": {
          "items": [
            "cooked_chicken"
          ]
        }
      }
    }
  },
  "rewards": {
    "experience": 5,
    "function": "ltreward_check/husbandry/chicken"
  }
}
