{
  "parent": "husbandry/tame_an_animal",
  "display": {
    "icon": {
      "item": "cod"
    },
    "title": {
      "translate": "advancements.husbandry.complete_catalogue.title"
    },
    "description": {
      "translate": "advancements.husbandry.complete_catalogue.description"
    },
    "frame": "challenge"
  },
  "rewards": {
    "experience": 800
  },
  "criteria": {
    "textures/entity/cat/tabby.png": {
      "trigger": "tame_animal",
      "conditions": {
        "entity": [
          {
            "condition": "entity_properties",
            "predicate": {
              "type_specific": {
                "type": "cat",
                "variant": "tabby"
              }
            },
            "entity": "this"
          }
        ]
      }
    },
    "textures/entity/cat/black.png": {
      "trigger": "tame_animal",
      "conditions": {
        "entity": [
          {
            "condition": "entity_properties",
            "predicate": {
              "type_specific": {
                "type": "cat",
                "variant": "black"
              }
            },
            "entity": "this"
          }
        ]
      }
    },
    "textures/entity/cat/red.png": {
      "trigger": "tame_animal",
      "conditions": {
        "entity": [
          {
            "condition": "entity_properties",
            "predicate": {
              "type_specific": {
                "type": "cat",
                "variant": "red"
              }
            },
            "entity": "this"
          }
        ]
      }
    },
    "textures/entity/cat/siamese.png": {
      "trigger": "tame_animal",
      "conditions": {
        "entity": [
          {
            "condition": "entity_properties",
            "predicate": {
              "type_specific": {
                "type": "cat",
                "variant": "siamese"
              }
            },
            "entity": "this"
          }
        ]
      }
    },
    "textures/entity/cat/british_shorthair.png": {
      "trigger": "tame_animal",
      "conditions": {
        "entity": [
          {
            "condition": "entity_properties",
            "predicate": {
              "type_specific": {
                "type": "cat",
                "variant": "british_shorthair"
              }
            },
            "entity": "this"
          }
        ]
      }
    },
    "textures/entity/cat/calico.png": {
      "trigger": "tame_animal",
      "conditions": {
        "entity": [
          {
            "condition": "entity_properties",
            "predicate": {
              "type_specific": {
                "type": "cat",
                "variant": "calico"
              }
            },
            "entity": "this"
          }
        ]
      }
    },
    "textures/entity/cat/persian.png": {
      "trigger": "tame_animal",
      "conditions": {
        "entity": [
          {
            "condition": "entity_properties",
            "predicate": {
              "type_specific": {
                "type": "cat",
                "variant": "persian"
              }
            },
            "entity": "this"
          }
        ]
      }
    },
    "textures/entity/cat/ragdoll.png": {
      "trigger": "tame_animal",
      "conditions": {
        "entity": [
          {
            "condition": "entity_properties",
            "predicate": {
              "type_specific": {
                "type": "cat",
                "variant": "ragdoll"
              }
            },
            "entity": "this"
          }
        ]
      }
    },
    "textures/entity/cat/white.png": {
      "trigger": "tame_animal",
      "conditions": {
        "entity": [
          {
            "condition": "entity_properties",
            "predicate": {
              "type_specific": {
                "type": "cat",
                "variant": "white"
              }
            },
            "entity": "this"
          }
        ]
      }
    },
    "textures/entity/cat/jellie.png": {
      "trigger": "tame_animal",
      "conditions": {
        "entity": [
          {
            "condition": "entity_properties",
            "predicate": {
              "type_specific": {
                "type": "cat",
                "variant": "jellie"
              }
            },
            "entity": "this"
          }
        ]
      }
    },
    "textures/entity/cat/all_black.png": {
      "trigger": "tame_animal",
      "conditions": {
        "entity": [
          {
            "condition": "entity_properties",
            "predicate": {
              "type_specific": {
                "type": "cat",
                "variant": "all_black"
              }
            },
            "entity": "this"
          }
        ]
      }
    }
  }
}
