{
  "parent": "husbandry/root",
  "display": {
    "icon": {
      "item": "fishing_rod"
    },
    "title": {
      "translate": "advancements.husbandry.fishy_business.title"
    },
    "description": {
      "translate": "advancements.husbandry.fishy_business.description"
    }
  },
  "rewards": {
    "function": "adv_rewards/fishy_business",
     "experience": 5
  },
  "criteria": {
    "cod": {
      "trigger": "fishing_rod_hooked",
      "conditions": {
        "item": {
          "items": [
            "cod"
          ]
        }
      }
    },
    "tropical_fish": {
      "trigger": "fishing_rod_hooked",
      "conditions": {
        "item": {
          "items": [
            "tropical_fish"
          ]
        }
      }
    },
    "pufferfish": {
      "trigger": "fishing_rod_hooked",
      "conditions": {
        "item": {
          "items": [
            "pufferfish"
          ]
        }
      }
    },
    "salmon": {
      "trigger": "fishing_rod_hooked",
      "conditions": {
        "item": {
          "items": [
            "salmon"
          ]
        }
      }
    }
  },
  "requirements": [
    [
      "cod",
      "tropical_fish",
      "pufferfish",
      "salmon"
    ]
  ]
}
