{
  "parent": "husbandry/get_froglight",
  "criteria": {
    "froglights": {
      "conditions": {
        "items": [
          {
            "items": [
              "ochre_froglight"
            ]
          },
          {
            "items": [
              "pearlescent_froglight"
            ]
          },
          {
            "items": [
              "verdant_froglight"
            ]
          }
        ]
      },
      "trigger": "inventory_changed"
    }
  },
  "rewards": {
    "experience": 150
  },
  "display": {
    "description": {
      "translate": "advancements.husbandry.froglights.description"
    },
    "frame": "challenge",
    "icon": {
      "item": "verdant_froglight"
    },
    "title": {
      "translate": "advancements.husbandry.froglights.title"
    }
  }
}
