{
  "display": {
    "icon": {
      "item": "stone_pickaxe"
    },
    "title": {
      "translate": "adv.husbandry.kill_bee"
    },
    "description": {
      "translate": "adv.husbandry.kill_bee.desc"
    }
  },
  "parent": "husbandry/safely_harvest_honey",
  "criteria": {
    "requirement": {
      "trigger": "player_killed_entity",
      "conditions": {
        "player": {
          "equipment": {
            "mainhand": {
              "tag": "pickaxes"
            }
          }
        },
        "entity": {
          "type": "bee"
        }
      }
    }
  },
  "rewards": {
    "experience": 10
  }
}
