{
  "parent": "husbandry/axolotl_in_a_bucket",
  "display": {
    "icon": {
      "item": "tropical_fish_bucket"
    },
    "title": {
      "translate": "advancements.husbandry.kill_axolotl_target.title"
    },
    "description": {
      "translate": "advancements.husbandry.kill_axolotl_target.description"
    }
  },
  "rewards": {
    "experience": 10
  },
  "criteria": {
    "kill_axolotl_target": {
      "trigger": "effects_changed",
      "conditions": {
        "source": [
          {
            "condition": "entity_properties",
            "predicate": {
              "type": "axolotl"
            },
            "entity": "this"
          }
        ]
      }
    }
  }
}
