{
  "display": {
    "icon": {
      "item": "enchanted_golden_apple"
    },
    "title": {
      "translate": "adv.husbandry.overpowered"
    },
    "description": {
      "translate": "adv.husbandry.overpowered.desc"
    },
    "frame": "challenge"
  },
  "parent": "husbandry/golden_apple",
  "criteria": {
    "golden_apple": {
      "trigger": "consume_item",
      "conditions": {
        "item": {
          "items": [
            "enchanted_golden_apple"
          ]
        }
      }
    }
  },
  "rewards": {
    "function": "adv_rewards/overpowered",
    "experience": 50
  }
}
