{
  "parent": "husbandry/sugar_cane",
  "display": {
    "icon": {
      "item": "paper"
    },
    "title": {
      "translate": "adv.husbandry.paper"
    },
    "description": {
      "translate": "adv.husbandry.paper.desc"
    }
  },
  "rewards": {
    "experience": 5
  },
  "criteria": {
    "paper": {
      "trigger": "inventory_changed",
      "conditions": {
        "items": [
          {
            "items": [
              "paper"
            ]
          }
        ]
      }
    }
  }
}
