{
  "display": {
    "icon": {
      "item": "poppy"
    },
    "title": {
      "translate": "adv.husbandry.pick_flower"
    },
    "description": {
      "translate": "adv.husbandry.pick_flower.desc"
    }
  },
  "parent": "husbandry/root",
  "criteria": {
    "flower": {
      "trigger": "inventory_changed",
      "conditions": {
        "items": [
          {
            "items": [
              "dandelion",
              "poppy",
              "blue_orchid",
              "allium",
              "azure_bluet",
              "red_tulip",
              "orange_tulip",
              "pink_tulip",
              "white_tulip",
              "oxeye_daisy",
              "sunflower",
              "lilac",
              "rose_bush",
              "peony",
              "cornflower",
              "lily_of_the_valley",
              "wither_rose"
            ]
          }
        ]
      }
    }
  },
  "rewards": {
    "experience": 20
  }
}
