{
  "display": {
    "icon": {
      "item": "poisonous_potato"
    },
    "title": {
      "translate": "adv.husbandry.poisonous_potato"
    },
    "description": {
      "translate": "adv.husbandry.poisonous_potato.desc"
    }
  },
  "parent": "husbandry/pufferfish",
  "criteria": {
    "poisonous_potato": {
      "trigger": "consume_item",
      "conditions": {
        "item": {
          "items": [
            "poisonous_potato"
          ]
        }
      }
    }
  },
  "rewards": {
    "experience": 20
  }
}
