{
  "display": {
    "icon": {
      "item": "cooked_rabbit"
    },
    "title": {
      "translate": "adv.husbandry.rabbit_season"
    },
    "description": {
      "translate": "adv.husbandry.rabbit_season.desc"
    }
  },
  "parent": "husbandry/pork_chop",
  "criteria": {
    "rabbit": {
      "trigger": "consume_item",
      "conditions": {
        "item": {
          "items": [
            "cooked_rabbit"
          ]
        }
      }
    },
    "stew": {
      "trigger": "consume_item",
      "conditions": {
        "item": {
          "items": [
            "rabbit_stew"
          ]
        }
      }
    }
  },
  "requirements": [
    [
      "rabbit",
      "stew"
    ]
  ],
  "rewards": {
    "experience": 5
  }
}
