{
  "parent": "husbandry/root",
  "display": {
    "icon": {
      "item": "bee_nest"
    },
    "title": {
      "translate": "advancements.husbandry.silk_touch_nest.title"
    },
    "description": {
      "translate": "advancements.husbandry.silk_touch_nest.description"
    }
  },
  "rewards": {
    "experience": 15
  },
  "criteria": {
    "silk_touch_nest": {
      "trigger": "bee_nest_destroyed",
      "conditions": {
        "block": "bee_nest",
        "item": {
          "enchantments": [
            {
              "enchantment": "silk_touch",
              "levels": {
                "min": 1
              }
            }
          ]
        },
        "num_bees_inside": 3
      }
    }
  }
}
