{
  "display": {
    "icon": {
      "item": "spruce_sapling"
    },
    "title": {
      "translate": "adv.husbandry.spruce_sapling"
    },
    "description": {
      "translate": "adv.husbandry.spruce_sapling.desc"
    }
  },
  "parent": "husbandry/get_sapling",
  "criteria": {
    "spruce_sapling": {
      "trigger": "inventory_changed",
      "conditions": {
        "items": [
          {
            "items": [
              "spruce_sapling"
            ]
          }
        ]
      }
    }
  },
  "rewards": {
    "function": "ltreward_check/husbandry/spruce_sapling",
    "experience": 5
  }
}
