{
  "display": {
    "icon": {
      "item": "sweet_berries"
    },
    "title": {
      "translate": "adv.husbandry.stack_sweet_berries"
    },
    "description": {
      "translate": "adv.husbandry.stack_sweet_berries.desc"
    },
    "frame": "goal"
  },
  "rewards": {
    "experience": 50
  },
  "parent": "husbandry/sweet_berries",
  "criteria": {
    "sweet_berries": {
      "trigger": "inventory_changed",
      "conditions": {
        "items": [
          {
            "items": [
              "sweet_berries"
            ],
            "count": 64
          }
        ]
      }
    }
  }
}
