{
  "parent": "husbandry/shears",
  "display": {
    "icon": {
      "item": "shears"
    },
    "title": {
      "translate": "adv.husbandry.stone_shears_wool"
    },
    "description": {
      "translate": "adv.husbandry.stone_shears_wool.desc"
    },
    "frame": "goal"
  },
  "rewards": {
    "experience": 30
  },
  "criteria": {
    "shears": {
      "trigger": "inventory_changed",
      "conditions": {
        "items": [
          {
            "items": [
              "shears"
            ]
          }
        ]
      }
    },
    "stone": {
      "trigger": "inventory_changed",
      "conditions": {
        "items": [
          {
            "items": [
              "stone"
            ]
          }
        ]
      }
    },
    "white_wool": {
      "trigger": "inventory_changed",
      "conditions": {
        "items": [
          {
            "items": [
              "white_wool"
            ]
          }
        ]
      }
    }
  }
}
