{
  "parent": "husbandry/wheat",
  "display": {
    "icon": {
      "item": "sugar_cane"
    },
    "title": {
      "translate": "adv.husbandry.sugar_cane"
    },
    "description": {
      "translate": "adv.husbandry.sugar_cane.desc"
    }
  },
  "rewards": {
    "function": "ltreward_check/husbandry/sugar_cane",
    "experience": 5
  },
  "criteria": {
    "sugar_cane": {
      "trigger": "inventory_changed",
      "conditions": {
        "items": [
          {
            "items": [
              "sugar_cane"
            ]
          }
        ]
      }
    }
  }
}
