{
	"display": {
		"icon": {
			"item": "lead"
		},
		"title": {
			"translate": "adv.husbandry.tame_all_animals"
		},
		"description": {
			"translate": "adv.husbandry.tame_all_animals.desc"
		},
		"frame": "challenge"
	},
	"parent": "husbandry/tame_an_animal",
	"rewards": {
		"experience": 500
	},
	"criteria": {
		"donkey": {
			"trigger": "tame_animal",
			"conditions": {
				"entity": {
					"type": "donkey"
				}
			}
		},
		"horse": {
			"trigger": "tame_animal",
			"conditions": {
				"entity": {
					"type": "horse"
				}
			}
		},
		"llama": {
			"trigger": "tame_animal",
			"conditions": {
				"entity": {
					"type": "llama"
				}
			}
		},
		"mule": {
			"trigger": "tame_animal",
			"conditions": {
				"entity": {
					"type": "mule"
				}
			}
		},
		"cat": {
			"trigger": "tame_animal",
			"conditions": {
				"entity": {
					"type": "cat"
				}
			}
		},
		"parrot": {
			"trigger": "tame_animal",
			"conditions": {
				"entity": {
					"type": "parrot"
				}
			}
		},
		"wolf": {
			"trigger": "tame_animal",
			"conditions": {
				"entity": {
					"type": "wolf"
				}
			}
		}
	}
}