{
  "parent": "husbandry/pick_flower",
  "display": {
    "icon": {
      "item": "torchflower"
    },
    "title": {
      "translate": "adv.husbandry.torchflower"
    },
    "description": {
      "translate": "adv.husbandry.torchflower.desc"
    }
  },
  "rewards": {
    "experience": 10
  },
  "criteria": {
    "torchflower": {
      "trigger": "inventory_changed",
      "conditions": {
        "items": [
          {
            "items": [
              "torchflower"
            ]
          }
        ]
      }
    }
  }
}
