{
  "parent": "husbandry/safely_harvest_honey",
  "display": {
    "icon": {
      "item": "honeycomb"
    },
    "title": {
      "translate": "advancements.husbandry.wax_on.title"
    },
    "description": {
      "translate": "advancements.husbandry.wax_on.description"
    }
  },
  "rewards": {
    "experience": 5
  },
  "criteria": {
    "wax_on": {
      "trigger": "item_used_on_block",
      "conditions": {
        "location": {
          "block": {
            "blocks": [
              "copper_block",
              "exposed_copper",
              "weathered_copper",
              "oxidized_copper",
              "cut_copper",
              "exposed_cut_copper",
              "weathered_cut_copper",
              "oxidized_cut_copper",
              "cut_copper_slab",
              "exposed_cut_copper_slab",
              "weathered_cut_copper_slab",
              "oxidized_cut_copper_slab",
              "cut_copper_stairs",
              "exposed_cut_copper_stairs",
              "weathered_cut_copper_stairs",
              "oxidized_cut_copper_stairs"
            ]
          }
        },
        "item": {
          "items": [
            "honeycomb"
          ]
        }
      }
    }
  }
}
