{
  "parent": "husbandry/wax_off",
  "display": {
    "icon": {
      "item": "honeycomb"
    },
    "title": {
      "translate": "adv.husbandry.wax_on_oxidized_copper"
    },
    "description": {
      "translate": "adv.husbandry.wax_on_oxidized_copper.desc"
    },
    "frame": "goal"
  },
  "rewards": {
    "experience": 10
  },
  "criteria": {
    "wax_on": {
      "trigger": "item_used_on_block",
      "conditions": {
        "location": {
          "block": {
            "blocks": [
              "oxidized_copper",
              "oxidized_cut_copper",
              "oxidized_cut_copper_slab",
              "oxidized_cut_copper_stairs"
            ]
          }
        },
        "item": {
          "items": [
            "honeycomb"
          ]
        }
      }
    }
  }
}
