{
  "display": {
    "icon": {
      "item": "wheat"
    },
    "title": {
      "translate": "adv.husbandry.wheat"
    },
    "description": {
      "translate": "adv.husbandry.wheat.desc"
    }
  },
  "rewards": {
    "experience": 5,
    "function": "ltreward_check/husbandry/wheat"
  },
  "parent": "husbandry/plant_seed",
  "criteria": {
    "wheat": {
      "trigger": "inventory_changed",
      "conditions": {
        "items": [
          {
            "items": [
              "wheat"
            ]
          }
        ]
      }
    }
  }
}
