{
  "display": {
    "icon": {
      "item": "saddle"
    },
    "title": {
      "translate": "adv.husbandry.when_pigs_fly"
    },
    "description": {
      "translate": "adv.husbandry.when_pigs_fly.desc"
    },
    "frame": "goal"
  },
  "parent": "husbandry/repopulation",
  "criteria": {
    "when_pigs_fly": {
      "trigger": "tick",
      "conditions": {
        "player": {
          "equipment": {
            "chest": {
              "items": [
                "elytra"
              ]
            }
          },
          "vehicle": {
            "type": "pig"
          }
        }
      }
    }
  },
  "rewards": {
    "experience": 30
  }
}
