{
  "display": {
    "icon": {
      "item": "minecraft:trident"
    },
    "title": "A Wet Harpoon",
    "description": "Obtain The Oceanic Spear",
    "frame": "challenge",
    "show_toast": true,
    "announce_to_chat": true,
    "hidden": true
  },
  "parent": "mt:treasure_advancements/first_legendary_ocean_treasure",
  "criteria": {
    "obtainchest": {
      "trigger": "minecraft:inventory_changed",
      "conditions": {
        "items": [
          {
            "items": [
              "minecraft:trident"
            ],
            "nbt": "{weapon:ocean_spear}"
          }
        ]
      }
    }
  }
}
