{
  "display": {
    "icon": {
      "item": "minecraft:enchanted_book"
    },
    "title": {
      "text": "Cover Me in Sculk"
    },
    "description": {
      "text": "Get a full suit of Sculk-enchanted armor"
    },
    "frame": "challenge",
    "show_toast": true,
    "announce_to_chat": true,
    "hidden": true
  },
  "parent": "deeper_dark:trap",
  "criteria": {
    "armor": {
      "trigger": "minecraft:inventory_changed",
      "conditions": {
        "player": [],
        "items": [
          {
            "nbt": "{deeper_dark_enchantments:[\"clearsight\"]}"
          },
          {
            "nbt": "{deeper_dark_enchantments:[\"sonic_boom\"]}"
          },
          {
            "nbt": "{deeper_dark_enchantments:[\"safefall\"]}"
          },
          {
            "nbt": "{deeper_dark_enchantments:[\"darkspeed\"]}"
          }
        ]
      }
    }
  },
  "requirements": [
    [
      "armor"
    ]
  ],
  "rewards": {
    "experience": 100
  }
}
