{
  "display": {
    "icon": {
      "item": "minecraft:deepslate_bricks"
    },
    "title": {
      "text": "Lost to Time"
    },
    "description": {
      "text": "Find An Ancient City in the Deeper Dark"
    },
    "frame": "task",
    "show_toast": true,
    "announce_to_chat": true,
    "hidden": false
  },
  "parent": "deeper_dark:fossil",
  "criteria": {
    "in_dim": {
      "trigger": "minecraft:location",
      "conditions": {
        "player": [
          {
            "condition": "minecraft:entity_properties",
            "entity": "this",
            "predicate": {
              "location": {
                "structure": "deeper_dark:deeper_dark_ancient_city",
                "dimension": "deeper_dark:deeper_dark"
              },
              "stepping_on": {}
            }
          }
        ]
      }
    }
  },
  "requirements": [
    [
      "in_dim"
    ]
  ]
}
