{
  "display": {
    "icon": {
      "item": "minecraft:bone_block"
    },
    "title": {
      "text": "Paleontologist"
    },
    "description": {
      "text": "Find Diamonds in a Fossil in the Deeper Dark"
    },
    "frame": "task",
    "show_toast": true,
    "announce_to_chat": true,
    "hidden": false
  },
  "parent": "deeper_dark:root",
  "criteria": {
    "in_dim": {
      "trigger": "minecraft:location",
      "conditions": {
        "player": [
          {
            "condition": "minecraft:entity_properties",
            "entity": "this",
            "predicate": {
              "location": {
                "dimension": "deeper_dark:deeper_dark"
              },
              "stepping_on": {
                "block": {
                  "blocks": [
                    "minecraft:bone_block"
                  ]
                }
              }
            }
          }
        ]
      }
    }
  },
  "requirements": [
    [
      "in_dim"
    ]
  ]
}
