{
    "display": {
        "icon": {
            "item": "end_stone_bricks"
        },
        "title": {
            "translate": "adv.dimension.all_structure_plains"
        },
        "description": {
            "translate": "adv.dimension.all_structure_plains.desc"
        }
    },
    "parent": "dimension/look_at_creeper",
    "rewards": {
        "experience": 100
    },
    "criteria": {
        "all_structure_plains": {
            "trigger": "tick",
            "conditions": {
                "player": {
                    "location": {
                        "biome": "all_structure_plains"
                    }
                }
            }
        }
    }
}
