{
  "display": {
    "icon": {
      "item": "nether_brick"
    },
    "title": {
      "translate": "adv.dimension.all_structures_in_checkerboard"
    },
    "description": {
      "translate": "adv.dimension.all_structures_in_checkerboard.desc"
    }
  },
  "parent": "dimension/enter_creeper_checkerboard",
  "criteria": {
    "all_structure_plains": {
      "trigger": "tick",
      "conditions": {
        "player": {
          "location": {
            "biome": "all_structure_plains",
            "dimension": "creeper_checkerboard"
          }
        }
      }
    }
  },
  "rewards": {
    "experience": 100
  }
}
