{
  "display": {
    "icon": {
      "item": "ender_eye"
    },
    "title": {
      "translate": "adv.dimension.creeper_stronghold"
    },
    "description": {
      "translate": "adv.dimension.creeper_stronghold.desc"
    }
  },
  "parent": "dimension/creeper_village_creeper",
  "criteria": {
    "stronghold": {
      "trigger": "tick",
      "conditions": {
        "player": {
          "location": {
            "structure": "all_structures/stronghold"
          }
        }
      }
    }
  },
  "rewards": {
    "experience": 15
  }
}