{
  "display": {
    "icon": {
      "item": "green_terracotta"
    },
    "title": {
      "translate": "adv.dimension.creeper_world_center"
    },
    "description": {
      "translate": "adv.dimension.creeper_world_center.desc2"
    }
  },
  "parent": "dimension/look_at_creeper",
  "criteria": {
    "fortress": {
      "trigger": "tick",
      "conditions": {
        "player": {
          "location": {
            "structure": "all_structures/creeper_dimension_warp"
          }
        }
      }
    }
  },
  "rewards": {
    "experience": 10
  }
}