{
  "display": {
    "icon": {
      "item": "nether_bricks"
    },
    "title": {
      "translate": "adv.dimension.creeper_fortress"
    },
    "description": {
      "translate": "adv.dimension.creeper_fortress.desc"
    }
  },
  "parent": "dimension/creeper_end_city",
  "criteria": {
    "fortress": {
      "trigger": "tick",
      "conditions": {
        "player": {
          "location": {
            "structure": "all_structures/fortress"
          }
        }
      }
    }
  },
  "rewards": {
    "experience": 10
  }
}