{
  "display": {
    "icon": {
      "item": "purpur_block"
    },
    "title": {
      "translate": "adv.dimension.creeper_end_city"
    },
    "description": {
      "translate": "adv.dimension.creeper_end_city.desc"
    }
  },
  "parent": "dimension/creeper_ancient_city",
  "criteria": {
    "end_city": {
      "trigger": "tick",
      "conditions": {
        "player": {
          "location": {
            "structure": "all_structures/end_city"
          }
        }
      }
    }
  },
  "rewards": {
    "experience": 10
  }
}