{
  "display": {
    "icon": {
      "item": "deepslate"
    },
    "title": {
      "translate": "adv.dimension.creeper_ancient_city"
    },
    "description": {
      "translate": "adv.dimension.creeper_ancient_city.desc"
    }
  },
  "parent": "dimension/all_structure_plains",
  "criteria": {
    "ancient_city": {
      "trigger": "tick",
      "conditions": {
        "player": {
          "location": {
            "structure": "all_structures/ancient_city"
          }
        }
      }
    }
  },
  "rewards": {
    "experience": 10
  }
}