{
  "display": {
    "icon": {
      "item": "iron_block"
    },
    "title": {
      "translate": "adv.dimension.creeper_deep_hole"
    },
    "description": {
      "translate": "adv.dimension.creeper_deep_hole.desc"
    }
  },
  "parent": "dimension/all_structure_plains",
  "criteria": {
    "creeper_deep_hole_no_treasure": {
      "trigger": "tick",
      "conditions": {
        "player": {
          "location": {
            "structure": "all_structures/creeper_deep_hole_no_treasure"
          }
        }
      }
    },
    "creeper_deep_hole_treasure": {
      "trigger": "tick",
      "conditions": {
        "player": {
          "location": {
            "structure": "all_structures/creeper_deep_hole_treasure"
          }
        }
      }
    }
  },
  "requirements": [
    [
      "creeper_deep_hole_no_treasure",
      "creeper_deep_hole_treasure"
    ]
  ],
  "rewards": {
    "experience": 10
  }
}
