{
  "display": {
    "icon": {
      "item": "gunpowder"
    },
    "title": {
      "translate": "adv.dimension.kill_creeper_in_village"
    },
    "description": {
      "translate": "adv.dimension.kill_creeper_in_village.desc"
    },
    "frame": "goal"
  },
  "parent": "dimension/revenge",
  "criteria": {
    "creeper": {
      "trigger": "player_killed_entity",
      "conditions": {
        "entity": {
          "type": "creeper",
          "location": {
            "structure": "all_structures/creeper_village",
            "dimension": "creeper_dimension"
          }
        }
      }
    }
  },
  "rewards": {
    "experience": 20
  }
}
