{
  "display": {
    "icon": {
      "item": "creeper_spawn_egg"
    },
    "title": {
      "translate": "adv.dimension.killed_in_checkerboard"
    },
    "description": {
      "translate": "adv.dimension.killed_in_checkerboard.desc"
    },
    "frame": "goal"
  },
  "parent": "dimension/all_structures_in_checkerboard",
  "criteria": {
    "kill_by_creeper": {
      "trigger": "entity_killed_player",
      "conditions": {
        "player": {
          "location": {
            "dimension": "creeper_checkerboard"
          }
        },
        "entity": {
          "type": "creeper"
        }
      }
    }
  },
  "rewards": {
    "experience": 30
  }
}
