{
  "display": {
    "icon": {
      "item": "creeper_head"
    },
    "title": {
      "translate": "adv.dimension.open_creeper_treasure"
    },
    "description": {
      "translate": "adv.dimension.open_creeper_treasure.desc"
    }
  },
  "parent": "dimension/creeper_deep_hole",
  "criteria": {
    "loot": {
      "trigger": "player_generates_container_loot",
      "conditions": {
        "player": {
          "location": {
            "structure": "all_structures/creeper_deep_hole_treasure"
          }
        },
        "loot_table": "chests/creeper_world"
      }
    }
  },
  "rewards": {
    "experience": 15
  }
}
