{
  "display": {
    "icon": {
      "item": "bell"
    },
    "title": {
      "translate": "adv.dimension.raid_in_creeper"
    },
    "description": {
      "translate": "adv.dimension.raid_in_creeper.desc"
    },
    "frame": "goal"
  },
  "parent": "dimension/danger_trade",
  "criteria": {
    "raid_in_creeper": {
      "trigger": "hero_of_the_village",
      "conditions": {
        "player": {
          "location": {
            "dimension": "creeper_dimension"
          }
        }
      }
    }
  },
  "rewards": {
    "experience": 200
  }
}
