{
  "display": {
    "icon": {
      "item": "sculk_sensor"
    },
    "title": {
      "translate": "adv.dimension.sneak_200"
    },
    "description": {
      "translate": "adv.dimension.sneak_200.desc"
    }
  },
  "parent": "dimension/creeper_ancient_city",
  "criteria": {
    "avoid_vibration": {
      "trigger": "avoid_vibration",
      "conditions": {
        "player": {
          "location": {
            "dimension": "creeper_dimension"
          }
        }
      }
    }
  },
  "rewards": {
    "experience": 50
  }
}
