{
  "parent": "dimension/creeper_world_center",
  "display": {
    "icon": {
      "item": "creeper_spawn_egg"
    },
    "title": {
      "translate": "adv.dimension.warp_key"
    },
    "description": {
      "translate": "adv.dimension.warp_key.desc"
    }
  },
  "rewards": {
    "experience": 10
  },
  "criteria": {
    "warp": {
      "trigger": "inventory_changed",
      "conditions": {
        "items": [
          {
            "items": [
              "creeper_head"
            ],
            "nbt": "{WarpKey:1}"
          }
        ]
      }
    }
  }
}
