{
  "pools": [
    {
      "rolls": 1,
      "entries": [
        {
          "type": "item",
          "name": "minecraft:emerald",
          "functions": [
            {
              "function": "set_count",
              "count": 2
            }
          ]
        }
      ]
    },
    {
      "rolls": 1,
      "entries": [
        {
          "type": "minecraft:item",
          "name": "minecraft:cactus",
          "weight": 4
        },
        {
          "type": "minecraft:item",
          "name": "minecraft:dead_bush",
          "weight": 1,
          "functions": [
            {
              "function": "set_count",
              "count": {
                "min": 4,
                "max": 6
              }
            }
          ]
        }
      ]
    }
  ],
  "random_sequence": "tcc:gameplay/trades/wandering_trader/desert_items"
}