{
  "pools": [
    {
      "rolls": 1,
      "entries": [
        {
          "type": "item",
          "name": "minecraft:emerald",
          "functions": [
            {
              "function": "set_count",
              "count": 1
            }
          ]
        }
      ]
    },
    {
      "rolls": 1,
      "entries": [
        {
          "type": "minecraft:item",
          "name": "minecraft:dandelion",
          "weight": 1
        },
        {
          "type": "minecraft:item",
          "name": "minecraft:poppy",
          "weight": 1
        },
        {
          "type": "minecraft:item",
          "name": "minecraft:blue_orchid",
          "weight": 1
        },
        {
          "type": "minecraft:item",
          "name": "minecraft:allium",
          "weight": 1
        },
        {
          "type": "minecraft:item",
          "name": "minecraft:azure_bluet",
          "weight": 1
        },
        {
          "type": "minecraft:item",
          "name": "minecraft:red_tulip",
          "weight": 1
        },
        {
          "type": "minecraft:item",
          "name": "minecraft:orange_tulip",
          "weight": 1
        },
        {
          "type": "minecraft:item",
          "name": "minecraft:white_tulip",
          "weight": 1
        },
        {
          "type": "minecraft:item",
          "name": "minecraft:pink_tulip",
          "weight": 1
        },
        {
          "type": "minecraft:item",
          "name": "minecraft:oxeye_daisy",
          "weight": 1
        },
        {
          "type": "minecraft:item",
          "name": "minecraft:cornflower",
          "weight": 1
        },
        {
          "type": "minecraft:item",
          "name": "minecraft:lily_of_the_valley",
          "weight": 1
        },
        {
          "type": "minecraft:item",
          "name": "minecraft:sunflower",
          "weight": 3
        },
        {
          "type": "minecraft:item",
          "name": "minecraft:lilac",
          "weight": 3
        },
        {
          "type": "minecraft:item",
          "name": "minecraft:rose_bush",
          "weight": 3
        },
        {
          "type": "minecraft:item",
          "name": "minecraft:peony",
          "weight": 3
        },
        {
          "type": "minecraft:item",
          "name": "minecraft:pink_petals",
          "weight": 10
        }
      ],
      "functions": [
        {
          "function": "set_count",
          "count": 8
        }
      ]
    }
  ],
  "random_sequence": "tcc:gameplay/trades/wandering_trader/flowers"
}