{
  "pools": [
    {
      "rolls": 1,
      "entries": [
        {
          "type": "item",
          "name": "minecraft:emerald",
          "functions": [
            {
              "function": "set_count",
              "count": 3
            }
          ]
        }
      ]
    },
    {
      "rolls": 1,
      "entries": [
        {
          "type": "minecraft:item",
          "name": "minecraft:cocoa_beans",
          "weight": 4
        },
        {
          "type": "minecraft:item",
          "name": "minecraft:bamboo",
          "weight": 4
        },
        {
          "type": "minecraft:item",
          "name": "minecraft:lily_pad",
          "functions": [
            {
              "function": "set_count",
              "count": {
                "min": 10,
                "max": 15
              }
            }
          ]
        },
        {
          "type": "minecraft:item",
          "name": "minecraft:vine",
          "functions": [
            {
              "function": "set_count",
              "count": {
                "min": 10,
                "max": 15
              }
            }
          ]
        }
      ]
    }
  ],
  "random_sequence": "tcc:gameplay/trades/wandering_trader/jungle_items"
}