{
  "pools": [
    {
      "rolls": 1,
      "entries": [
        {
          "type": "item",
          "name": "minecraft:emerald",
          "weight": 1,
          "functions": [
            {
              "function": "set_count",
              "count": 4
            }
          ]
        }
      ]
    },
    {
      "rolls": 1,
      "entries": [
        {
          "type": "minecraft:item",
          "name": "minecraft:fire_coral",
          "weight": 2,
          "functions": [
            {
              "function": "set_count",
              "count": 16
            }
          ]
        },
        {
          "type": "minecraft:item",
          "name": "minecraft:brain_coral",
          "weight": 2,
          "functions": [
            {
              "function": "set_count",
              "count": 16
            }
          ]
        },
        {
          "type": "minecraft:item",
          "name": "minecraft:tube_coral",
          "weight": 2,
          "functions": [
            {
              "function": "set_count",
              "count": 16
            }
          ]
        },
        {
          "type": "minecraft:item",
          "name": "minecraft:horn_coral",
          "weight": 2,
          "functions": [
            {
              "function": "set_count",
              "count": 16
            }
          ]
        },
        {
          "type": "minecraft:item",
          "name": "minecraft:bubble_coral",
          "weight": 2,
          "functions": [
            {
              "function": "set_count",
              "count": 16
            }
          ]
        },
        {
          "type": "minecraft:item",
          "name": "minecraft:sea_pickle",
          "weight": 10,
          "functions": [
            {
              "function": "set_count",
              "count": {
                "min": 2,
                "max": 5
              }
            }
          ]
        },
        {
          "type": "minecraft:item",
          "name": "minecraft:kelp",
          "weight": 5,
          "functions": [
            {
              "function": "set_count",
              "count": {
                "min": 5,
                "max": 10
              }
            }
          ]
        },
        {
          "type": "minecraft:item",
          "name": "minecraft:turtle_egg",
          "weight": 10
        },
        {
          "type": "minecraft:item",
          "name": "minecraft:nautilus_shell",
          "weight": 15
        }
      ]
    }
  ],
  "random_sequence": "tcc:gameplay/trades/wandering_trader/ocean_items"
}