{
  "type": "minecraft:entity",
  "pools": [
    {
      "rolls": 1,
      "bonus_rolls": 0,
      "entries": [
        {
          "type": "minecraft:item",
          "name": "minecraft:sculk_catalyst"
        }
      ]
    },
    {
      "rolls": 1,
      "entries": [
        {
          "type": "minecraft:item",
          "name": "minecraft:sculk_shrieker",
          "functions": [
            {
              "function": "minecraft:set_nbt",
              "tag": "{display:{Name:'{\"text\":\"Activated Sculk Shrieker\",\"italic\":false}'},Enchantments:[{}],BlockStateTag:{can_summon:\"true\"}}"
            }
          ]
        }
      ],
      "conditions": [
        {
          "condition": "minecraft:killed_by_player"
        }
      ]
    },
    {
      "rolls": 1,
      "entries": [
        {
          "type": "minecraft:item",
          "name": "minecraft:enchanted_book",
          "functions": [
            {
              "function": "minecraft:set_nbt",
              "tag": "{deeperdarkhelmet:2b,deeperdarkbook:1b,display:{Lore:['{\"text\":\"Clearsight\",\"color\":\"#007A8A\",\"italic\":false}']}}"
            }
          ]
        },
        {
          "type": "minecraft:item",
          "name": "minecraft:enchanted_book",
          "functions": [
            {
              "function": "minecraft:set_nbt",
              "tag": "{deeperdarkchestplate:2b,deeperdarkbook:1b,display:{Lore:['{\"text\":\"Sonic Boom\",\"color\":\"#007A8A\",\"italic\":false}']}}"
            }
          ]
        },
        {
          "type": "minecraft:item",
          "name": "minecraft:enchanted_book",
          "functions": [
            {
              "function": "minecraft:set_nbt",
              "tag": "{deeperdarkleggings:2b,deeperdarkbook:1b,display:{Lore:['{\"text\":\"Safefall\",\"color\":\"#007A8A\",\"italic\":false}']}}"
            }
          ]
        },
        {
          "type": "minecraft:item",
          "name": "minecraft:enchanted_book",
          "functions": [
            {
              "function": "minecraft:set_nbt",
              "tag": "{deeperdarkboots:2b,deeperdarkbook:1b,display:{Lore:['{\"text\":\"Darkspeed\",\"color\":\"#007A8A\",\"italic\":false}']}}"
            }
          ]
        }
      ],
      "conditions": [
        {
          "condition": "minecraft:killed_by_player"
        }
      ]
    }
  ]
}
