{
  "type": "minecraft:block",
  "pools": [
    {
      "rolls": 1,
      "bonus_rolls": 0,
      "entries": [
        {
          "type": "minecraft:item",
          "name": "minecraft:beetroot"
        }
      ]
    },
    {
      "rolls": 1,
      "bonus_rolls": 0,
      "entries": [
        {
          "type": "minecraft:item",
          "name": "minecraft:beetroot_seeds",
          "functions": [
            {
              "function": "minecraft:set_count",
              "count": {
                "type": "minecraft:binomial",
                "n": 3,
                "p": 0.5714286
              }
            },
            {
              "function": "minecraft:limit_count",
              "limit": {
                "min": 0,
                "max": 3
              }
            }
          ]
        }
      ]
    },
    {
      "bonus_rolls": 0.0,
      "entries": [
        {
          "type": "minecraft:loot_table",
          "conditions": [
            {
              "chance": 0.05,
              "condition": "minecraft:random_chance"
            }
          ],
          "name": "tcc:items/heartbeet"
        }
      ],
      "rolls": 1.0
    }
  ]
}
