{
  "parent": "tcc:technical/root",
  "criteria": {
    "interact": {
      "trigger": "minecraft:player_interacted_with_entity",
      "conditions": {
        "entity": [
          {
            "condition": "minecraft:entity_properties",
            "entity": "this",
            "predicate": {
              "nbt": "{Tags:[\"tcc.gobblerift\"]}"
            }
          }
        ]
      }
    }
  },
  "rewards": {
    "function": "tcc:block/gobblerift/interact/advancement"
  }
}
