{
  "parent": "tcc:technical/root",
  "criteria": {
    "click_strider": {
      "trigger": "minecraft:player_interacted_with_entity",
      "conditions": {
        "player": [
          {
            "condition": "minecraft:entity_properties",
            "entity": "this",
            "predicate": {
              "nbt": "{RootVehicle:{Entity:{id:\"minecraft:strider\"}}}"
            }
          }
        ],
        "entity": {
          "type": "minecraft:strider"
        }
      }
    }
  },
  "rewards": {
    "function": "tcc:item/warped_fungus_on_a_stick/strider_fix/add_tag"
  }
}