{
  "type": "minecraft:entity",
  "pools": [
    {
      "rolls": 1,
      "entries": [
        {
          "type": "minecraft:loot_table",
          "functions": [
            {
              "function": "minecraft:set_count",
              "count": {
                "type": "minecraft:uniform",
                "min": 1,
                "max": 3
              },
              "add": false
            },
            {
              "function": "minecraft:looting_enchant",
              "count": {
                "type": "minecraft:uniform",
                "min": 0,
                "max": 1
              }
            }
          ],
          "name": "tcc:items/rotten_porkchop"
        }
      ]
    }
  ],
  "__smithed__": {
    "rules": [
      {
        "type":"smithed:merge",
        "target":"pools[0].entries[0]",
        "source":{
          "type":"smithed:reference",
          "path":"pools[0].entries[0]"
        }
      }
    ]
  }
}