{
  "display": {
    "icon": {
      "item": "bee_spawn_egg"
    },
    "title": {
      "translate": "adv.adventure.arthropod_researcher"
    },
    "description": {
      "translate": "adv.adventure.arthropod_researcher.desc"
    },
    "frame": "goal"
  },
  "parent": "adventure/skeleton_researcher",
  "criteria": {
    "spider": {
      "trigger": "player_killed_entity",
      "conditions": {
        "entity": [
          {
            "condition": "entity_properties",
            "entity": "this",
            "predicate": {
              "type": "spider"
            }
          }
        ]
      }
    },
    "cave_spider": {
      "trigger": "player_killed_entity",
      "conditions": {
        "entity": [
          {
            "condition": "entity_properties",
            "entity": "this",
            "predicate": {
              "type": "cave_spider"
            }
          }
        ]
      }
    },
    "bee": {
      "trigger": "player_killed_entity",
      "conditions": {
        "entity": [
          {
            "condition": "entity_properties",
            "entity": "this",
            "predicate": {
              "type": "bee"
            }
          }
        ]
      }
    },
    "silverfish": {
      "trigger": "player_killed_entity",
      "conditions": {
        "entity": [
          {
            "condition": "entity_properties",
            "entity": "this",
            "predicate": {
              "type": "silverfish"
            }
          }
        ]
      }
    }
  },
  "rewards": {
    "experience": 45
  }
}
