{
  "parent": "adventure/get_chest",
  "display": {
    "icon": {
      "item": "bundle"
    },
    "title": {
      "translate": "adv.adventure.bundle"
    },
    "description": {
      "translate": "adv.adventure.bundle.desc"
    },
    "frame": "goal"
  },
  "rewards": {
    "experience": 35
  },
  "criteria": {
    "bundle": {
      "trigger": "inventory_changed",
      "conditions": {
        "items": [
          {
            "items": [
              "bundle"
            ]
          }
        ]
      }
    }
  }
}
