{
  "display": {
    "icon": {
      "item": "decorated_pot",
      "nbt": "{BlockEntityTag:{shards:[\"pottery_shard_prize\",\"pottery_shard_skull\",\"pottery_shard_archer\",\"pottery_shard_arms_up\"]}}"
    },
    "title": {
      "translate": "adv.adventure.decorated_pot"
    },
    "description": {
      "translate": "adv.adventure.decorated_pot.desc"
    }
  },
  "parent": "adventure/use_brush",
  "criteria": {
    "decorated_pot": {
      "trigger": "inventory_changed",
      "conditions": {
        "items": [
          {
            "items": [
              "decorated_pot"
            ]
          }
        ]
      }
    }
  },
  "rewards": {
    "experience": 10
  }
}
