{
  "display": {
    "icon": {
      "item": "name_tag"
    },
    "title": {"translate":"adv.adventure.dinnerbone"},
    "description": {
      "translate": "adv.adventure.dinnerbone.desc"
    }
  },
  "parent": "adventure/name_sheep",
  "criteria": {
    "dinnerbone": {
      "trigger": "player_interacted_with_entity",
      "conditions": {
        "item": {
          "items": [
            "name_tag"
          ],
          "nbt": "{display:{Name:{\"text\":\"Dinnerbone\"}}}"
        }
      }
    },
    "grumm": {
      "trigger": "player_interacted_with_entity",
      "conditions": {
        "item": {
          "items": [
            "name_tag"
          ],
          "nbt": "{display:{Name:{\"text\":\"Grumm\"}}}"
        }
      }
    }
  },
  "rewards": {
    "experience": 5
  },
  "requirements": [["dinnerbone","grumm"]]
}
