{
  "display": {
    "icon": {
      "item": "endermite_spawn_egg"
    },
    "title": {
      "translate": "adv.adventure.endermite"
    },
    "description": {
      "translate": "adv.adventure.endermite.desc"
    },
    "frame": "goal"
  },
  "parent": "adventure/ender_pearl",
  "criteria": {
    "endermite": {
      "trigger": "player_killed_entity",
      "conditions": {
        "entity": {
          "type": "endermite"
        }
      }
    }
  },
  "rewards": {
    "experience": 20
  }
}
