{
  "display": {
    "icon": {
      "item": "oak_planks"
    },
    "title": {
      "translate": "adv.adventure.find_all_villages"
    },
    "description": {
      "translate": "adv.adventure.find_all_villages.desc"
    },
    "frame": "challenge"
  },
  "parent": "adventure/find_village",
  "criteria": {
    "village_plains": {
      "trigger": "tick",
      "conditions": {
        "player": {
          "location": {
            "structure": "village_plains"
          }
        }
      }
    },
    "village_desert": {
      "trigger": "tick",
      "conditions": {
        "player": {
          "location": {
            "structure": "village_desert"
          }
        }
      }
    },
    "village_snowy": {
      "trigger": "tick",
      "conditions": {
        "player": {
          "location": {
            "structure": "village_snowy"
          }
        }
      }
    },
    "village_savanna": {
      "trigger": "tick",
      "conditions": {
        "player": {
          "location": {
            "structure": "village_savanna"
          }
        }
      }
    },
    "village_taiga": {
      "trigger": "tick",
      "conditions": {
        "player": {
          "location": {
            "structure": "village_taiga"
          }
        }
      }
    }
  },
  "rewards": {
    "experience": 300
  }
}
