{
  "parent": "adventure/creeper",
  "display": {
    "icon": {
      "item": "firework_rocket"
    },
    "title": {
      "translate": "adv.adventure.firework_rocket"
    },
    "description": {
      "translate": "adv.adventure.firework_rocket.desc"
    }
  },
  "rewards": {
    "experience": 10
  },
  "criteria": {
    "firework_rocket": {
      "trigger": "inventory_changed",
      "conditions": {
        "items": [
          {
            "items": [
              "firework_rocket"
            ]
          }
        ]
      }
    }
  }
}
