{
  "parent": "adventure/full_inventory",
  "display": {
    "icon": {
      "item": "chest"
    },
    "title": {
      "translate": "adv.adventure.get_chest"
    },
    "description": {
      "translate": "adv.adventure.get_chest.desc"
    }
  },
  "rewards": {
    "experience": 5,
    "function": "ltreward_check/adventure/get_chest"
  },
  "criteria": {
    "chest": {
      "trigger": "inventory_changed",
      "conditions": {
        "items": [
          {
            "items": [
              "chest"
            ]
          }
        ]
      }
    }
  }
}
