{
  "parent": "adventure/kill_ravager",
  "display": {
    "icon": {
      "item": "white_banner",
      "nbt": "{BlockEntityTag:{Patterns:[{Color:9,Pattern:\"mr\"},{Color:8,Pattern:\"bs\"},{Color:7,Pattern:\"cs\"},{Color:8,Pattern:\"bo\"},{Color:15,Pattern:\"ms\"},{Color:8,Pattern:\"hh\"},{Color:8,Pattern:\"mc\"},{Color:15,Pattern:\"bo\"}]},HideFlags:32,display:{Name:'{\"color\":\"gold\",\"translate\":\"block.minecraft.ominous_banner\"}'}}"
    },
    "title": {
      "translate": "advancements.adventure.hero_of_the_village.title"
    },
    "description": {
      "translate": "advancements.adventure.hero_of_the_village.description"
    },
    "frame": "challenge"
  },
  "rewards": {
    "function": "adv_rewards/hero_of_the_village",
     "experience": 50
  },
  "criteria": {
    "hero_of_the_village": {
      "trigger": "hero_of_the_village",
      "conditions": {
        "player": {
          "location": {}
        }
      }
    }
  }
}
