{
	"display": {
		"icon": {
			"item": "zombie_spawn_egg"
		},
		"title": {
			"translate": "adv.adventure.hunter_zombie"
		},
		"description": {
			"translate": "adv.adventure.hunter_zombie.desc"
		},
		"frame": "goal"
	},
	"parent": "adventure/kill_a_mob",
	"rewards": {
		"experience": 100
	},
	"criteria": {
		"killed": {
			"trigger": "tick",
			"conditions": {
				"player": {
					"type_specific": {
						"type": "player",
						"stats": [
							{
								"type": "killed",
								"stat": "zombie",
								"value": {
									"min": 100
								}
							}
						]
					}
				}
			}
		}
	}
}
