{
  "parent": "adventure/cave_spider",
  "display": {
    "icon": {
      "item": "dolphin_spawn_egg"
    },
    "title": {
      "translate": "adv.adventure.kill_dolphin"
    },
    "description": {
      "translate": "adv.adventure.kill_dolphin.desc"
    },
    "frame": "goal"
  },
  "rewards": {
    "experience": 15
  },
  "criteria": {
    "dolphin": {
      "trigger": "player_killed_entity",
      "conditions": {
        "entity": [
          {
            "condition": "entity_properties",
            "predicate": {
              "type": "dolphin"
            },
            "entity": "this"
          }
        ]
      }
    }
  }
}