{
  "parent": "adventure/bell",
  "display": {
    "icon": {
      "item": "ravager_spawn_egg"
    },
    "title": {
      "translate": "adv.adventure.kill_ravager"
    },
    "description": {
      "translate": "adv.adventure.kill_ravager.desc"
    }
  },
  "rewards": {
    "experience": 45
  },
  "criteria": {
    "killed": {
      "trigger": "player_killed_entity",
      "conditions": {
        "entity": [
          {
            "condition": "entity_properties",
            "predicate": {
              "type": "ravager"
            },
            "entity": "this"
          }
        ]
      }
    }
  }
}
