{
  "parent": "adventure/find_village",
  "display": {
    "icon": {
      "item": "villager_spawn_egg"
    },
    "title": {
      "translate": "adv.adventure.kill_villager"
    },
    "description": {
      "translate": "adv.adventure.kill_villager.desc"
    }
  },
  "rewards": {
    "function": "punish/punish_1"
  },
  "criteria": {
    "killed_villager": {
      "trigger": "player_killed_entity",
      "conditions": {
        "entity": [
          {
            "condition": "entity_properties",
            "predicate": {
              "type": "villager"
            },
            "entity": "this"
          }
        ]
      }
    }
  }
}
