{
  "parent": "adventure/kill_a_mob",
  "criteria": {
    "kill_mob_near_sculk_catalyst": {
      "conditions": {},
      "trigger": "kill_mob_near_sculk_catalyst"
    }
  },
  "rewards": {
    "experience": 250
  },
  "display": {
    "description": {
      "translate": "advancements.adventure.kill_mob_near_sculk_catalyst.description"
    },
    "frame": "challenge",
    "icon": {
      "item": "sculk_catalyst"
    },
    "title": {
      "translate": "advancements.adventure.kill_mob_near_sculk_catalyst.title"
    }
  }
}
