{
  "display": {
    "icon": {
      "item": "dark_oak_planks"
    },
    "title": {
      "translate": "adv.adventure.mansion"
    },
    "description": {
      "translate": "adv.adventure.mansion.desc"
    },
    "frame": "challenge"
  },
  "parent": "adventure/outpost",
  "criteria": {
    "mansion": {
      "trigger": "tick",
      "conditions": {
        "player": {
          "location": {
            "dimension": "overworld",
            "structure": "mansion"
          }
        }
      }
    }
  },
  "rewards": {
    "experience": 300
  }
}
