{
  "display": {
    "icon": {
      "item": "red_wool"
    },
    "title": {"translate":"adv.adventure.name_sheep"},
    "description": {
      "translate": "adv.adventure.name_sheep.desc"
    }
  },
  "parent": "adventure/name_tag",
  "criteria": {
    "name_tag": {
      "trigger": "player_interacted_with_entity",
      "conditions": {
        "item": {
          "items": [
            "name_tag"
          ],
          "nbt": "{display:{Name:{\"text\":\"jeb_\"}}}"
        },
        "entity": {
          "type": "sheep"
        }
      }
    }
  },
  "rewards": {
    "experience": 5
  }
}
