{
  "display": {
    "icon": {
      "item": "name_tag"
    },
    "title": {
      "translate": "adv.adventure.name_vindicator"
    },
    "description": {
      "translate": "adv.adventure.name_vindicator.desc"
    }
  },
  "parent": "adventure/dinnerbone",
  "criteria": {
    "name_tag": {
      "trigger": "player_interacted_with_entity",
      "conditions": {
        "item": {
          "items": [
            "name_tag"
          ],
          "nbt": "{display:{Name:\"{\\\"text\\\":\\\"Johnny\\\"}\"}}"
        },
        "entity": {
          "type": "vindicator"
        }
      }
    }
  },
  "rewards": {
    "experience": 10
  }
}
