{
  "display": {
    "icon": {
      "item": "diamond_sword"
    },
    "title": {
      "translate": "adv.adventure.overkill"
    },
    "description": {
      "translate": "adv.adventure.overkill.desc"
    },
    "frame": "challenge"
  },
  "parent": "adventure/kill_a_mob",
  "criteria": {
    "overkill": {
      "trigger": "player_hurt_entity",
      "conditions": {
        "damage": {
          "taken": {
            "min": 18
          },
          "type": {
            "is_explosion": false,
            "is_fire": false,
            "is_magic": false,
            "is_projectile": false,
            "is_lightning": false
          }
        }
      }
    }
  },
  "rewards": {
    "experience": 150
  }
}
