{
  "display": {
    "icon": {
      "item": "phantom_spawn_egg"
    },
    "title": {
      "translate": "adv.adventure.phantom"
    },
    "description": {
      "translate": "adv.adventure.phantom.desc"
    }
  },
  "parent": "adventure/cave_spider",
  "criteria": {
    "phantom": {
      "trigger": "player_killed_entity",
      "conditions": {
        "entity": [
          {
            "condition": "entity_properties",
            "entity": "this",
            "predicate": {
              "type": "phantom"
            }
          }
        ]
      }
    }
  },
  "rewards": {
    "experience": 50
  }
}
