{
  "display": {
    "icon": {
      "item": "egg"
    },
    "title": {
      "translate": "adv.adventure.poached_eggs"
    },
    "description": {
      "translate": "adv.adventure.poached_eggs.desc"
    }
  },
  "parent": "adventure/pvz",
  "criteria": {
    "killed_blaze": {
      "trigger": "player_hurt_entity",
      "conditions": {
        "damage": {
          "type": {
            "direct_entity": {
              "type": "egg"
            }
          }
        },
        "entity": {
          "type": "blaze"
        }
      }
    }
  },
  "rewards": {
    "experience": 20
  }
}
