{
  "parent": "adventure/ruined_portal",
  "display": {
    "icon": {
      "item": "blackstone"
    },
    "title": {
      "translate": "adv.adventure.ruined_portal_nether"
    },
    "description": {
      "translate": "adv.adventure.ruined_portal_nether.desc"
    }
  },
  "rewards": {
    "experience": 15
  },
  "criteria": {
    "ruined_portal": {
      "trigger": "tick",
      "conditions": {
        "player": {
          "location": {
            "dimension": "the_nether",
            "structure": "minecraft:ruined_portal"
          }
        }
      }
    }
  }
}
