{
  "parent": "adventure/kill_mob_near_sculk_catalyst",
  "display": {
    "icon": {
      "item": "sculk_catalyst"
    },
    "title": {
      "translate": "adv.adventure.sculk_catalyst"
    },
    "description": {
      "translate": "adv.adventure.sculk_catalyst.desc"
    }
  },
  "rewards": {
    "experience": 30
  },
  "criteria": {
    "sculk_catalyst": {
      "trigger": "inventory_changed",
      "conditions": {
        "items": [
          {
            "items": [
              "sculk_catalyst"
            ]
          }
        ]
      }
    }
  }
}
