{
  "parent": "adventure/root",
  "display": {
    "icon": {
      "item": "bow"
    },
    "title": {
      "translate": "advancements.adventure.shoot_arrow.title"
    },
    "description": {
      "translate": "advancements.adventure.shoot_arrow.description"
    }
  },
  "rewards": {
    "experience": 10
  },
  "criteria": {
    "shot_arrow": {
      "trigger": "player_hurt_entity",
      "conditions": {
        "damage": {
          "type": {
            "is_projectile": true,
            "direct_entity": {
              "type": "#minecraft:arrows"
            }
          }
        }
      }
    }
  }
}
