{
  "display": {
    "icon": {
      "item": "bone"
    },
    "title": {
      "translate": "adv.adventure.skeleton_researcher"
    },
    "description": {
      "translate": "adv.adventure.skeleton_researcher.desc"
    },
    "frame": "goal"
  },
  "parent": "adventure/zombie_researcher",
  "criteria": {
    "skeleton": {
      "trigger": "player_killed_entity",
      "conditions": {
        "entity": [
          {
            "condition": "entity_properties",
            "entity": "this",
            "predicate": {
              "type": "skeleton"
            }
          }
        ]
      }
    },
    "wither_skeleton": {
      "trigger": "player_killed_entity",
      "conditions": {
        "entity": [
          {
            "condition": "entity_properties",
            "entity": "this",
            "predicate": {
              "type": "wither_skeleton"
            }
          }
        ]
      }
    },
    "stray": {
      "trigger": "player_killed_entity",
      "conditions": {
        "entity": [
          {
            "condition": "entity_properties",
            "entity": "this",
            "predicate": {
              "type": "stray"
            }
          }
        ]
      }
    }
  },
  "rewards": {
    "experience": 45
  }
}
