{
  "display": {
    "icon": {
      "item": "carved_pumpkin"
    },
    "title": {
      "translate": "adv.adventure.snow_golem"
    },
    "description": {
      "translate": "adv.adventure.snow_golem.desc"
    }
  },
  "parent": "adventure/walk_on_powder_snow_with_leather_boots",
  "criteria": {
    "summon_snow_golem": {
      "trigger": "summoned_entity",
      "conditions": {
        "entity": {
          "type": "snow_golem"
        }
      }
    }
  },
  "rewards": {
    "experience": 5
  }
}
