{
  "parent": "adventure/trident",
  "display": {
    "icon": {
      "item": "trident"
    },
    "title": {
      "translate": "advancements.adventure.throw_trident.title"
    },
    "description": {
      "translate": "advancements.adventure.throw_trident.description"
    }
  },
  "rewards": {
    "experience": 10
  },
  "criteria": {
    "shot_trident": {
      "trigger": "player_hurt_entity",
      "conditions": {
        "damage": {
          "type": {
            "is_projectile": true,
            "direct_entity": {
              "type": "trident"
            }
          }
        }
      }
    }
  }
}
