{
  "parent": "adventure/kill_a_mob",
  "display": {
    "icon": {
      "item": "totem_of_undying"
    },
    "title": {
      "translate": "advancements.adventure.totem_of_undying.title"
    },
    "description": {
      "translate": "advancements.adventure.totem_of_undying.description"
    },
    "frame": "goal"
  },
  "rewards": {
    "function": "ltreward_check/adventure/totem_of_undying",
    "experience": 10
  },
  "criteria": {
    "used_totem": {
      "trigger": "used_totem",
      "conditions": {
        "item": {
          "items": [
            "totem_of_undying"
          ]
        }
      }
    }
  }
}
