{
  "display": {
    "icon": {
      "item": "wandering_trader_spawn_egg"
    },
    "title": {
      "translate": "adv.adventure.trade_at_wandering_trader"
    },
    "description": {
      "translate": "adv.adventure.trade_at_wandering_trader.desc"
    }
  },
  "parent": "adventure/trade",
  "criteria": {
    "traded": {
      "trigger": "villager_trade",
      "conditions": {
        "villager": {
          "type": "wandering_trader"
        }
      }
    }
  },
  "rewards": {
    "experience": 10
  }
}
