{
  "parent": "adventure/trade",
  "display": {
    "icon": {
      "item": "emerald"
    },
    "title": {
      "translate": "adv.adventure.trade_at_world_height"
    },
    "description": {
      "translate": "adv.adventure.trade_at_world_height.desc"
    }
  },
  "rewards": {
    "function": "adv_rewards/trade_at_world_height",
    "experience": 15
  },
  "criteria": {
    "traded": {
      "trigger": "villager_trade",
      "conditions": {
        "player": [
          {
            "condition": "entity_properties",
            "entity": "this",
            "predicate": {
              "location": {
                "position": {
                  "y": {
                    "min": 310
                  }
                }
              }
            }
          }
        ]
      }
    }
  }
}
