{
  "display": {
    "icon": {
      "item": "trident"
    },
    "title": {
      "translate": "adv.adventure.trident_duel"
    },
    "description": {
      "translate": "adv.adventure.trident_duel.desc"
    },
    "frame": "challenge"
  },
  "parent": "adventure/throw_trident",
  "criteria": {
    "shot_trident": {
      "trigger": "player_hurt_entity",
      "conditions": {
        "damage": {
          "type": {
            "is_projectile": true,
            "direct_entity": {
              "type": "trident"
            }
          }
        },
        "entity": {
          "type": "drowned",
          "distance": {
            "horizontal": {
              "min": 20
            }
          }
        }
      }
    }
  },
  "rewards": {
    "experience": 300
  }
}
