{
  "display": {
    "icon": {
      "item": "brush"
    },
    "title": {
      "translate": "adv.adventure.use_brush"
    },
    "description": {
      "translate": "adv.adventure.use_brush.desc"
    }
  },
  "parent": "adventure/brush",
  "criteria": {
    "use_brush": {
      "trigger": "item_durability_changed",
      "conditions": {
        "delta": 1,
        "item": {
          "items": [
            "brush"
          ]
        }
      }
    }
  },
  "rewards": {
    "experience": 10
  }
}
