{
  "display": {
    "icon": {
      "item": "spruce_log"
    },
    "title": {
      "translate": "adv.adventure.witch_hut"
    },
    "description": {
      "translate": "adv.adventure.witch_hut.desc"
    }
  },
  "parent": "adventure/jungle_pyramid",
  "criteria": {
    "witch_hut": {
      "trigger": "tick",
      "conditions": {
        "player": {
          "location": {
            "structure": "swamp_hut"
          }
        }
      }
    }
  },
  "rewards": {
    "experience": 10
  }
}
