{
  "pools": [
    {
      "rolls": 1,
      "entries": [
        {
          "type": "minecraft:item",
          "name": "minecraft:emerald"
        }
      ]
    },
    {
      "rolls": 1,
      "entries": [
        {
          "type": "minecraft:item",
          "name": "minecraft:black_concrete_powder"
        },
        {
          "type": "minecraft:item",
          "name": "minecraft:blue_concrete_powder"
        },
        {
          "type": "minecraft:item",
          "name": "minecraft:brown_concrete_powder"
        },
        {
          "type": "minecraft:item",
          "name": "minecraft:cyan_concrete_powder"
        },
        {
          "type": "minecraft:item",
          "name": "minecraft:gray_concrete_powder"
        },
        {
          "type": "minecraft:item",
          "name": "minecraft:green_concrete_powder"
        },
        {
          "type": "minecraft:item",
          "name": "minecraft:light_blue_concrete_powder"
        },
        {
          "type": "minecraft:item",
          "name": "minecraft:light_gray_concrete_powder"
        },
        {
          "type": "minecraft:item",
          "name": "minecraft:lime_concrete_powder"
        },
        {
          "type": "minecraft:item",
          "name": "minecraft:magenta_concrete_powder"
        },
        {
          "type": "minecraft:item",
          "name": "minecraft:orange_concrete_powder"
        },
        {
          "type": "minecraft:item",
          "name": "minecraft:pink_concrete_powder"
        },
        {
          "type": "minecraft:item",
          "name": "minecraft:purple_concrete_powder"
        },
        {
          "type": "minecraft:item",
          "name": "minecraft:red_concrete_powder"
        },
        {
          "type": "minecraft:item",
          "name": "minecraft:white_concrete_powder"
        },
        {
          "type": "minecraft:item",
          "name": "minecraft:yellow_concrete_powder"
        }
      ]
    }
  ],
  "random_sequence": "tcc:gameplay/trades/archaeologist/trade_5"
}