{
  "pools": [
    {
      "rolls": 1,
      "entries": [
        {
          "type": "minecraft:item",
          "name": "minecraft:emerald"
        }
      ]
    },
    {
      "rolls": 1,
      "entries": [
        {
          "type": "minecraft:item",
          "name": "minecraft:sand"
        },
        {
          "type": "minecraft:item",
          "name": "minecraft:gravel"
        },
        {
          "type": "minecraft:item",
          "name": "minecraft:red_sand"
        }
      ],
      "functions": [
        {
          "function": "minecraft:set_count",
          "count": 4
        }
      ]
    }
  ],
  "random_sequence": "tcc:gameplay/trades/archaeologist/trade_1"
}
