{
  "display": {
    "icon": {
      "item": "minecraft:snow"
    },
    "title": "Frostbitten",
    "description": "Obtain a Frostbite Arrow",
    "frame": "task",
    "show_toast": true,
    "announce_to_chat": true,
    "hidden": false
  },
  "parent": "mt:treasure_advancements/first_epic_ice_treasure",
  "criteria": {
    "obtainchest": {
      "trigger": "minecraft:inventory_changed",
      "conditions": {
        "items": [
          {
            "items": [
              "minecraft:tipped_arrow"
            ],
            "nbt": "{weapon:frost}"
          }
        ]
      }
    }
  }
}
