[
  {
    "condition": "minecraft:any_of",
    "terms": [
      {
        "condition": "minecraft:location_check",
        "predicate": {
          "biome": "minecraft:meadow"
        }
      },
      {
        "condition": "minecraft:location_check",
        "predicate": {
          "biome": "minecraft:cherry_grove"
        }
      },
      {
        "condition": "minecraft:location_check",
        "predicate": {
          "biome": "minecraft:flower_forest"
        }
      },
      {
        "condition": "minecraft:location_check",
        "predicate": {
          "biome": "minecraft:sunflower_plains"
        }
      }
    ]
  }
]
