{
  "pools": [
    {
      "rolls": {
        "min": {
          "type": "minecraft:score",
          "target": "this",
          "score": "mt.progression",
          "scale": 0.00002
        },
        "max": {
          "type": "minecraft:score",
          "target": "this",
          "score": "mt.progression",
          "scale": 0.000025
        }
      },
      "bonus_rolls": {
        "min": 1,
        "max": 6
      },
      "entries": [
        {
          "type": "minecraft:item",
          "name": "minecraft:glowstone",
          "weight": 2,
          "functions": [
            {
              "function": "minecraft:set_count",
              "count": {
                "min": 8,
                "max": 16
              }
            }
          ],
          "conditions": [
            {
              "condition": "minecraft:entity_scores",
              "entity": "this",
              "scores": {
                "mt.progression": {
                  "max": 399999
                }
              }
            }
          ]
        },
        {
          "type": "minecraft:item",
          "name": "minecraft:blaze_rod",
          "weight": 2,
          "functions": [
            {
              "function": "minecraft:set_count",
              "count": {
                "min": 4,
                "max": 8
              }
            }
          ],
          "conditions": [
            {
              "condition": "minecraft:entity_scores",
              "entity": "this",
              "scores": {
                "mt.progression": {
                  "min": 350000
                }
              }
            }
          ]
        },
        {
          "type": "minecraft:item",
          "name": "minecraft:redstone_block",
          "weight": 2,
          "functions": [
            {
              "function": "minecraft:set_count",
              "count": {
                "min": 4,
                "max": 8
              }
            }
          ],
          "conditions": [
            {
              "condition": "minecraft:entity_scores",
              "entity": "this",
              "scores": {
                "mt.progression": {
                  "max": 399999
                }
              }
            }
          ]
        },
        {
          "type": "minecraft:item",
          "name": "minecraft:gunpowder",
          "weight": 3,
          "functions": [
            {
              "function": "minecraft:set_count",
              "count": {
                "min": 8,
                "max": 16
              }
            }
          ]
        },
        {
          "type": "item",
          "weight": 1,
          "name": "minecraft:splash_potion",
          "functions": [
            {
              "function": "set_count",
              "count": 1
            },
            {
              "function": "set_nbt",
              "tag": "{display:{Name:'{\"text\":\"Ultra Splash Slowness\",\"color\":\"light_purple\",\"italic\":false}'},custom_potion_effects:[{id:\"minecraft:slowness\",amplifier:3,duration:4000,show_particles:1b},{id:\"minecraft:mining_fatigue\",amplifier:1,duration:4000,show_particles:1b},{id:\"minecraft:weakness\",amplifier:0,duration:4000,show_particles:1b}],CustomPotionColor:4146759}"
            }
          ]
        },
        {
          "type": "minecraft:item",
          "name": "minecraft:nether_wart",
          "weight": 2,
          "functions": [
            {
              "function": "minecraft:set_count",
              "count": {
                "min": 4,
                "max": 8
              }
            }
          ]
        },
        {
          "type": "item",
          "weight": 1,
          "name": "minecraft:potion",
          "functions": [
            {
              "function": "set_count",
              "count": 1
            },
            {
              "function": "set_nbt",
              "tag": "{display:{Name:'{\"text\":\"Ultra Instant Heal\",\"color\":\"light_purple\",\"italic\":false}'},custom_potion_effects:[{id:\"minecraft:insant_health\",amplifier:2,duration:10,show_particles:1b},{id:\"minecraft:regeneration\",amplifier:1,duration:400,show_particles:1b},{id:\"minecraft:absorption\",amplifier:1,duration:400,show_particles:1b}],CustomPotionColor:16712451}"
            },
            {
              "function": "set_nbt",
              "tag": "{item:uheal}"
            }
          ],
          "conditions": [
            {
              "condition": "minecraft:entity_scores",
              "entity": "this",
              "scores": {
                "mt.progression": {
                  "min": 400000
                }
              }
            }
          ]
        },
        {
          "type": "item",
          "weight": 1,
          "name": "minecraft:splash_potion",
          "functions": [
            {
              "function": "set_count",
              "count": 1
            },
            {
              "function": "set_nbt",
              "tag": "{display:{Name:'{\"text\":\"Ultra Splash Damage\",\"color\":\"light_purple\",\"italic\":false}'},custom_potion_effects:[{id:\"minecraft:instant_damage\",amplifier:2,duration:10,show_particles:0b}],CustomPotionColor:0}"
            }
          ],
          "conditions": [
            {
              "condition": "minecraft:entity_scores",
              "entity": "this",
              "scores": {
                "mt.progression": {
                  "min": 400000
                }
              }
            }
          ]
        },
        {
          "type": "item",
          "weight": 1,
          "name": "minecraft:splash_potion",
          "functions": [
            {
              "function": "set_count",
              "count": 1
            },
            {
              "function": "set_nbt",
              "tag": "{display:{Name:'{\"text\":\"Ultra Splash Poison\",\"color\":\"light_purple\",\"italic\":false}'},custom_potion_effects:[{id:\"minecraft:instant_damage\",amplifier:0,duration:10},{id:\"minecraft:hunger\",amplifier:3,duration:600,show_particles:1b},{id:\"minecraft:poison\",amplifier:2,duration:600,show_particles:1b}],CustomPotionColor:1944876}"
            }
          ]
        },
        {
          "type": "item",
          "weight": 1,
          "name": "minecraft:potion",
          "functions": [
            {
              "function": "set_count",
              "count": 1
            },
            {
              "function": "set_nbt",
              "tag": "{display:{Name:'{\"text\":\"Ultra Fire Resistance\",\"color\":\"light_purple\",\"italic\":false}'},custom_potion_effects:[{id:\"minecraft:resistance\",amplifier:0,duration:6000,show_particles:1b},{id:\"minecraft:fire_resistance\",amplifier:3,duration:24000,show_particles:1b},{id:\"minecraft:absorption\",amplifier:1,duration:6000,show_particles:1b}],CustomPotionColor:16228620}"
            },
            {
              "function": "set_nbt",
              "tag": "{item:ufres}"
            }
          ],
          "conditions": [
            {
              "condition": "minecraft:entity_scores",
              "entity": "this",
              "scores": {
                "mt.progression": {
                  "min": 350000
                }
              }
            }
          ]
        },
        {
          "type": "item",
          "weight": 1,
          "name": "minecraft:potion",
          "functions": [
            {
              "function": "set_count",
              "count": 1
            },
            {
              "function": "set_nbt",
              "tag": "{display:{Name:'{\"text\":\"Ultra Water Breathing\",\"color\":\"light_purple\",\"italic\":false}'},custom_potion_effects:[{id:\"minecraft:conduit_power\",amplifier:1,duration:6000,show_particles:1b},{id:\"minecraft:dolphins_grace\",amplifier:1,duration:6000,show_particles:1b}],CustomPotionColor:1034743}"
            },
            {
              "function": "set_nbt",
              "tag": "{item:uwbg}"
            }
          ],
          "conditions": [
            {
              "condition": "minecraft:entity_scores",
              "entity": "this",
              "scores": {
                "mt.progression": {
                  "min": 310000
                }
              }
            }
          ]
        },
        {
          "type": "item",
          "weight": 1,
          "name": "minecraft:potion",
          "functions": [
            {
              "function": "set_count",
              "count": 1
            },
            {
              "function": "set_nbt",
              "tag": "{display:{Name:'{\"text\":\"Ultra Swiftness\",\"color\":\"light_purple\",\"italic\":false}'},custom_potion_effects:[{id:\"minecraft:speed\",amplifier:3,duration:4000,show_particles:1b},{id:\"minecraft:haste\",amplifier:1,duration:4000,show_particles:1b}],CustomPotionColor:1034743}"
            },
            {
              "function": "set_nbt",
              "tag": "{item:uswift}"
            }
          ],
          "conditions": [
            {
              "condition": "minecraft:entity_scores",
              "entity": "this",
              "scores": {
                "mt.progression": {
                  "min": 340000
                }
              }
            }
          ]
        },
        {
          "type": "minecraft:item",
          "name": "minecraft:cauldron",
          "weight": 3,
          "conditions": [
            {
              "condition": "minecraft:random_chance",
              "chance": 0.5
            },
            {
              "condition": "minecraft:entity_scores",
              "entity": "this",
              "scores": {
                "mt.progression": {
                  "max": 399999
                }
              }
            }
          ]
        },
        {
          "type": "item",
          "weight": 1,
          "name": "minecraft:splash_potion",
          "functions": [
            {
              "function": "set_count",
              "count": 1
            },
            {
              "function": "set_nbt",
              "tag": "{display:{Name:'{\"text\":\"Ultra Splash Weakness\",\"color\":\"light_purple\",\"italic\":false}'},custom_potion_effects:[{id:\"minecraft:mining_fatigue\",amplifier:1,duration:4000,show_particles:1b},{id:\"minecraft:weakness\",amplifier:1,duration:4000,show_particles:1b},{id:\"minecraft:unluck\",amplifier:9,duration:4000,show_particles:1b}],CustomPotionColor:4541757}"
            }
          ],
          "conditions": [
            {
              "condition": "minecraft:entity_scores",
              "entity": "this",
              "scores": {
                "mt.progression": {
                  "min": 375000
                }
              }
            }
          ]
        }
      ]
    }
  ]
}
