{
  "pools": [
    {
      "rolls": {
        "min": {
          "type": "minecraft:score",
          "target": "this",
          "score": "mt.progression",
          "scale": 0.00002
        },
        "max": {
          "type": "minecraft:score",
          "target": "this",
          "score": "mt.progression",
          "scale": 0.000025
        }
      },
      "bonus_rolls": {
        "min": 1,
        "max": 6
      },
      "entries": [
        {
          "type": "minecraft:item",
          "weight": 1,
          "name": "minecraft:splash_potion",
          "functions": [
            {
              "function": "minecraft:set_count",
              "count": 1
            },
            {
              "function": "minecraft:set_nbt",
              "tag": "{display:{Name:'[{\"text\":\"Ultimate\",\"color\":\"gold\",\"bold\":false,\"italic\":false},{\"text\":\" Splash\",\"color\":\"gold\",\"bold\":false,\"italic\":false}]'},custom_potion_effects:[{id:\"minecraft:slowness\",amplifier:4,duration:1200},{id:\"minecraft:mining_fatigue\",amplifier:4,duration:1200},{id:\"minecraft:instant_damage\",amplifier:2,duration:10},{id:\"minecraft:nausea\",amplifier:4,duration:120},{id:\"minecraft:blindness\",amplifier:4,duration:40},{id:\"minecraft:hunger\",amplifier:255b,duration:1200},{id:\"minecraft:weakness\",amplifier:2,duration:1200},{id:\"minecraft:poison\",amplifier:4,duration:1200},{id:\"minecraft:wither\",amplifier:4,duration:1200},{id:\"minecraft:levitation\",amplifier:30b,duration:40,show_particles:1b},{id:\"minecraft:unluck\",amplifier:9,duration:160,show_particles:1b}],CustomPotionColor:0}"
            }
          ],
          "conditions": [
            {
              "condition": "minecraft:random_chance",
              "chance": 0.75
            },
            {
              "condition": "minecraft:entity_scores",
              "entity": "this",
              "scores": {
                "mt.progression": {
                  "min": 500000
                }
              }
            }
          ]
        },
        {
          "type": "minecraft:item",
          "weight": 2,
          "name": "minecraft:ender_chest",
          "functions": [
            {
              "function": "minecraft:set_count",
              "count": {
                "min": 2,
                "max": 4
              }
            }
          ]
        },
        {
          "type": "minecraft:loot_table",
          "weight": 1,
          "name": "mt:chests/swamp_treasure/swamp_chestplate",
          "conditions": [
            {
              "condition": "minecraft:random_chance",
              "chance": 0.5
            },
            {
              "condition": "minecraft:entity_scores",
              "entity": "this",
              "scores": {
                "mt.progression": {
                  "min": 600000
                }
              }
            }
          ]
        },
        {
          "type": "minecraft:item",
          "weight": 3,
          "name": "minecraft:turtle_helmet",
          "functions": [
            {
              "function": "minecraft:set_count",
              "count": {
                "min": 2,
                "max": 4
              }
            }
          ],
          "conditions": [
            {
              "condition": "minecraft:entity_scores",
              "entity": "this",
              "scores": {
                "mt.progression": {
                  "max": 399999
                }
              }
            }
          ]
        },
        {
          "type": "minecraft:item",
          "weight": 3,
          "name": "minecraft:glistering_melon_slice",
          "functions": [
            {
              "function": "minecraft:set_count",
              "count": {
                "min": 2,
                "max": 4
              }
            }
          ],
          "conditions": [
            {
              "condition": "minecraft:entity_scores",
              "entity": "this",
              "scores": {
                "mt.progression": {
                  "max": 349999
                }
              }
            }
          ]
        },
        {
          "type": "minecraft:item",
          "weight": 3,
          "name": "minecraft:golden_carrot",
          "functions": [
            {
              "function": "minecraft:set_count",
              "count": {
                "min": 8,
                "max": 16
              }
            }
          ],
          "conditions": [
            {
              "condition": "minecraft:entity_scores",
              "entity": "this",
              "scores": {
                "mt.progression": {
                  "max": 399999
                }
              }
            }
          ]
        },
        {
          "type": "minecraft:item",
          "weight": 3,
          "name": "minecraft:bone_block",
          "functions": [
            {
              "function": "minecraft:set_count",
              "count": {
                "min": 8,
                "max": 16
              }
            }
          ],
          "conditions": [
            {
              "condition": "minecraft:entity_scores",
              "entity": "this",
              "scores": {
                "mt.progression": {
                  "max": 399999
                }
              }
            }
          ]
        },
        {
          "type": "minecraft:item",
          "weight": 3,
          "name": "minecraft:mangrove_log",
          "functions": [
            {
              "function": "minecraft:set_count",
              "count": {
                "min": 18,
                "max": 36
              }
            }
          ],
          "conditions": [
            {
              "condition": "minecraft:entity_scores",
              "entity": "this",
              "scores": {
                "mt.progression": {
                  "max": 399999
                }
              }
            }
          ]
        },
        {
          "type": "minecraft:item",
          "weight": 2,
          "name": "minecraft:skeleton_skull",
          "functions": [
            {
              "function": "minecraft:set_count",
              "count": {
                "min": 2,
                "max": 4
              }
            }
          ],
          "conditions": [
            {
              "condition": "minecraft:entity_scores",
              "entity": "this",
              "scores": {
                "mt.progression": {
                  "max": 399999
                }
              }
            }
          ]
        },
        {
          "type": "minecraft:item",
          "weight": 2,
          "name": "minecraft:phantom_membrane",
          "functions": [
            {
              "function": "minecraft:set_count",
              "count": {
                "min": 2,
                "max": 4
              }
            }
          ],
          "conditions": [
            {
              "condition": "minecraft:entity_scores",
              "entity": "this",
              "scores": {
                "mt.progression": {
                  "max": 399999
                }
              }
            }
          ]
        },
        {
          "type": "minecraft:item",
          "weight": 2,
          "name": "minecraft:golden_apple",
          "functions": [
            {
              "function": "minecraft:set_count",
              "count": {
                "min": 2,
                "max": 4
              }
            }
          ]
        },
        {
          "type": "minecraft:item",
          "weight": 1,
          "name": "minecraft:enchanted_golden_apple",
          "functions": [
            {
              "function": "minecraft:set_count",
              "count": {
                "min": 1,
                "max": 1
              }
            }
          ]
        },
        {
          "type": "item",
          "weight": 1,
          "name": "minecraft:slime_spawn_egg",
          "functions": [
            {
              "function": "set_count",
              "count": 1
            },
            {
              "function": "set_nbt",
              "tag": "{EntityTag:{Size:3}}"
            },
            {
              "function": "set_lore",
              "lore": [
                {
                  "text": "Hint, use on a spawner.",
                  "color": "gray",
                  "italic": false
                }
              ]
            },
            {
              "function": "set_name",
              "name": [
                {
                  "text": "Giant Slime Spawn Egg",
                  "color": "gold",
                  "italic": false
                }
              ]
            }
          ],
          "conditions": [
            {
              "condition": "minecraft:random_chance",
              "chance": 0.5
            },
            {
              "condition": "minecraft:entity_scores",
              "entity": "this",
              "scores": {
                "mt.progression": {
                  "min": 500000
                }
              }
            }
          ]
        },
        {
          "type": "minecraft:item",
          "weight": 2,
          "name": "minecraft:green_shulker_box",
          "functions": [
            {
              "function": "minecraft:set_contents",
              "type": "minecraft:shulker_box",
              "entries": [
                {
                  "type": "minecraft:loot_table",
                  "name": "mt:chests/swamp_treasure/swamp_epic_treasure"
                }
              ]
            },
            {
              "function": "minecraft:set_count",
              "count": {
                "min": 1,
                "max": 2
              }
            }
          ]
        },
        {
          "type": "minecraft:item",
          "weight": 2,
          "name": "minecraft:brewing_stand",
          "functions": [
            {
              "function": "minecraft:set_count",
              "count": 1
            },
            {
              "function": "minecraft:set_nbt",
              "tag": "{display:{Name:'{\"text\":\"Old Brewing Stand\",\"color\":\"gold\",\"italic\":false}'},BlockEntityTag:{Items:[{Slot:0b,id:\"minecraft:lingering_potion\",Count:1b,tag:{custom_potion_effects:[{id:\"minecraft:instant_damage\",amplifier:2,duration:21,show_particles:0b}],CustomPotionColor:0}},{Slot:1b,id:\"minecraft:lingering_potion\",Count:1b,tag:{custom_potion_effects:[{id:\"minecraft:weakness\",amplifier:1,duration:1200,show_particles:0b}],CustomPotionColor:3357007}},{Slot:2b,id:\"minecraft:lingering_potion\",Count:1b,tag:{custom_potion_effects:[{id:\"minecraft:slowness\",amplifier:4,duration:180,show_particles:0b}],CustomPotionColor:2169958}}],BrewTime:40,Fuel:9999999,block:old}}"
            },
            {
              "function": "set_lore",
              "lore": [
                {
                  "text": "Contains ancient lingering potions, ",
                  "color": "gray",
                  "italic": false
                },
                {
                  "text": "some say it never runs out of fuel. ",
                  "color": "gray",
                  "italic": false
                }
              ]
            }
          ]
        },
        {
          "type": "minecraft:item",
          "weight": 1,
          "name": "minecraft:potion",
          "functions": [
            {
              "function": "minecraft:set_count",
              "count": 1
            },
            {
              "function": "minecraft:set_nbt",
              "tag": "{display:{Name:'[{\"text\":\"Ultimate\",\"color\":\"gold\",\"bold\":false,\"italic\":false},{\"text\":\" Potion\",\"color\":\"gold\",\"bold\":false,\"italic\":false}]'},custom_potion_effects:[{id:\"minecraft:speed\",amplifier:2,duration:1200,show_particles:1b},{id:\"minecraft:haste\",amplifier:2,duration:1200,show_particles:1b},{id:\"minecraft:strength\",amplifier:2,duration:1200,show_particles:1b},{id:\"minecraft:insant_health\",amplifier:2,duration:1200,show_particles:1b},{id:\"minecraft:regeneration\",amplifier:2,duration:1200,show_particles:1b},{id:\"minecraft:resistance\",amplifier:1,duration:1200,show_particles:1b},{id:\"minecraft:fire_resistance\",amplifier:1,duration:1200},{id:\"minecraft:water_breathing\",amplifier:1,duration:1200,show_particles:1b},{id:\"minecraft:absorption\",amplifier:3,duration:1200,show_particles:1b},{id:\"minecraft:saturation\",amplifier:1,duration:1200,show_particles:1b},{id:\"minecraft:luck\",amplifier:9,duration:1200,show_particles:1b}],CustomPotionColor:16119285}"
            },
            {
              "function": "set_nbt",
              "tag": "{item:upotion}"
            }
          ],
          "conditions": [
            {
              "condition": "minecraft:random_chance",
              "chance": 0.75
            },
            {
              "condition": "minecraft:entity_scores",
              "entity": "this",
              "scores": {
                "mt.progression": {
                  "min": 400000
                }
              }
            }
          ]
        }
      ]
    }
  ]
}
