{
  "pools": [
    {
      "rolls": {
        "min": {
          "type": "minecraft:score",
          "target": "this",
          "score": "mt.progression",
          "scale": 0.00002
        },
        "max": {
          "type": "minecraft:score",
          "target": "this",
          "score": "mt.progression",
          "scale": 0.000025
        }
      },
      "bonus_rolls": {
        "min": 1,
        "max": 6
      },
      "entries": [
        {
          "type": "minecraft:item",
          "name": "minecraft:end_stone",
          "weight": 2,
          "functions": [
            {
              "function": "minecraft:set_count",
              "count": {
                "min": 4,
                "max": 8
              }
            }
          ],
          "conditions": [
            {
              "condition": "minecraft:entity_scores",
              "entity": "this",
              "scores": {
                "mt.progression": {
                  "max": 399999
                }
              }
            }
          ]
        },
        {
          "type": "minecraft:item",
          "name": "minecraft:golden_apple",
          "weight": 2,
          "functions": [
            {
              "function": "minecraft:set_count",
              "count": {
                "min": 4,
                "max": 8
              }
            }
          ]
        },
        {
          "type": "item",
          "weight": 2,
          "name": "minecraft:bee_nest",
          "functions": [
            {
              "function": "minecraft:set_count",
              "count": {
                "min": 4,
                "max": 8
              }
            },
            {
              "function": "set_nbt",
              "tag": "{HideFlags:127,BlockEntityTag:{Bees:[{EntityData:{id:\"minecraft:bee\"}},{EntityData:{id:\"minecraft:bee\"}},{EntityData:{id:\"minecraft:bee\"}}]}}"
            },
            {
              "function": "set_name",
              "name": [
                {
                  "text": "Three Bee Nest",
                  "color": "aqua",
                  "italic": false
                }
              ]
            },
            {
              "function": "set_lore",
              "lore": [
                {
                  "text": "Contains three bees.  ",
                  "color": "gray",
                  "italic": false
                }
              ]
            }
          ]
        },
        {
          "type": "item",
          "weight": 2,
          "name": "minecraft:honey_bottle",
          "functions": [
            {
              "function": "set_count",
              "count": 1
            },
            {
              "function": "set_nbt",
              "tag": "{display:{Name:'{\"text\":\"Juicy Experience Drink\",\"color\":\"gold\",\"italic\":false}'},food:xphoney,Enchantments:[{}]}"
            },
            {
              "function": "set_lore",
              "lore": [
                {
                  "text": "This bottle gives 500 ",
                  "color": "gray",
                  "italic": false
                },
                {
                  "text": "experience when consumed. ",
                  "color": "gray",
                  "italic": false
                }
              ]
            }
          ],
          "conditions": [
            {
              "condition": "minecraft:entity_scores",
              "entity": "this",
              "scores": {
                "mt.progression": {
                  "min": 500000
                }
              }
            }
          ]
        },
        {
          "type": "minecraft:item",
          "weight": 1,
          "name": "minecraft:shears",
          "functions": [
            {
              "function": "minecraft:set_name"
            },
            {
              "function": "minecraft:set_enchantments",
              "enchantments": {
                "minecraft:unbreaking": {
                  "min": 0,
                  "max": 10
                },
                "minecraft:efficiency": {
                  "min": 0,
                  "max": 10
                },
                "minecraft:mending": {
                  "min": 0,
                  "max": 1
                }
              }
            }
          ]
        },
        {
          "type": "minecraft:item",
          "name": "minecraft:experience_bottle",
          "weight": 2,
          "functions": [
            {
              "function": "minecraft:limit_count",
              "limit": {
                "min": 6,
                "max": 12
              }
            }
          ]
        },
        {
          "type": "minecraft:item",
          "weight": 2,
          "name": "minecraft:chorus_fruit",
          "functions": [
            {
              "function": "minecraft:limit_count",
              "limit": {
                "min": {
                  "min": 4,
                  "max": 8
                }
              }
            }
          ],
          "conditions": [
            {
              "condition": "minecraft:entity_scores",
              "entity": "this",
              "scores": {
                "mt.progression": {
                  "max": 399999
                }
              }
            }
          ]
        },
        {
          "type": "minecraft:item",
          "weight": 3,
          "name": "minecraft:tipped_arrow",
          "functions": [
            {
              "function": "minecraft:limit_count",
              "limit": {
                "min": 2,
                "max": 4
              }
            },
            {
              "function": "set_nbt",
              "tag": "{display:{Name:'{\"text\":\"Lush Arrow\",\"color\":\"#2DD90B\",\"italic\":false}'},HideFlags:127,CustomPotionEffects:[{Id:18b,Amplifier:1b,Duration:140,ShowParticles:0b},{Id:19b,Amplifier:2b,Duration:140,ShowParticles:0b}],CustomPotionColor:1441549}"
            },
            {
              "function": "set_lore",
              "lore": [
                {
                  "text": "A deadly arrow, inflicts Poison III ",
                  "color": "gray",
                  "italic": false
                },
                {
                  "text": "and Weakness II for 7 seconds.  ",
                  "color": "gray",
                  "italic": false
                }
              ]
            }
          ]
        },
        {
          "type": "minecraft:item",
          "weight": 3,
          "name": "minecraft:tipped_arrow",
          "functions": [
            {
              "function": "minecraft:limit_count",
              "limit": {
                "min": 8,
                "max": 16
              }
            },
            {
              "function": "set_nbt",
              "tag": "{display:{Name:'{\"text\":\"Glowy Arrow\",\"color\":\"#F0B71A\",\"italic\":false}'},HideFlags:127,CustomPotionEffects:[{Id:17b,Amplifier:29b,Duration:100,ShowParticles:0b},{Id:24b,Amplifier:1b,Duration:100,ShowParticles:0b}],CustomPotionColor:15775514}"
            },
            {
              "function": "set_lore",
              "lore": [
                {
                  "text": "A spooky arrow, inflicts Hunger XXX ",
                  "color": "gray",
                  "italic": false
                },
                {
                  "text": "and Glowing for 5 seconds. ",
                  "color": "gray",
                  "italic": false
                }
              ]
            }
          ]
        },
        {
          "type": "item",
          "weight": 2,
          "name": "minecraft:glow_item_frame",
          "functions": [
            {
              "function": "minecraft:limit_count",
              "limit": {
                "min": 5,
                "max": 10
              }
            },
            {
              "function": "set_nbt",
              "tag": "{display:{Name:'{\"text\":\"Invisible Glow Item Frame\",\"color\":\"aqua\",\"italic\":false}'},EntityTag:{Invisible:1b,Fixed:0b,block:invis}}"
            },
            {
              "function": "set_lore",
              "lore": [
                {
                  "text": "An invisible item frame ",
                  "color": "gray",
                  "italic": false
                },
                {
                  "text": "which makes the item glow. ",
                  "color": "gray",
                  "italic": false
                }
              ]
            }
          ]
        },
        {
          "type": "minecraft:item",
          "weight": 1,
          "quality": 1,
          "name": "minecraft:enchanted_book",
          "functions": [
            {
              "function": "minecraft:set_nbt",
              "tag": "{StoredEnchantments:[{id:\"minecraft:mending\",lvl:1s},{id:\"minecraft:unbreaking\",lvl:3s}]}"
            },
            {
              "function": "minecraft:set_count",
              "count": 1
            }
          ],
          "conditions": [
            {
              "condition": "minecraft:entity_scores",
              "entity": "this",
              "scores": {
                "mt.progression": {
                  "min": 350000
                }
              }
            }
          ]
        },
        {
          "type": "minecraft:item",
          "name": "minecraft:chorus_plant",
          "weight": 2,
          "quality": 1,
          "functions": [
            {
              "function": "minecraft:limit_count",
              "limit": {
                "min": 1,
                "max": 2
              }
            }
          ]
        }
      ]
    }
  ]
}
