{
  "parent": "challenge:stack_nether_star",
  "display": {
    "icon": {
      "item": "water_bucket"
    },
    "title": {
      "translate": "challenge.farlands"
    },
    "description": {
      "translate": "challenge.farlands.desc"
    },
    "frame": "challenge",
    "hidden": true,
    "announce_to_chat": false
  },
  "rewards": {
    "experience": 300000,
    "function": "msg/farlands"
  },
  "criteria": {
    "edge_of_world": {
      "trigger": "tick",
      "conditions": {
        "player": {
          "location": {
            "position": {
              "x": {
                "min": 12550820
              }
            }
          }
        }
      }
    },
    "edge_of_world_minus": {
      "trigger": "tick",
      "conditions": {
        "player": {
          "location": {
            "position": {
              "x": {
                "max": -12550823
              }
            }
          }
        }
      }
    },
    "edge_of_world_z": {
      "trigger": "tick",
      "conditions": {
        "player": {
          "location": {
            "position": {
              "z": {
                "min": 12550820
              }
            }
          }
        }
      }
    },
    "edge_of_world_z_minus": {
      "trigger": "tick",
      "conditions": {
        "player": {
          "location": {
            "position": {
              "z": {
                "max": -12550823
              }
            }
          }
        }
      }
    }
  },
  "requirements": [
    [
      "edge_of_world",
      "edge_of_world_minus",
      "edge_of_world_z",
      "edge_of_world_z_minus"
    ]
  ]
}
