{
  "parent": "challenge:max_damage",
  "display": {
    "icon": {
      "item": "diamond_shovel"
    },
    "title": {
      "translate": "challenge.space"
    },
    "description": {
      "translate": "challenge.space.desc"
    },
    "frame": "challenge",
    "hidden": true,
    "announce_to_chat": false
  },
  "rewards": {
    "experience": 300000,
    "function": "msg/space"
  },
  "criteria": {
    "world_top": {
      "trigger": "tick",
      "conditions": {
        "player": {
          "location": {
            "position": {
              "y": {
                "min": 10000
              }
            }
          }
        }
      }
    }
  }
}
