{
    "display": {
        "icon": {
            "item": "nether_star"
        },
        "title": {"translate":"challenge.stack_nether_star"},
        "description": {"translate":"challenge.stack_nether_star.desc"},
		"frame": "challenge",
                             "hidden": true,
                                  "announce_to_chat": false
    },
    "parent": "story/enter_the_end",
	"rewards": {
		"experience": 300000,
    "function": "msg/stack_nether_star"
    },		
    "criteria": {
        "nether_star": {
            "trigger": "inventory_changed",
            "conditions": {
                "items": [
                    {
						"items": [
							"nether_star"
						],
						"count": 64
                    }
                ]
            }
        }
    }
}