{
  "parent": "minecraft:adventure/root",
  "criteria": {
    "desert_pyramid": {
      "conditions": {
        "loot_table": "minecraft:archaeology/desert_pyramid"
      },
      "trigger": "minecraft:player_generates_container_loot"
    },
    "desert_well": {
      "conditions": {
        "loot_table": "minecraft:archaeology/desert_well"
      },
      "trigger": "minecraft:player_generates_container_loot"
    },
    "has_sherd": {
      "conditions": {
        "items": [
          {
            "tag": "minecraft:decorated_pot_sherds"
          }
        ]
      },
      "trigger": "minecraft:inventory_changed"
    },
    "ocean_ruin_cold": {
      "conditions": {
        "loot_table": "minecraft:archaeology/ocean_ruin_cold"
      },
      "trigger": "minecraft:player_generates_container_loot"
    },
    "ocean_ruin_warm": {
      "conditions": {
        "loot_table": "minecraft:archaeology/ocean_ruin_warm"
      },
      "trigger": "minecraft:player_generates_container_loot"
    },
    "trail_ruins_common": {
      "conditions": {
        "loot_table": "minecraft:archaeology/trail_ruins_common"
      },
      "trigger": "minecraft:player_generates_container_loot"
    },
    "trail_ruins_rare": {
      "conditions": {
        "loot_table": "minecraft:archaeology/trail_ruins_rare"
      },
      "trigger": "minecraft:player_generates_container_loot"
    },
    "tcc:refuge_remains_rare": {
      "conditions": {
        "loot_table": "tcc:archaeology/refuge_remains/rare"
      },
      "trigger": "minecraft:player_generates_container_loot"
    },
    "tcc:refuge_remains_common": {
      "conditions": {
        "loot_table": "tcc:archaeology/refuge_remains/common"
      },
      "trigger": "minecraft:player_generates_container_loot"
    },
    "tcc:archaeologist_house": {
      "conditions": {
        "loot_table": "tcc:archaeology/archaeologist_house"
      },
      "trigger": "minecraft:player_generates_container_loot"
    },
    "tcc:husk_drop": {
      "conditions": {
        "loot_table": "tcc:archaeology/husk_drop"
      },
      "trigger": "minecraft:player_generates_container_loot"
    },
    "tcc:piglin_bartering": {
      "conditions": {
        "loot_table": "tcc:archaeology/piglin_bartering"
      },
      "trigger": "minecraft:player_generates_container_loot"
    }
  },
  "display": {
    "announce_to_chat": true,
    "description": {
      "translate": "advancements.adventure.salvage_sherd.description"
    },
    "frame": "task",
    "hidden": false,
    "icon": {
      "item": "minecraft:brush",
      "nbt": "{Damage:0}"
    },
    "show_toast": true,
    "title": {
      "translate": "advancements.adventure.salvage_sherd.title"
    }
  },
  "requirements": [
    [
      "desert_pyramid",
      "desert_well",
      "ocean_ruin_cold",
      "ocean_ruin_warm",
      "trail_ruins_rare",
      "trail_ruins_common",
      "tcc:refuge_remains_common",
      "tcc:refuge_remains_rare",
      "tcc:archaeologist_house",
      "tcc:husk_drop",
      "tcc:piglin_bartering"
    ],
    [
      "has_sherd"
    ]
  ],
  "sends_telemetry_event": true
}