{
  "parent": "tcc:technical/root",
  "criteria": {
    "killed_entity": {
      "trigger": "minecraft:player_killed_entity",
      "conditions": {
        "player": [
          {
            "condition": "minecraft:reference",
            "name": "tcc:entity/wearing/cursed_crown"
          }
        ]
      }
    },
    "took_damage": {
      "trigger": "minecraft:entity_hurt_player",
      "conditions": {
        "player": [
          {
            "condition": "minecraft:reference",
            "name": "tcc:entity/wearing/cursed_crown"
          }
        ],
        "damage": {
          "type": {
            "tags": [
              {
                "id": "minecraft:bypasses_armor",
                "expected": false
              }
            ]
          }
        }
      }
    }
  },
  "requirements": [
    [
      "killed_entity",
      "took_damage"
    ]
  ],
  "rewards": {
    "function": "tcc:item/cursed_crown/main"
  }
}
