{
  "parent": "tcc:technical/root",
  "criteria": {
    "used_totem": {
      "trigger": "minecraft:used_totem"
    },
    "void_damage": {
      "trigger": "minecraft:entity_hurt_player",
      "conditions": {
        "damage": {
          "type": {
            "tags": [
              {
                "id": "tcc:totem_out_of_bounds",
                "expected": true
              }
            ]
          }
        }
      }
    }
  },
  "requirements": [
    [
      "used_totem",
      "void_damage"
    ]
  ],
  "rewards": {
    "function": "tcc:item/totem_of_undying/trigger"
  }
}
