{
  "display": {
    "icon": {
      "item": "minecraft:purple_concrete"
    },
    "title": "Pocket Nether Portal",
    "description": "Spawn a Ruined Portal",
    "frame": "task",
    "show_toast": true,
    "announce_to_chat": true,
    "hidden": false
  },
  "parent": "mt:treasure_advancements/first_epic_basalt_treasure",
  "criteria": {
    "requirement": {
      "trigger": "minecraft:using_item",
      "conditions": {
        "item": {
          "nbt": "{instrument:\"minecraft:call_goat_horn\",weapon:ruined}"
        }
      }
    }
  }
}
