{
  "display": {
    "icon": {
      "item": "minecraft:skeleton_skull"
    },
    "title": "Boney Skull",
    "description": "Find a Skeleton Helmet",
    "frame": "task",
    "show_toast": true,
    "announce_to_chat": true,
    "hidden": false
  },
  "parent": "mt:treasure_advancements/first_rare_jungle_treasure",
  "criteria": {
    "obtainchest": {
      "trigger": "minecraft:inventory_changed",
      "conditions": {
        "items": [
          {
            "items": [
              "minecraft:skeleton_skull"
            ],
            "nbt": "{armor:skel}"
          }
        ]
      }
    }
  }
}
