{
    "pools": [
      {
        "rolls": 2,
        "entries": [
          {
            "type": "item",
            "weight": 3,
            "name": "minecraft:emerald",
            "functions": [
              {
                "function": "set_count",
                "count": {
                  "min": 1,
                  "max": 3
                }
              }
            ]
          },
          {
            "type": "item",
            "weight": 5,
            "name": "minecraft:iron_ingot",
            "functions": [
              {
                "function": "set_count",
                "count": {
                  "min": 1,
                  "max": 5
                }
              }
            ]
          },
          {
            "type": "item",
            "weight": 2,
            "name": "minecraft:diamond",
            "functions": [
              {
                "function": "set_count",
                "count": 1
              }
            ]
          },
          {
            "type": "item",
            "weight": 4,
            "name": "minecraft:gold_ingot",
            "functions": [
              {
                "function": "set_count",
                "count": {
                  "min": 1,
                  "max": 2
                }
              }
            ]
          }
        ]
      },
      {
        "rolls": 2,
        "entries": [
          {
            "type": "item",
            "weight": 1,
            "name": "minecraft:paper",
            "functions": [
              {
                "function": "set_count",
                "count": {
                  "min": 1,
                  "max": 2
                }
              }
            ]
          },
          {
            "type": "item",
            "weight": 1,
            "name": "minecraft:rotten_flesh",
            "functions": [
              {
                "function": "set_count",
                "count": {
                  "min": 1,
                  "max": 2
                }
              }
            ]
          },
          {
            "type": "item",
            "weight": 1,
            "name": "minecraft:string",
            "functions": [
              {
                "function": "set_count",
                "count": {
                  "min": 1,
                  "max": 2
                }
              }
            ]
          },
          {
            "type": "item",
            "weight": 1,
            "name": "minecraft:stick",
            "functions": [
              {
                "function": "set_count",
                "count": {
                  "min": 1,
                  "max": 2
                }
              }
            ]
          }
        ]
      }
    ]
  }