{
    "pools": [
      {
        "rolls": 1,
        "entries": [
          {
            "type": "item",
            "weight": 1,
            "name": "minecraft:iron_hoe",
            "functions": [
              {
                "function": "set_count",
                "count": 1
              },
              {
                "function": "set_damage",
                "damage": 40
              }
            ]
          },
          {
            "type": "item",
            "weight": 1,
            "name": "minecraft:iron_pickaxe",
            "functions": [
              {
                "function": "set_count",
                "count": 1
              },
              {
                "function": "set_damage",
                "damage": 40
              }
            ]
          },
          {
            "type": "item",
            "weight": 1,
            "name": "minecraft:iron_shovel",
            "functions": [
              {
                "function": "set_count",
                "count": 1
              },
              {
                "function": "set_damage",
                "damage": 40
              }
            ]
          },
          {
            "type": "item",
            "weight": 1,
            "name": "minecraft:iron_axe",
            "functions": [
              {
                "function": "set_count",
                "count": 1
              },
              {
                "function": "set_damage",
                "damage": 40
              }
            ]
          }
        ]
      },
      {
        "rolls": 2,
        "entries": [
          {
            "type": "item",
            "weight": 1,
            "name": "minecraft:melon_seeds",
            "functions": [
              {
                "function": "set_count",
                "count": {
                  "min": 2,
                  "max": 4
                }
              }
            ]
          },
          {
            "type": "item",
            "weight": 1,
            "name": "minecraft:wheat_seeds",
            "functions": [
              {
                "function": "set_count",
                "count": {
                  "min": 2,
                  "max": 4
                }
              }
            ]
          },
          {
            "type": "item",
            "weight": 1,
            "name": "minecraft:pumpkin_seeds",
            "functions": [
              {
                "function": "set_count",
                "count": {
                  "min": 2,
                  "max": 4
                }
              }
            ]
          },
          {
            "type": "item",
            "weight": 1,
            "name": "minecraft:beetroot_seeds",
            "functions": [
              {
                "function": "set_count",
                "count": {
                  "min": 2,
                  "max": 4
                }
              }
            ]
          }
        ]
      },
      {
        "rolls": 2,
        "entries": [
          {
            "type": "item",
            "weight": 1,
            "name": "minecraft:rotten_flesh",
            "functions": [
              {
                "function": "set_count",
                "count": {
                  "min": 2,
                  "max": 3
                }
              }
            ]
          },
          {
            "type": "item",
            "weight": 1,
            "name": "minecraft:cooked_beef",
            "functions": [
              {
                "function": "set_count",
                "count": {
                  "min": 1,
                  "max": 2
                }
              }
            ]
          },
          {
            "type": "item",
            "weight": 1,
            "name": "minecraft:cooked_porkchop",
            "functions": [
              {
                "function": "set_count",
                "count": {
                  "min": 1,
                  "max": 2
                }
              }
            ]
          }
        ]
      },
      {
        "rolls": 1,
        "entries": [
          {
            "type": "item",
            "weight": 4,
            "name": "minecraft:iron_ingot",
            "functions": [
              {
                "function": "set_count",
                "count": {
                  "min": 1,
                  "max": 5
                }
              }
            ]
          },
          {
            "type": "item",
            "weight": 1,
            "name": "minecraft:diamond",
            "functions": [
              {
                "function": "set_count",
                "count": 1
              }
            ]
          },
          {
            "type": "item",
            "weight": 4,
            "name": "minecraft:gold_ingot",
            "functions": [
              {
                "function": "set_count",
                "count": {
                  "min": 1,
                  "max": 5
                }
              }
            ]
          }
        ]
      }
    ]
  }