{
    "pools": [
      {
        "rolls": 2,
        "entries": [
          {
            "type": "item",
            "weight": 1,
            "name": "minecraft:stick",
            "functions": [
              {
                "function": "set_count",
                "count": {
                  "min": 1,
                  "max": 3
                }
              }
            ]
          },
          {
            "type": "item",
            "weight": 1,
            "name": "minecraft:lily_pad",
            "functions": [
              {
                "function": "set_count",
                "count": {
                  "min": 1,
                  "max": 2
                }
              }
            ]
          },
          {
            "type": "item",
            "weight": 1,
            "name": "minecraft:string",
            "functions": [
              {
                "function": "set_count",
                "count": {
                  "min": 1,
                  "max": 4
                }
              }
            ]
          },
          {
            "type": "item",
            "weight": 1,
            "name": "minecraft:glass_bottle",
            "functions": [
              {
                "function": "set_count",
                "count": {
                  "min": 1,
                  "max": 2
                }
              }
            ]
          },
          {
            "type": "item",
            "weight": 1,
            "name": "minecraft:bowl",
            "functions": [
              {
                "function": "set_count",
                "count": 1
              }
            ]
          }
        ]
      },
      {
        "rolls": 1,
        "entries": [
          {
            "type": "item",
            "weight": 3,
            "name": "minecraft:fishing_rod",
            "functions": [
              {
                "function": "set_count",
                "count": 1
              }
            ]
          },
          {
            "type": "item",
            "weight": 2,
            "name": "minecraft:fishing_rod",
            "functions": [
              {
                "function": "set_count",
                "count": 1
              },
              {
                "function": "set_nbt",
                "tag": "{Enchantments:[{id:\"minecraft:unbreaking\",lvl:1s},{id:\"minecraft:mending\",lvl:1s}]}"
              }
            ]
          },
          {
            "type": "item",
            "weight": 1,
            "name": "minecraft:fishing_rod",
            "functions": [
              {
                "function": "set_count",
                "count": 1
              },
              {
                "function": "set_nbt",
                "tag": "{Enchantments:[{id:\"minecraft:luck_of_the_sea\",lvl:2s},{id:\"minecraft:mending\",lvl:1s}]}"
              }
            ]
          }
        ]
      },
      {
        "rolls": 2,
        "entries": [
          {
            "type": "item",
            "weight": 1,
            "name": "minecraft:salmon",
            "functions": [
              {
                "function": "set_count",
                "count": {
                  "min": 1,
                  "max": 5
                }
              }
            ]
          },
          {
            "type": "item",
            "weight": 1,
            "name": "minecraft:pufferfish",
            "functions": [
              {
                "function": "set_count",
                "count": {
                  "min": 1,
                  "max": 4
                }
              }
            ]
          },
          {
            "type": "item",
            "weight": 1,
            "name": "minecraft:cod",
            "functions": [
              {
                "function": "set_count",
                "count": {
                  "min": 1,
                  "max": 5
                }
              }
            ]
          },
          {
            "type": "item",
            "weight": 1,
            "name": "minecraft:tropical_fish",
            "functions": [
              {
                "function": "set_count",
                "count": {
                  "min": 1,
                  "max": 4
                }
              }
            ]
          }
        ]
      }
    ]
  }