{
    "pools": [
      {
        "rolls": 1,
        "entries": [
          {
            "type": "item",
            "weight": 1,
            "name": "minecraft:stone",
            "functions": [
              {
                "function": "set_count",
                "count": {
                  "min": 1,
                  "max": 8
                }
              }
            ]
          },
          {
            "type": "item",
            "weight": 1,
            "name": "minecraft:deepslate",
            "functions": [
              {
                "function": "set_count",
                "count": {
                  "min": 4,
                  "max": 10
                }
              }
            ]
          },
          {
            "type": "item",
            "weight": 1,
            "name": "minecraft:cobblestone",
            "functions": [
              {
                "function": "set_count",
                "count": {
                  "min": 3,
                  "max": 10
                }
              }
            ]
          }
        ]
      },
      {
        "rolls": 1,
        "entries": [
          {
            "type": "item",
            "weight": 1,
            "name": "minecraft:stone_pickaxe",
            "functions": [
              {
                "function": "set_count",
                "count": 1
              }
            ]
          },
          {
            "type": "item",
            "weight": 1,
            "name": "minecraft:iron_pickaxe",
            "functions": [
              {
                "function": "set_count",
                "count": 1
              }
            ]
          }
        ]
      },
      {
        "rolls": 1,
        "entries": [
          {
            "type": "item",
            "weight": 5,
            "name": "minecraft:redstone",
            "functions": [
              {
                "function": "set_count",
                "count": {
                  "min": 10,
                  "max": 15
                }
              }
            ]
          },
          {
            "type": "item",
            "weight": 5,
            "name": "minecraft:coal",
            "functions": [
              {
                "function": "set_count",
                "count": {
                  "min": 10,
                  "max": 15
                }
              }
            ]
          },
          {
            "type": "item",
            "weight": 2,
            "name": "minecraft:diamond",
            "functions": [
              {
                "function": "set_count",
                "count": 1
              }
            ]
          },
          {
            "type": "item",
            "weight": 4,
            "name": "minecraft:raw_iron",
            "functions": [
              {
                "function": "set_count",
                "count": {
                  "min": 2,
                  "max": 7
                }
              }
            ]
          }
        ]
      }
    ]
  }