{
    "pools": [
      {
        "rolls": 1,
        "entries": [
          {
            "type": "empty",
            "weight": 3
          },
          {
            "type": "item",
            "weight": 1,
            "name": "minecraft:wooden_hoe",
            "functions": [
              {
                "function": "set_count",
                "count": 1
              },
              {
                "function": "set_damage",
                "damage": 3
              }
            ]
          }
        ]
      },
      {
        "rolls": 4,
        "entries": [
          {
            "type": "item",
            "weight": 2,
            "name": "minecraft:wheat_seeds",
            "functions": [
              {
                "function": "set_count",
                "count": {
                  "min": 3,
                  "max": 5
                }
              }
            ]
          },
          {
            "type": "item",
            "weight": 2,
            "name": "minecraft:beetroot_seeds",
            "functions": [
              {
                "function": "set_count",
                "count": {
                  "min": 3,
                  "max": 5
                }
              }
            ]
          },
          {
            "type": "item",
            "weight": 2,
            "name": "minecraft:melon_seeds",
            "functions": [
              {
                "function": "set_count",
                "count": {
                  "min": 3,
                  "max": 5
                }
              }
            ]
          },
          {
            "type": "item",
            "weight": 1,
            "name": "minecraft:golden_carrot",
            "functions": [
              {
                "function": "set_count",
                "count": {
                  "min": 2,
                  "max": 3
                }
              }
            ]
          },
          {
            "type": "item",
            "weight": 2,
            "name": "minecraft:wheat",
            "functions": [
              {
                "function": "set_count",
                "count": {
                  "min": 3,
                  "max": 5
                }
              }
            ]
          },
          {
            "type": "item",
            "weight": 2,
            "name": "minecraft:potato",
            "functions": [
              {
                "function": "set_count",
                "count": {
                  "min": 2,
                  "max": 5
                }
              }
            ]
          },
          {
            "type": "item",
            "weight": 2,
            "name": "minecraft:carrot",
            "functions": [
              {
                "function": "set_count",
                "count": {
                  "min": 2,
                  "max": 5
                }
              }
            ]
          }
        ]
      }
    ]
  }