{
  "display": {
    "icon": {
      "item": "minecraft:iron_pickaxe"
    },
    "title": "The Hidden Early Trick",
    "description": "Find the Early Diamond Pickaxe",
    "frame": "goal",
    "show_toast": true,
    "announce_to_chat": true,
    "hidden": false
  },
  "parent": "mt:treasure_advancements/first_common_deepdark_treasure",
  "criteria": {
    "obtainchest": {
      "trigger": "minecraft:inventory_changed",
      "conditions": {
        "items": [
          {
            "items": [
              "minecraft:diamond_pickaxe"
            ],
            "nbt": "{tool:cpick}"
          }
        ]
      }
    }
  }
}
