{
  "display": {
    "icon": {
      "item": "minecraft:oxeye_daisy"
    },
    "title": "Pollen Magic",
    "description": "Find The Flower Helmet",
    "frame": "challenge",
    "show_toast": true,
    "announce_to_chat": true,
    "hidden": true
  },
  "parent": "mt:treasure_advancements/first_legendary_flower_treasure",
  "criteria": {
    "obtainchest": {
      "trigger": "minecraft:inventory_changed",
      "conditions": {
        "items": [
          {
            "items": [
              "minecraft:leather_helmet"
            ],
            "nbt": "{armor:flower_helmet}"
          }
        ]
      }
    }
  }
}
