{
  "display": {
    "icon": {
      "item": "enchanted_book",
      "nbt": "{Enchantments:[{id:\"sharpness\",lvl:1}]}"
    },
    "title": {
      "translate": "adv.magic.bad_curse"
    },
    "description": {
      "translate": "adv.magic.bad_curse.desc"
    }
  },
  "parent": "magic/root",
  "criteria": {
    "binding_curse": {
      "trigger": "inventory_changed",
      "conditions": {
        "items": [
          {
            "enchantments": [
              {
                "enchantment": "binding_curse"
              }
            ]
          }
        ]
      }
    },
    "vanishing_curse": {
      "trigger": "inventory_changed",
      "conditions": {
        "items": [
          {
            "enchantments": [
              {
                "enchantment": "vanishing_curse"
              }
            ]
          }
        ]
      }
    }
  },
  "requirements": [
    [
      "binding_curse",
      "vanishing_curse"
    ]
  ],
  "rewards": {
    "experience": 10
  }
}
