{
  "display": {
    "icon": {
      "item": "enchanted_book"
    },
    "title": {
      "translate": "adv.magic.bane_of_arthropods"
    },
    "description": {
      "translate": "adv.magic.bane_of_arthropods.desc"
    }
  },
  "parent": "magic/smite",
  "criteria": {
    "bane_of_arthropods": {
      "trigger": "inventory_changed",
      "conditions": {
        "items": [
          {
            "enchantments": [
              {
                "enchantment": "bane_of_arthropods"
              }
            ]
          }
        ]
      }
    }
  },
  "rewards": {
    "experience": 10
  }
}
