{
  "display": {
    "icon": {
      "item": "golden_axe"
    },
    "title": {
      "translate": "adv.magic.break_unbreaking_tool"
    },
    "description": {
      "translate": "adv.magic.break_unbreaking_tool.desc"
    },
    "frame": "challenge"
  },
  "parent": "magic/unbreaking",
  "rewards": {
    "experience": 250
  },
  "criteria": {
    "break": {
      "trigger": "item_durability_changed",
      "conditions": {
        "item": {
          "durability": {
            "max": 1
          },
          "enchantments": [
            {
              "enchantment": "unbreaking",
              "levels": 3
            }
          ]
        }
      }
    }
  }
}
