{
  "display": {
    "icon": {
      "item": "rotten_flesh"
    },
    "title": {
      "translate": "adv.allay.rotten_flesh"
    },
    "description": {
      "translate": "adv.allay.rotten_flesh.desc"
    }
  },
  "parent": "allay/allay_deliver_diamond",
  "criteria": {
    "requirement": {
      "trigger": "thrown_item_picked_up_by_player",
      "conditions": {
        "entity": {
          "type": "allay"
        },
        "item": {
          "items": [
            "rotten_flesh"
          ]
        }
      }
    }
  },
  "rewards": {
    "experience": 2
  }
}
