{
  "display": {
    "icon": {
      "item": "book"
    },
    "title": {
      "translate": "adv.allay.book"
    },
    "description": {
      "translate": "adv.allay.book.desc"
    }
  },
  "parent": "allay/allay_deliver_water_bucket",
  "criteria": {
    "requirement": {
      "trigger": "thrown_item_picked_up_by_player",
      "conditions": {
        "entity": {
          "type": "allay"
        },
        "item": {
          "items": [
            "book"
          ]
        }
      }
    }
  },
  "rewards": {
    "experience": 2
  }
}
