{
  "display": {
    "icon": {
      "item": "diamond"
    },
    "title": {
      "translate": "adv.allay.diamond"
    },
    "description": {
      "translate": "adv.allay.diamond.desc"
    }
  },
  "parent": "spyglass/root",
  "criteria": {
    "requirement": {
      "trigger": "thrown_item_picked_up_by_player",
      "conditions": {
        "entity": {
          "type": "allay"
        },
        "item": {
          "items": [
            "diamond"
          ]
        }
      }
    }
  },
  "rewards": {
    "experience": 2
  }
}
