{
  "pools": [
    {
      "rolls": 1,
      "entries": [
        {
          "type": "minecraft:loot_table",
          "name": "minecraft:entities/drowned"
        }
      ]
    },
    {
      "rolls": 4,
      "entries": [
        {
          "type": "minecraft:item",
          "name": "minecraft:fire_coral"
        },
        {
          "type": "minecraft:item",
          "name": "minecraft:fire_coral_block"
        },
        {
          "type": "minecraft:item",
          "name": "minecraft:fire_coral_fan"
        }
      ],
      "functions": [
        {
          "function": "minecraft:set_count",
          "count": {
            "min": 1,
            "max": 2
          }
        }
      ]
    }
  ]
}
