{
  "display": {
    "icon": {
      "item": "oak_sign"
    },
    "title": {
      "translate": "adv.building.all_sign"
    },
    "description": {
      "translate": "adv.building.all_sign.desc"
    },
    "frame": "challenge"
  },
  "parent": "building/hanging_sign",
  "criteria": {
    "oak_sign": {
      "trigger": "placed_block",
      "conditions": {
        "block": "oak_sign"
      }
    },
    "birch_sign": {
      "trigger": "placed_block",
      "conditions": {
        "block": "birch_sign"
      }
    },
    "spruce_sign": {
      "trigger": "placed_block",
      "conditions": {
        "block": "spruce_sign"
      }
    },
    "acacia_sign": {
      "trigger": "placed_block",
      "conditions": {
        "block": "acacia_sign"
      }
    },
    "jungle_sign": {
      "trigger": "placed_block",
      "conditions": {
        "block": "jungle_sign"
      }
    },
    "dark_oak_sign": {
      "trigger": "placed_block",
      "conditions": {
        "block": "dark_oak_sign"
      }
    },
    "mangrove_sign": {
      "trigger": "placed_block",
      "conditions": {
        "block": "mangrove_sign"
      }
    },
    "bamboo_sign": {
      "trigger": "placed_block",
      "conditions": {
        "block": "bamboo_sign"
      }
    },
    "cherry_sign": {
      "trigger": "placed_block",
      "conditions": {
        "block": "cherry_sign"
      }
    },
    "crimson_sign": {
      "trigger": "placed_block",
      "conditions": {
        "block": "crimson_sign"
      }
    },
    "warped_sign": {
      "trigger": "placed_block",
      "conditions": {
        "block": "warped_sign"
      }
    }
  },
  "rewards": {
    "experience": 100
  }
}
