{
  "display": {
    "icon": {
      "item": "red_terracotta"
    },
    "title": {
      "translate": "adv.building.badlands"
    },
    "description": {
      "translate": "adv.building.badlands.desc"
    }
  },
  "parent": "building/root",
  "criteria": {
    "badlands": {
      "trigger": "tick",
      "conditions": {
        "player": {
          "location": {
            "biome": "badlands"
          }
        }
      }
    }
  },
  "rewards": {
    "function": "adv_rewards/badlands",
    "experience": 20
  }
}
