{
  "parent": "building/slabs",
  "display": {
    "icon": {
      "item": "bamboo_mosaic"
    },
    "title": {
      "translate": "adv.building.bamboo_mosaic"
    },
    "description": {
      "translate": "adv.building.bamboo_mosaic.desc"
    }
  },
  "rewards": {
    "experience": 10,
    "function": "ltreward_check/building/bamboo_mosaic"
  },
  "criteria": {
    "bamboo_mosaic": {
      "trigger": "inventory_changed",
      "conditions": {
        "items": [
          {
            "items": [
              "bamboo_mosaic"
            ]
          }
        ]
      }
    }
  }
}
