{
  "display": {
    "icon": {
      "item": "dirt"
    },
    "title": {
      "translate": "adv.building.dirt"
    },
    "description": {
      "translate": "adv.building.dirt.desc"
    }
  },
  "parent": "building/root",
  "criteria": {
    "dirt": {
      "trigger": "inventory_changed",
      "conditions": {
        "items": [
          {
            "items": [
              "dirt"
            ]
          }
        ]
      }
    }
  },
  "rewards": {
    "experience": 1,
    "function": "config_nocheat"
  }
}
