{
  "display": {
    "icon": {
      "item": "grass_block"
    },
    "title": {
      "translate": "adv.building.dirt_type"
    },
    "description": {
      "translate": "adv.building.dirt_type.desc"
    }
  },
  "parent": "building/mud",
  "criteria": {
    "dirt": {
      "trigger": "inventory_changed",
      "conditions": {
        "items": [
          {
            "items": [
              "dirt"
            ]
          }
        ]
      }
    },
    "podzol": {
      "trigger": "inventory_changed",
      "conditions": {
        "items": [
          {
            "items": [
              "podzol"
            ]
          }
        ]
      }
    },
    "grass_block": {
      "trigger": "inventory_changed",
      "conditions": {
        "items": [
          {
            "items": [
              "grass_block"
            ]
          }
        ]
      }
    },
    "mycelium": {
      "trigger": "inventory_changed",
      "conditions": {
        "items": [
          {
            "items": [
              "mycelium"
            ]
          }
        ]
      }
    }
  },
  "rewards": {
    "experience": 5
  }
}
