{
  "display": {
    "icon": {
      "item": "torch"
    },
    "title": {
      "translate": "adv.building.dynamic_lights"
    },
    "description": {
      "translate": "adv.building.dynamic_lights.desc"
    },
    "frame": "goal"
  },
  "parent": "building/many_torches",
  "criteria": {
    "dynamic_lights": {
      "trigger": "player_interacted_with_entity",
      "conditions": {
        "item": {
          "items": [
            "torch"
          ]
        },
        "entity": {
          "type": "allay"
        }
      }
    }
  },
  "rewards": {
    "experience": 20
  }
}
