{
    "display": {
        "icon": {
            "item": "oak_log"
        },
        "title": {
            "translate": "adv.building.logs"
        },
        "description": {
            "translate": "adv.building.logs.desc"
        },
        "frame": "challenge"
    },
    "parent": "building/root",
    "rewards": {
        "function": "adv_rewards/logs",
        "experience": 150
    },
    "criteria": {
        "oak": {
            "trigger": "inventory_changed",
            "conditions": {
                "items": [
                    {
                        "items": [
                            "oak_log"
                        ]
                    }
                ]
            }
        },
        "birch": {
            "trigger": "inventory_changed",
            "conditions": {
                "items": [
                    {
                        "items": [
                            "birch_log"
                        ]
                    }
                ]
            }
        },
        "acacia": {
            "trigger": "inventory_changed",
            "conditions": {
                "items": [
                    {
                        "items": [
                            "acacia_log"
                        ]
                    }
                ]
            }
        },
        "jungle": {
            "trigger": "inventory_changed",
            "conditions": {
                "items": [
                    {
                        "items": [
                            "jungle_log"
                        ]
                    }
                ]
            }
        },
        "dark_oak": {
            "trigger": "inventory_changed",
            "conditions": {
                "items": [
                    {
                        "items": [
                            "dark_oak_log"
                        ]
                    }
                ]
            }
        },
        "spruce": {
            "trigger": "inventory_changed",
            "conditions": {
                "items": [
                    {
                        "items": [
                            "spruce_log"
                        ]
                    }
                ]
            }
        },
        "mangrove": {
            "trigger": "inventory_changed",
            "conditions": {
                "items": [
                    {
                        "items": [
                            "mangrove_log"
                        ]
                    }
                ]
            }
        },
        "cherry": {
            "trigger": "inventory_changed",
            "conditions": {
                "items": [
                    {
                        "items": [
                            "cherry_log"
                        ]
                    }
                ]
            }
        },
        "crimson": {
            "trigger": "inventory_changed",
            "conditions": {
                "items": [
                    {
                        "items": [
                            "crimson_stem"
                        ]
                    }
                ]
            }
        },
        "warped": {
            "trigger": "inventory_changed",
            "conditions": {
                "items": [
                    {
                        "items": [
                            "warped_stem"
                        ]
                    }
                ]
            }
        }
    }
}
