{
    "display": {
        "icon": {
            "item": "anvil"
        },
        "title": {"translate":"adv.building.mettaton"},
        "description": {"translate":"adv.building.mettaton.desc"},
		"frame": "goal"
    },
    "parent": "building/anvil",
	"rewards": {
		"experience": 200
    },		
    "criteria": {
        "anvil": {
            "trigger": "inventory_changed",
            "conditions": {
                "items": [
                    {
						"items": [
							"anvil"
						],
						"count": {"min":5}
                    }
                ]
            }
        }
    }
}