{
  "parent": "building/root",
  "display": {
    "icon": {
      "item": "cobbled_deepslate"
    },
    "title": {
      "translate": "adv.building.mine_deepslate"
    },
    "description": {
      "translate": "adv.building.mine_deepslate.desc"
    }
  },
  "rewards": {
    "function": "adv_rewards/mine_deepslate"
  },
  "criteria": {
    "deepslate": {
      "trigger": "inventory_changed",
      "conditions": {
        "items": [
          {
            "items": [
              "cobbled_deepslate"
            ]
          }
        ]
      }
    }
  }
}
