{
  "display": {
    "icon": {
      "item": "filled_map"
    },
    "title": {
      "translate": "adv.building.place_map"
    },
    "description": {
      "translate": "adv.building.place_map.desc"
    },
    "frame": "goal"
  },
  "parent": "building/place_to_item_frame",
  "criteria": {
    "item_frame": {
      "trigger": "player_interacted_with_entity",
      "conditions": {
        "item": {
          "items": [
            "filled_map"
          ]
        },
        "entity": {
          "type": "item_frame"
        }
      }
    },
    "glow_item_frame": {
      "trigger": "player_interacted_with_entity",
      "conditions": {
        "item": {
          "items": [
            "filled_map"
          ]
        },
        "entity": {
          "type": "glow_item_frame"
        }
      }
    }
  },
  "requirements": [
    [
      "item_frame",
      "glow_item_frame"
    ]
  ],
  "rewards": {
    "experience": 20
  }
}
