{
  "display": {
    "icon": {
      "item": "item_frame"
    },
    "title": {
      "translate": "adv.building.place_to_item_frame"
    },
    "description": {
      "translate": "adv.building.place_to_item_frame.desc"
    }
  },
  "parent": "building/root",
  "criteria": {
    "item_frame": {
      "trigger": "player_interacted_with_entity",
      "conditions": {
        "entity": {
          "type": "item_frame"
        }
      }
    },
    "glow_item_frame": {
      "trigger": "player_interacted_with_entity",
      "conditions": {
        "entity": {
          "type": "glow_item_frame"
        }
      }
    }
  },
  "requirements": [
    [
      "item_frame",
      "glow_item_frame"
    ]
  ],
  "rewards": {
    "experience": 20
  }
}
