{
    "display": {
        "icon": {
            "item": "stripped_oak_wood"
        },
        "title": {
            "translate": "adv.building.stripped_woods"
        },
        "description": {
            "translate": "adv.building.stripped_woods.desc"
        },
        "frame": "challenge"
    },
    "parent": "building/stripped_logs",
    "rewards": {
        "experience": 200
    },
    "criteria": {
        "oak": {
            "trigger": "inventory_changed",
            "conditions": {
                "items": [
                    {
                        "items": [
                            "stripped_oak_wood"
                        ]
                    }
                ]
            }
        },
        "birch": {
            "trigger": "inventory_changed",
            "conditions": {
                "items": [
                    {
                        "items": [
                            "stripped_birch_wood"
                        ]
                    }
                ]
            }
        },
        "acacia": {
            "trigger": "inventory_changed",
            "conditions": {
                "items": [
                    {
                        "items": [
                            "stripped_acacia_wood"
                        ]
                    }
                ]
            }
        },
        "jungle": {
            "trigger": "inventory_changed",
            "conditions": {
                "items": [
                    {
                        "items": [
                            "stripped_jungle_wood"
                        ]
                    }
                ]
            }
        },
        "dark_oak_wood": {
            "trigger": "inventory_changed",
            "conditions": {
                "items": [
                    {
                        "items": [
                            "stripped_dark_oak_wood"
                        ]
                    }
                ]
            }
        },
        "spruce": {
            "trigger": "inventory_changed",
            "conditions": {
                "items": [
                    {
                        "items": [
                            "stripped_spruce_wood"
                        ]
                    }
                ]
            }
        },
        "mangrove": {
            "trigger": "inventory_changed",
            "conditions": {
                "items": [
                    {
                        "items": [
                            "stripped_mangrove_wood"
                        ]
                    }
                ]
            }
        },
        "cherry": {
            "trigger": "inventory_changed",
            "conditions": {
                "items": [
                    {
                        "items": [
                            "stripped_cherry_wood"
                        ]
                    }
                ]
            }
        },
        "crimson": {
            "trigger": "inventory_changed",
            "conditions": {
                "items": [
                    {
                        "items": [
                            "stripped_crimson_hyphae"
                        ]
                    }
                ]
            }
        },
        "warped": {
            "trigger": "inventory_changed",
            "conditions": {
                "items": [
                    {
                        "items": [
                            "stripped_warped_hyphae"
                        ]
                    }
                ]
            }
        }
    }
}
