{
  "parent": "building/root",
  "display": {
    "icon": {
      "item": "torch"
    },
    "title": {
      "translate": "adv.building.torch"
    },
    "description": {
      "translate": "adv.building.torch.desc"
    }
  },
  "rewards": {
    "function": "ltreward_check/building/torch"
  },
  "criteria": {
    "torch": {
      "trigger": "inventory_changed",
      "conditions": {
        "items": [
          {
            "items": [
              "torch"
            ]
          }
        ]
      }
    }
  }
}
