{
  "pools": [
    {
      "rolls": {
        "min": 3,
        "max": 5
      },
      "entries": [
        {
          "type": "minecraft:item",
          "weight": 100,
          "name": "minecraft:redstone_block",
          "functions": [
            {
              "function": "minecraft:set_count",
              "count": {
                "min": 1,
                "max": 4
              }
            }
          ]
        },
        {
          "type": "minecraft:item",
          "weight": 60,
          "name": "minecraft:slime_block"
        },
        {
          "type": "minecraft:item",
          "weight": 60,
          "name": "minecraft:honey_block"
        },
        {
          "type": "minecraft:item",
          "weight": 100,
          "name": "minecraft:note_block",
          "functions": [
            {
              "function": "minecraft:set_count",
              "count": {
                "min": 1,
                "max": 6
              }
            }
          ]
        },
        {
          "type": "minecraft:item",
          "weight": 5,
          "name": "minecraft:netherite_scrap"
        },
        {
          "type": "minecraft:item",
          "weight": 60,
          "name": "minecraft:gold_block",
          "functions": [
            {
              "function": "minecraft:set_count",
              "count": {
                "min": 1,
                "max": 2
              }
            }
          ]
        },
        {
          "type": "minecraft:item",
          "weight": 80,
          "name": "minecraft:tnt",
          "functions": [
            {
              "function": "minecraft:set_count",
              "count": {
                "min": 1,
                "max": 3
              }
            }
          ]
        },
        {
          "type": "minecraft:item",
          "weight": 40,
          "name": "minecraft:dispenser"
        },
        {
          "type": "minecraft:item",
          "weight": 30,
          "name": "minecraft:dropper"
        },
        {
          "type": "minecraft:item",
          "weight": 50,
          "name": "minecraft:daylight_detector"
        },
        {
          "type": "minecraft:item",
          "weight": 40,
          "name": "minecraft:spyglass"
        },
        {
          "type": "minecraft:loot_table",
          "weight": 60,
          "name": "structory_towers:potions"
        },
        {
          "type": "minecraft:item",
          "weight": 60,
          "name": "minecraft:name_tag"
        },
        {
          "type": "minecraft:item",
          "weight": 30,
          "name": "minecraft:jukebox"
        },
        {
          "type": "minecraft:item",
          "name": "minecraft:music_disc_stal"
        }
      ]
    },
    {
      "rolls": 1,
      "entries": [
        {
          "type": "minecraft:loot_table",
          "name": "structory_towers:waystone"
        }
      ]
    },
    {
      "rolls": {
        "min": 1,
        "max": 2
      },
      "entries": [
        {
          "type": "minecraft:loot_table",
          "name": "structory_towers:basic/desert_basic"
        }
      ]
    }
  ]
}
