{
  "criteria": {
    "click_soul_seer": {
      "trigger": "minecraft:item_used_on_block",
      "conditions": {
        "location": [
          {
            "condition": "minecraft:match_tool",
            "predicate": {
              "items": [
                "minecraft:glowstone_dust"
              ]
            }
          },
          {
            "condition": "minecraft:location_check",
            "predicate": {
              "block": {
                "blocks": [
                  "minecraft:dropper"
                ],
                "nbt": "{Lock:\"§soul_seer_off\\\\uF001\"}"
              }
            }
          }
        ]
      }
    }
  },
  "rewards": {
    "function": "tcc:block/soul_seer/activate"
  }
}