{
  "criteria": {
    "place": {
      "trigger": "minecraft:item_used_on_block",
      "conditions": {
        "location": [
          {
            "condition": "minecraft:match_tool",
            "predicate": {
              "items": [
                "minecraft:bone_meal"
              ]
            }
          },
          {
            "condition": "minecraft:location_check",
            "predicate": {
              "block": {
                "blocks": [
                  "minecraft:spruce_sapling"
                ]
              }
            }
          }
        ]
      }
    }
  },
  "rewards": {
    "function": "tcc:block/frostbloom/bonemeal"
  }
}