{
  "criteria": {
    "click_positional_anchor": {
      "trigger": "minecraft:item_used_on_block",
      "conditions": {
        "location": [
          {
            "condition": "minecraft:match_tool",
            "predicate": {
              "items": [
                "minecraft:ender_pearl"
              ]
            }
          },
          {
            "condition": "minecraft:location_check",
            "predicate": {
              "block": {
                "blocks": [
                  "minecraft:dropper"
                ],
                "nbt": "{Lock:\"§positional_anchor\\\\uF001\"}"
              }
            }
          }
        ]
      }
    }
  },
  "rewards": {
    "function": "tcc:block/positional_anchor/fill/start"
  }
}
