{
  "criteria": {
    "click_pottery_table": {
      "trigger": "minecraft:item_used_on_block",
      "conditions": {
        "location": [
          {
            "condition": "minecraft:location_check",
            "predicate": {
              "block": {
                "blocks": [
                  "minecraft:barrel"
                ],
                "nbt": "{CustomName:'{\"color\":\"white\",\"font\":\"tcc:pottery_table\",\"translate\":\"block.tcc.pottery_table.gui\",\"with\":[{\"color\":\"#3F3F3F\",\"font\":\"minecraft:default\",\"translate\":\"block.tcc.pottery_table\"}]}'}"
              }
            }
          }
        ]
      }
    }
  },
  "rewards": {
    "function": "tcc:block/pottery_table/enter_gui"
  },
  "parent": "tcc:technical/root"
}