{
  "pools": [{
    "rolls": 1,
    "entries": [{
      "type": "minecraft:item",
      "weight": 1,
      "functions": [{
          "function": "minecraft:set_nbt",
          "tag": "{HideFlags:4,Unbreakable:1b,tcc:{id:\"boomerang\",durability:[300,300],repaired:1b},CustomModelData:330002}"
        },
        {
          "function": "minecraft:set_name",
          "name": {
            "translate": "item.tcc.boomerang",
            "italic": false
          }
        },
        {
          "function": "minecraft:set_lore",
          "lore": [{
              "translate": "item.durability",
              "color": "gray",
              "italic": false,
              "with": [300, 300]
            },
            {
              "translate": "pack.tcc",
              "color": "#008725",
              "italic": true
            }
          ]
        }
      ],
      "name": "minecraft:warped_fungus_on_a_stick"
    }]
  }]
}
