{
  "pools": [
    {
      "rolls": 1,
      "entries": [
        {
          "type": "minecraft:item",
          "weight": 1,
          "functions": [
            {
              "function": "minecraft:set_nbt",
              "tag": "{HideFlags:4,tcc:{id:\"gobblerift\"},CustomModelData:330008,Unbreakable:1b}"
            },
            {
              "function": "minecraft:set_name",
              "name": {
                "translate": "block.tcc.gobblerift",
                "color": "yellow",
                "italic": false
              }
            },
            {
              "function": "minecraft:set_lore",
              "lore": [
                {
                  "translate": "pack.tcc",
                  "color": "#008725",
                  "italic": true
                }
              ]
            }
          ],
          "name": "minecraft:warped_fungus_on_a_stick"
        }
      ]
    }
  ]
}
