{
  "pools": [
    {
      "rolls": 1,
      "entries": [
        {
          "type": "minecraft:item",
          "weight": 1,
          "functions": [
            {
              "function": "minecraft:set_nbt",
              "tag": "{tcc:{id:\"phantom_item_frame\"},CustomModelData:330000,EntityTag:{Tags:[\"tcc.phantom_item_frame.place\",\"tcc.phantom_item_frame.empty\",\"tcc.phantom_item_frame\",\"tcc.tick\"],Invisible:1b,Item:{id:\"minecraft:structure_block\",Count:1b,tag:{tcc:{id:\"phantom_item_frame_model\",clear:1b},CustomModelData:330007}}}}"
            },
            {
              "function": "minecraft:set_name",
              "name": {
                "translate": "item.tcc.phantom_item_frame",
                "italic": false
              }
            },
            {
              "function": "minecraft:set_lore",
              "lore": [
                {
                  "translate": "pack.tcc",
                  "color": "#008725",
                  "italic": true
                }
              ]
            }
          ],
          "name": "minecraft:item_frame"
        }
      ]
    }
  ]
}
