{
  "pools": [{
    "rolls": 1,
    "entries": [{
      "type": "minecraft:item",
      "weight": 1,
      "functions": [{
          "function": "minecraft:set_nbt",
          "tag": "{tcc:{id:\"sweet_berry_muffin\"},manic:{sanity:\"good\"},CustomModelData:330001}"
        },
        {
          "function": "minecraft:set_name",
          "name": {
            "translate": "item.tcc.sweet_berry_muffin",
            "italic": false
          }
        },
        {
          "function": "minecraft:set_lore",
          "lore": [{
            "translate": "pack.tcc",
            "color": "#008725",
            "italic": true
          }]
        }
      ],
      "name": "minecraft:bread"
    }]
  }]
}