{
  "pools": [
    {
      "rolls": 1,
      "entries": [
        {
          "type": "minecraft:item",
          "weight": 1,
          "functions": [
            {
              "function": "set_nbt",
              "tag": "{tcc:{id:\"tangling_pearl\",enabled:0b},CustomModelData:330240,RepairCost:100,HideFlags:1}"
            },
            {
              "function": "minecraft:set_name",
              "name": {
                "translate": "item.tcc.tangling_pearl",
                "color": "white",
                "italic": false
              }
            },
            {
              "function": "set_lore",
              "lore": [
                {
                  "translate": "pack.tcc",
                  "color": "#008725",
                  "italic": true
                }
              ]
            }
          ],
          "name": "minecraft:warped_fungus_on_a_stick"
        }
      ]
    }
  ]
}
