{
  "criteria": {
    "target": {
      "trigger": "minecraft:entity_hurt_player",
      "conditions": {
        "damage": {
          "source_entity": {
            "type": "#mt:targets"
          },
          "type": {
            "is_magic": false
          }
        }
      }
    },
    "bit0": {
      "trigger": "minecraft:entity_hurt_player",
      "conditions": {
        "damage": {
          "source_entity": {
            "nbt": "{Tags:[\"entityhit.bit0\"]}"
          },
          "type": {
            "is_magic": false
          }
        }
      }
    },
    "bit1": {
      "trigger": "minecraft:entity_hurt_player",
      "conditions": {
        "damage": {
          "source_entity": {
            "nbt": "{Tags:[\"entityhit.bit1\"]}"
          },
          "type": {
            "is_magic": false
          }
        }
      }
    },
    "bit2": {
      "trigger": "minecraft:entity_hurt_player",
      "conditions": {
        "damage": {
          "source_entity": {
            "nbt": "{Tags:[\"entityhit.bit2\"]}"
          },
          "type": {
            "is_magic": false
          }
        }
      }
    },
    "bit3": {
      "trigger": "minecraft:entity_hurt_player",
      "conditions": {
        "damage": {
          "source_entity": {
            "nbt": "{Tags:[\"entityhit.bit3\"]}"
          },
          "type": {
            "is_magic": false
          }
        }
      }
    },
    "bit4": {
      "trigger": "minecraft:entity_hurt_player",
      "conditions": {
        "damage": {
          "source_entity": {
            "nbt": "{Tags:[\"entityhit.bit4\"]}"
          },
          "type": {
            "is_magic": false
          }
        }
      }
    },
    "bit5": {
      "trigger": "minecraft:entity_hurt_player",
      "conditions": {
        "damage": {
          "source_entity": {
            "nbt": "{Tags:[\"entityhit.bit5\"]}"
          },
          "type": {
            "is_magic": false
          }
        }
      }
    },
    "bit6": {
      "trigger": "minecraft:entity_hurt_player",
      "conditions": {
        "damage": {
          "source_entity": {
            "nbt": "{Tags:[\"entityhit.bit6\"]}"
          },
          "type": {
            "is_magic": false
          }
        }
      }
    },
    "bit7": {
      "trigger": "minecraft:entity_hurt_player",
      "conditions": {
        "damage": {
          "source_entity": {
            "nbt": "{Tags:[\"entityhit.bit7\"]}"
          },
          "type": {
            "is_magic": false
          }
        }
      }
    },
    "bit8": {
      "trigger": "minecraft:entity_hurt_player",
      "conditions": {
        "damage": {
          "source_entity": {
            "nbt": "{Tags:[\"entityhit.bit8\"]}"
          },
          "type": {
            "is_magic": false
          }
        }
      }
    },
    "bit9": {
      "trigger": "minecraft:entity_hurt_player",
      "conditions": {
        "damage": {
          "source_entity": {
            "nbt": "{Tags:[\"entityhit.bit9\"]}"
          },
          "type": {
            "is_magic": false
          }
        }
      }
    },
    "bit10": {
      "trigger": "minecraft:entity_hurt_player",
      "conditions": {
        "damage": {
          "source_entity": {
            "nbt": "{Tags:[\"entityhit.bit10\"]}"
          },
          "type": {
            "is_magic": false
          }
        }
      }
    },
    "bit11": {
      "trigger": "minecraft:entity_hurt_player",
      "conditions": {
        "damage": {
          "source_entity": {
            "nbt": "{Tags:[\"entityhit.bit11\"]}"
          },
          "type": {
            "is_magic": false
          }
        }
      }
    },
    "bit12": {
      "trigger": "minecraft:entity_hurt_player",
      "conditions": {
        "damage": {
          "source_entity": {
            "nbt": "{Tags:[\"entityhit.bit12\"]}"
          },
          "type": {
            "is_magic": false
          }
        }
      }
    },
    "bit13": {
      "trigger": "minecraft:entity_hurt_player",
      "conditions": {
        "damage": {
          "source_entity": {
            "nbt": "{Tags:[\"entityhit.bit13\"]}"
          },
          "type": {
            "is_magic": false
          }
        }
      }
    },
    "bit14": {
      "trigger": "minecraft:entity_hurt_player",
      "conditions": {
        "damage": {
          "source_entity": {
            "nbt": "{Tags:[\"entityhit.bit14\"]}"
          },
          "type": {
            "is_magic": false
          }
        }
      }
    },
    "bit15": {
      "trigger": "minecraft:entity_hurt_player",
      "conditions": {
        "damage": {
          "source_entity": {
            "nbt": "{Tags:[\"entityhit.bit15\"]}"
          },
          "type": {
            "is_magic": false
          }
        }
      }
    },
    "bit16": {
      "trigger": "minecraft:entity_hurt_player",
      "conditions": {
        "damage": {
          "source_entity": {
            "nbt": "{Tags:[\"entityhit.bit16\"]}"
          },
          "type": {
            "is_magic": false
          }
        }
      }
    },
    "bit17": {
      "trigger": "minecraft:entity_hurt_player",
      "conditions": {
        "damage": {
          "source_entity": {
            "nbt": "{Tags:[\"entityhit.bit17\"]}"
          },
          "type": {
            "is_magic": false
          }
        }
      }
    },
    "bit18": {
      "trigger": "minecraft:entity_hurt_player",
      "conditions": {
        "damage": {
          "source_entity": {
            "nbt": "{Tags:[\"entityhit.bit18\"]}"
          },
          "type": {
            "is_magic": false
          }
        }
      }
    },
    "bit19": {
      "trigger": "minecraft:entity_hurt_player",
      "conditions": {
        "damage": {
          "source_entity": {
            "nbt": "{Tags:[\"entityhit.bit19\"]}"
          },
          "type": {
            "is_magic": false
          }
        }
      }
    },
    "bit20": {
      "trigger": "minecraft:entity_hurt_player",
      "conditions": {
        "damage": {
          "source_entity": {
            "nbt": "{Tags:[\"entityhit.bit20\"]}"
          },
          "type": {
            "is_magic": false
          }
        }
      }
    },
    "bit21": {
      "trigger": "minecraft:entity_hurt_player",
      "conditions": {
        "damage": {
          "source_entity": {
            "nbt": "{Tags:[\"entityhit.bit21\"]}"
          },
          "type": {
            "is_magic": false
          }
        }
      }
    },
    "bit22": {
      "trigger": "minecraft:entity_hurt_player",
      "conditions": {
        "damage": {
          "source_entity": {
            "nbt": "{Tags:[\"entityhit.bit22\"]}"
          },
          "type": {
            "is_magic": false
          }
        }
      }
    },
    "bit23": {
      "trigger": "minecraft:entity_hurt_player",
      "conditions": {
        "damage": {
          "source_entity": {
            "nbt": "{Tags:[\"entityhit.bit23\"]}"
          },
          "type": {
            "is_magic": false
          }
        }
      }
    },
    "bit24": {
      "trigger": "minecraft:entity_hurt_player",
      "conditions": {
        "damage": {
          "source_entity": {
            "nbt": "{Tags:[\"entityhit.bit24\"]}"
          },
          "type": {
            "is_magic": false
          }
        }
      }
    },
    "bit25": {
      "trigger": "minecraft:entity_hurt_player",
      "conditions": {
        "damage": {
          "source_entity": {
            "nbt": "{Tags:[\"entityhit.bit25\"]}"
          },
          "type": {
            "is_magic": false
          }
        }
      }
    },
    "bit26": {
      "trigger": "minecraft:entity_hurt_player",
      "conditions": {
        "damage": {
          "source_entity": {
            "nbt": "{Tags:[\"entityhit.bit26\"]}"
          },
          "type": {
            "is_magic": false
          }
        }
      }
    },
    "bit27": {
      "trigger": "minecraft:entity_hurt_player",
      "conditions": {
        "damage": {
          "source_entity": {
            "nbt": "{Tags:[\"entityhit.bit27\"]}"
          },
          "type": {
            "is_magic": false
          }
        }
      }
    },
    "bit28": {
      "trigger": "minecraft:entity_hurt_player",
      "conditions": {
        "damage": {
          "source_entity": {
            "nbt": "{Tags:[\"entityhit.bit28\"]}"
          },
          "type": {
            "is_magic": false
          }
        }
      }
    },
    "bit29": {
      "trigger": "minecraft:entity_hurt_player",
      "conditions": {
        "damage": {
          "source_entity": {
            "nbt": "{Tags:[\"entityhit.bit29\"]}"
          },
          "type": {
            "is_magic": false
          }
        }
      }
    },
    "bit30": {
      "trigger": "minecraft:entity_hurt_player",
      "conditions": {
        "damage": {
          "source_entity": {
            "nbt": "{Tags:[\"entityhit.bit30\"]}"
          },
          "type": {
            "is_magic": false
          }
        }
      }
    },
    "bit31": {
      "trigger": "minecraft:entity_hurt_player",
      "conditions": {
        "damage": {
          "source_entity": {
            "nbt": "{Tags:[\"entityhit.bit31\"]}"
          },
          "type": {
            "is_magic": false
          }
        }
      }
    },
    "nbit0": {
      "trigger": "minecraft:entity_hurt_player",
      "conditions": {
        "damage": {
          "source_entity": {
            "nbt": "{Tags:[\"entityhit.nbit0\"]}"
          },
          "type": {
            "is_magic": false
          }
        }
      }
    },
    "nbit1": {
      "trigger": "minecraft:entity_hurt_player",
      "conditions": {
        "damage": {
          "source_entity": {
            "nbt": "{Tags:[\"entityhit.nbit1\"]}"
          },
          "type": {
            "is_magic": false
          }
        }
      }
    },
    "nbit2": {
      "trigger": "minecraft:entity_hurt_player",
      "conditions": {
        "damage": {
          "source_entity": {
            "nbt": "{Tags:[\"entityhit.nbit2\"]}"
          },
          "type": {
            "is_magic": false
          }
        }
      }
    },
    "nbit3": {
      "trigger": "minecraft:entity_hurt_player",
      "conditions": {
        "damage": {
          "source_entity": {
            "nbt": "{Tags:[\"entityhit.nbit3\"]}"
          },
          "type": {
            "is_magic": false
          }
        }
      }
    },
    "nbit4": {
      "trigger": "minecraft:entity_hurt_player",
      "conditions": {
        "damage": {
          "source_entity": {
            "nbt": "{Tags:[\"entityhit.nbit4\"]}"
          },
          "type": {
            "is_magic": false
          }
        }
      }
    },
    "nbit5": {
      "trigger": "minecraft:entity_hurt_player",
      "conditions": {
        "damage": {
          "source_entity": {
            "nbt": "{Tags:[\"entityhit.nbit5\"]}"
          },
          "type": {
            "is_magic": false
          }
        }
      }
    },
    "nbit6": {
      "trigger": "minecraft:entity_hurt_player",
      "conditions": {
        "damage": {
          "source_entity": {
            "nbt": "{Tags:[\"entityhit.nbit6\"]}"
          },
          "type": {
            "is_magic": false
          }
        }
      }
    },
    "nbit7": {
      "trigger": "minecraft:entity_hurt_player",
      "conditions": {
        "damage": {
          "source_entity": {
            "nbt": "{Tags:[\"entityhit.nbit7\"]}"
          },
          "type": {
            "is_magic": false
          }
        }
      }
    },
    "nbit8": {
      "trigger": "minecraft:entity_hurt_player",
      "conditions": {
        "damage": {
          "source_entity": {
            "nbt": "{Tags:[\"entityhit.nbit8\"]}"
          },
          "type": {
            "is_magic": false
          }
        }
      }
    },
    "nbit9": {
      "trigger": "minecraft:entity_hurt_player",
      "conditions": {
        "damage": {
          "source_entity": {
            "nbt": "{Tags:[\"entityhit.nbit9\"]}"
          },
          "type": {
            "is_magic": false
          }
        }
      }
    },
    "nbit10": {
      "trigger": "minecraft:entity_hurt_player",
      "conditions": {
        "damage": {
          "source_entity": {
            "nbt": "{Tags:[\"entityhit.nbit10\"]}"
          },
          "type": {
            "is_magic": false
          }
        }
      }
    },
    "nbit11": {
      "trigger": "minecraft:entity_hurt_player",
      "conditions": {
        "damage": {
          "source_entity": {
            "nbt": "{Tags:[\"entityhit.nbit11\"]}"
          },
          "type": {
            "is_magic": false
          }
        }
      }
    },
    "nbit12": {
      "trigger": "minecraft:entity_hurt_player",
      "conditions": {
        "damage": {
          "source_entity": {
            "nbt": "{Tags:[\"entityhit.nbit12\"]}"
          },
          "type": {
            "is_magic": false
          }
        }
      }
    },
    "nbit13": {
      "trigger": "minecraft:entity_hurt_player",
      "conditions": {
        "damage": {
          "source_entity": {
            "nbt": "{Tags:[\"entityhit.nbit13\"]}"
          },
          "type": {
            "is_magic": false
          }
        }
      }
    },
    "nbit14": {
      "trigger": "minecraft:entity_hurt_player",
      "conditions": {
        "damage": {
          "source_entity": {
            "nbt": "{Tags:[\"entityhit.nbit14\"]}"
          },
          "type": {
            "is_magic": false
          }
        }
      }
    },
    "nbit15": {
      "trigger": "minecraft:entity_hurt_player",
      "conditions": {
        "damage": {
          "source_entity": {
            "nbt": "{Tags:[\"entityhit.nbit15\"]}"
          },
          "type": {
            "is_magic": false
          }
        }
      }
    },
    "nbit16": {
      "trigger": "minecraft:entity_hurt_player",
      "conditions": {
        "damage": {
          "source_entity": {
            "nbt": "{Tags:[\"entityhit.nbit16\"]}"
          },
          "type": {
            "is_magic": false
          }
        }
      }
    },
    "nbit17": {
      "trigger": "minecraft:entity_hurt_player",
      "conditions": {
        "damage": {
          "source_entity": {
            "nbt": "{Tags:[\"entityhit.nbit17\"]}"
          },
          "type": {
            "is_magic": false
          }
        }
      }
    },
    "nbit18": {
      "trigger": "minecraft:entity_hurt_player",
      "conditions": {
        "damage": {
          "source_entity": {
            "nbt": "{Tags:[\"entityhit.nbit18\"]}"
          },
          "type": {
            "is_magic": false
          }
        }
      }
    },
    "nbit19": {
      "trigger": "minecraft:entity_hurt_player",
      "conditions": {
        "damage": {
          "source_entity": {
            "nbt": "{Tags:[\"entityhit.nbit19\"]}"
          },
          "type": {
            "is_magic": false
          }
        }
      }
    },
    "nbit20": {
      "trigger": "minecraft:entity_hurt_player",
      "conditions": {
        "damage": {
          "source_entity": {
            "nbt": "{Tags:[\"entityhit.nbit20\"]}"
          },
          "type": {
            "is_magic": false
          }
        }
      }
    },
    "nbit21": {
      "trigger": "minecraft:entity_hurt_player",
      "conditions": {
        "damage": {
          "source_entity": {
            "nbt": "{Tags:[\"entityhit.nbit21\"]}"
          },
          "type": {
            "is_magic": false
          }
        }
      }
    },
    "nbit22": {
      "trigger": "minecraft:entity_hurt_player",
      "conditions": {
        "damage": {
          "source_entity": {
            "nbt": "{Tags:[\"entityhit.nbit22\"]}"
          },
          "type": {
            "is_magic": false
          }
        }
      }
    },
    "nbit23": {
      "trigger": "minecraft:entity_hurt_player",
      "conditions": {
        "damage": {
          "source_entity": {
            "nbt": "{Tags:[\"entityhit.nbit23\"]}"
          },
          "type": {
            "is_magic": false
          }
        }
      }
    },
    "nbit24": {
      "trigger": "minecraft:entity_hurt_player",
      "conditions": {
        "damage": {
          "source_entity": {
            "nbt": "{Tags:[\"entityhit.nbit24\"]}"
          },
          "type": {
            "is_magic": false
          }
        }
      }
    },
    "nbit25": {
      "trigger": "minecraft:entity_hurt_player",
      "conditions": {
        "damage": {
          "source_entity": {
            "nbt": "{Tags:[\"entityhit.nbit25\"]}"
          },
          "type": {
            "is_magic": false
          }
        }
      }
    },
    "nbit26": {
      "trigger": "minecraft:entity_hurt_player",
      "conditions": {
        "damage": {
          "source_entity": {
            "nbt": "{Tags:[\"entityhit.nbit26\"]}"
          },
          "type": {
            "is_magic": false
          }
        }
      }
    },
    "nbit27": {
      "trigger": "minecraft:entity_hurt_player",
      "conditions": {
        "damage": {
          "source_entity": {
            "nbt": "{Tags:[\"entityhit.nbit27\"]}"
          },
          "type": {
            "is_magic": false
          }
        }
      }
    },
    "nbit28": {
      "trigger": "minecraft:entity_hurt_player",
      "conditions": {
        "damage": {
          "source_entity": {
            "nbt": "{Tags:[\"entityhit.nbit28\"]}"
          },
          "type": {
            "is_magic": false
          }
        }
      }
    },
    "nbit29": {
      "trigger": "minecraft:entity_hurt_player",
      "conditions": {
        "damage": {
          "source_entity": {
            "nbt": "{Tags:[\"entityhit.nbit29\"]}"
          },
          "type": {
            "is_magic": false
          }
        }
      }
    },
    "nbit30": {
      "trigger": "minecraft:entity_hurt_player",
      "conditions": {
        "damage": {
          "source_entity": {
            "nbt": "{Tags:[\"entityhit.nbit30\"]}"
          },
          "type": {
            "is_magic": false
          }
        }
      }
    },
    "nbit31": {
      "trigger": "minecraft:entity_hurt_player",
      "conditions": {
        "damage": {
          "source_entity": {
            "nbt": "{Tags:[\"entityhit.nbit31\"]}"
          }
        }
      }
    }
  },
  "requirements": [
    [
      "target"
    ],
    [
      "bit0",
      "nbit0"
    ],
    [
      "bit1",
      "nbit1"
    ],
    [
      "bit2",
      "nbit2"
    ],
    [
      "bit3",
      "nbit3"
    ],
    [
      "bit4",
      "nbit4"
    ],
    [
      "bit5",
      "nbit5"
    ],
    [
      "bit6",
      "nbit6"
    ],
    [
      "bit7",
      "nbit7"
    ],
    [
      "bit8",
      "nbit8"
    ],
    [
      "bit9",
      "nbit9"
    ],
    [
      "bit10",
      "nbit10"
    ],
    [
      "bit11",
      "nbit11"
    ],
    [
      "bit12",
      "nbit12"
    ],
    [
      "bit13",
      "nbit13"
    ],
    [
      "bit14",
      "nbit14"
    ],
    [
      "bit15",
      "nbit15"
    ],
    [
      "bit16",
      "nbit16"
    ],
    [
      "bit17",
      "nbit17"
    ],
    [
      "bit18",
      "nbit18"
    ],
    [
      "bit19",
      "nbit19"
    ],
    [
      "bit20",
      "nbit20"
    ],
    [
      "bit21",
      "nbit21"
    ],
    [
      "bit22",
      "nbit22"
    ],
    [
      "bit23",
      "nbit23"
    ],
    [
      "bit24",
      "nbit24"
    ],
    [
      "bit25",
      "nbit25"
    ],
    [
      "bit26",
      "nbit26"
    ],
    [
      "bit27",
      "nbit27"
    ],
    [
      "bit28",
      "nbit28"
    ],
    [
      "bit29",
      "nbit29"
    ],
    [
      "bit30",
      "nbit30"
    ],
    [
      "bit31",
      "nbit31"
    ]
  ],
  "rewards": {
    "function": "mt:entity_hit_functions/reward1"
  }
}
