{
  "pools": [
    {
      "rolls": 1,
      "entries": [
        {
          "type": "minecraft:item",
          "name": "minecraft:leather_helmet",
          "functions": [
            {
              "function": "set_nbt",
              "tag": "{display:{Name:'{\"text\":\"Warped Forest Helmet\",\"color\":\"gold\",\"italic\":false}',Lore:['{\"text\":\" \"}','{\"text\":\"Ability:\",\"color\":\"green\",\"italic\":false}','{\"text\":\"When hit by a projectile the enemy\",\"color\":\"gray\",\"italic\":false}','{\"text\":\"receives 2.5 seconds of stackable \",\"color\":\"gray\",\"italic\":false}','{\"text\":\"50% movement reduction. \",\"color\":\"gray\",\"italic\":false}'],color:3237091},HideFlags:64,RepairCost:99999,Unbreakable:1b,armor:warped_helmet,mt:armor}"
            },
            {
              "function": "minecraft:set_attributes",
              "modifiers": [
                {
                  "attribute": "minecraft:generic.armor",
                  "name": "minecraft:generic.armor",
                  "amount": 2.5,
                  "operation": "addition",
                  "slot": "head"
                },
                {
                  "attribute": "minecraft:generic.armor_toughness",
                  "name": "minecraft:generic.armor_toughness",
                  "amount": 2.5,
                  "operation": "addition",
                  "slot": "head"
                }
              ]
            },
            {
              "function": "minecraft:set_enchantments",
              "enchantments": {
                "minecraft:blast_protection": {
                  "min": 1,
                  "max": 6
                },
                "minecraft:fire_protection": {
                  "min": 1,
                  "max": 6
                },
                "minecraft:projectile_protection": {
                  "min": 3,
                  "max": 9
                },
                "minecraft:protection": {
                  "min": 1,
                  "max": 6
                },
                "minecraft:respiration": {
                  "min": 1,
                  "max": 5
                },
                "minecraft:aqua_affinity": {
                  "min": 0,
                  "max": 1
                }
              }
            }
          ]
        },
        {
          "type": "minecraft:item",
          "name": "minecraft:leather_helmet",
          "functions": [
            {
              "function": "set_nbt",
              "tag": "{display:{Name:'{\"text\":\"Warped Forest Helmet\",\"color\":\"gold\",\"italic\":false}',Lore:['{\"text\":\" \"}','{\"text\":\"Ability:\",\"color\":\"green\",\"italic\":false}','{\"text\":\"When hit by a projectile the enemy\",\"color\":\"gray\",\"italic\":false}','{\"text\":\"receives 2.5 seconds of stackable \",\"color\":\"gray\",\"italic\":false}','{\"text\":\"50% movement reduction. \",\"color\":\"gray\",\"italic\":false}'],color:3237091},HideFlags:64,RepairCost:99999,Unbreakable:1b,armor:warped_helmet,mt:armor}"
            },
            {
              "function": "minecraft:set_attributes",
              "modifiers": [
                {
                  "attribute": "minecraft:generic.armor",
                  "name": "minecraft:generic.armor",
                  "amount": 3,
                  "operation": "addition",
                  "slot": "head"
                },
                {
                  "attribute": "minecraft:generic.armor_toughness",
                  "name": "minecraft:generic.armor_toughness",
                  "amount": 3,
                  "operation": "addition",
                  "slot": "head"
                }
              ]
            },
            {
              "function": "minecraft:set_enchantments",
              "enchantments": {
                "minecraft:blast_protection": {
                  "min": 1,
                  "max": 6
                },
                "minecraft:fire_protection": {
                  "min": 1,
                  "max": 6
                },
                "minecraft:projectile_protection": {
                  "min": 3,
                  "max": 9
                },
                "minecraft:protection": {
                  "min": 1,
                  "max": 6
                },
                "minecraft:respiration": {
                  "min": 1,
                  "max": 5
                },
                "minecraft:aqua_affinity": {
                  "min": 0,
                  "max": 1
                }
              }
            }
          ]
        },
        {
          "type": "minecraft:item",
          "name": "minecraft:leather_helmet",
          "functions": [
            {
              "function": "set_nbt",
              "tag": "{display:{Name:'{\"text\":\"Warped Forest Helmet\",\"color\":\"gold\",\"italic\":false}',Lore:['{\"text\":\" \"}','{\"text\":\"Ability:\",\"color\":\"green\",\"italic\":false}','{\"text\":\"When hit by a projectile the enemy\",\"color\":\"gray\",\"italic\":false}','{\"text\":\"receives 2.5 seconds of stackable \",\"color\":\"gray\",\"italic\":false}','{\"text\":\"50% movement reduction. \",\"color\":\"gray\",\"italic\":false}'],color:3237091},HideFlags:64,RepairCost:99999,Unbreakable:1b,armor:warped_helmet,mt:armor}"
            },
            {
              "function": "minecraft:set_attributes",
              "modifiers": [
                {
                  "attribute": "minecraft:generic.armor",
                  "name": "minecraft:generic.armor",
                  "amount": 3.5,
                  "operation": "addition",
                  "slot": "head"
                },
                {
                  "attribute": "minecraft:generic.armor_toughness",
                  "name": "minecraft:generic.armor_toughness",
                  "amount": 3.5,
                  "operation": "addition",
                  "slot": "head"
                }
              ]
            },
            {
              "function": "minecraft:set_enchantments",
              "enchantments": {
                "minecraft:blast_protection": {
                  "min": 1,
                  "max": 6
                },
                "minecraft:fire_protection": {
                  "min": 1,
                  "max": 6
                },
                "minecraft:projectile_protection": {
                  "min": 3,
                  "max": 9
                },
                "minecraft:protection": {
                  "min": 1,
                  "max": 6
                },
                "minecraft:respiration": {
                  "min": 1,
                  "max": 5
                },
                "minecraft:aqua_affinity": {
                  "min": 0,
                  "max": 1
                }
              }
            }
          ]
        },
        {
          "type": "minecraft:item",
          "name": "minecraft:leather_helmet",
          "functions": [
            {
              "function": "set_nbt",
              "tag": "{display:{Name:'{\"text\":\"Warped Forest Helmet\",\"color\":\"gold\",\"italic\":false}',Lore:['{\"text\":\" \"}','{\"text\":\"Ability:\",\"color\":\"green\",\"italic\":false}','{\"text\":\"When hit by a projectile the enemy\",\"color\":\"gray\",\"italic\":false}','{\"text\":\"receives 2.5 seconds of stackable \",\"color\":\"gray\",\"italic\":false}','{\"text\":\"50% movement reduction. \",\"color\":\"gray\",\"italic\":false}'],color:3237091},HideFlags:64,RepairCost:99999,Unbreakable:1b,armor:warped_helmet,mt:armor}"
            },
            {
              "function": "minecraft:set_attributes",
              "modifiers": [
                {
                  "attribute": "minecraft:generic.armor",
                  "name": "minecraft:generic.armor",
                  "amount": 4,
                  "operation": "addition",
                  "slot": "head"
                },
                {
                  "attribute": "minecraft:generic.armor_toughness",
                  "name": "minecraft:generic.armor_toughness",
                  "amount": 4,
                  "operation": "addition",
                  "slot": "head"
                }
              ]
            },
            {
              "function": "minecraft:set_enchantments",
              "enchantments": {
                "minecraft:blast_protection": {
                  "min": 1,
                  "max": 6
                },
                "minecraft:fire_protection": {
                  "min": 1,
                  "max": 6
                },
                "minecraft:projectile_protection": {
                  "min": 3,
                  "max": 9
                },
                "minecraft:protection": {
                  "min": 1,
                  "max": 6
                },
                "minecraft:respiration": {
                  "min": 1,
                  "max": 5
                },
                "minecraft:aqua_affinity": {
                  "min": 0,
                  "max": 1
                }
              }
            }
          ]
        },
        {
          "type": "minecraft:item",
          "name": "minecraft:leather_helmet",
          "functions": [
            {
              "function": "set_nbt",
              "tag": "{display:{Name:'{\"text\":\"Warped Forest Helmet\",\"color\":\"gold\",\"italic\":false}',Lore:['{\"text\":\" \"}','{\"text\":\"Ability:\",\"color\":\"green\",\"italic\":false}','{\"text\":\"When hit by a projectile the enemy\",\"color\":\"gray\",\"italic\":false}','{\"text\":\"receives 2.5 seconds of stackable \",\"color\":\"gray\",\"italic\":false}','{\"text\":\"50% movement reduction. \",\"color\":\"gray\",\"italic\":false}'],color:3237091},HideFlags:64,RepairCost:99999,Unbreakable:1b,armor:warped_helmet,mt:armor}"
            },
            {
              "function": "minecraft:set_attributes",
              "modifiers": [
                {
                  "attribute": "minecraft:generic.armor",
                  "name": "minecraft:generic.armor",
                  "amount": 4,
                  "operation": "addition",
                  "slot": "head"
                },
                {
                  "attribute": "minecraft:generic.armor_toughness",
                  "name": "minecraft:generic.armor_toughness",
                  "amount": 4,
                  "operation": "addition",
                  "slot": "head"
                }
              ]
            },
            {
              "function": "minecraft:set_enchantments",
              "enchantments": {
                "minecraft:blast_protection": {
                  "min": 1,
                  "max": 6
                },
                "minecraft:fire_protection": {
                  "min": 1,
                  "max": 6
                },
                "minecraft:projectile_protection": {
                  "min": 3,
                  "max": 9
                },
                "minecraft:protection": {
                  "min": 1,
                  "max": 6
                },
                "minecraft:respiration": {
                  "min": 1,
                  "max": 5
                },
                "minecraft:aqua_affinity": {
                  "min": 0,
                  "max": 1
                }
              }
            }
          ]
        },
        {
          "type": "minecraft:item",
          "name": "minecraft:leather_helmet",
          "functions": [
            {
              "function": "set_nbt",
              "tag": "{display:{Name:'{\"text\":\"Warped Forest Helmet\",\"color\":\"gold\",\"italic\":false}',Lore:['{\"text\":\" \"}','{\"text\":\"Ability:\",\"color\":\"green\",\"italic\":false}','{\"text\":\"When hit by a projectile the enemy\",\"color\":\"gray\",\"italic\":false}','{\"text\":\"receives 2.5 seconds of stackable \",\"color\":\"gray\",\"italic\":false}','{\"text\":\"50% movement reduction. \",\"color\":\"gray\",\"italic\":false}'],color:3237091},HideFlags:64,RepairCost:99999,Unbreakable:1b,armor:warped_helmet,mt:armor}"
            },
            {
              "function": "minecraft:set_attributes",
              "modifiers": [
                {
                  "attribute": "minecraft:generic.armor",
                  "name": "minecraft:generic.armor",
                  "amount": 4.5,
                  "operation": "addition",
                  "slot": "head"
                },
                {
                  "attribute": "minecraft:generic.armor_toughness",
                  "name": "minecraft:generic.armor_toughness",
                  "amount": 4.5,
                  "operation": "addition",
                  "slot": "head"
                }
              ]
            },
            {
              "function": "minecraft:set_enchantments",
              "enchantments": {
                "minecraft:blast_protection": {
                  "min": 1,
                  "max": 6
                },
                "minecraft:fire_protection": {
                  "min": 1,
                  "max": 6
                },
                "minecraft:projectile_protection": {
                  "min": 3,
                  "max": 9
                },
                "minecraft:protection": {
                  "min": 1,
                  "max": 6
                },
                "minecraft:respiration": {
                  "min": 1,
                  "max": 5
                },
                "minecraft:aqua_affinity": {
                  "min": 0,
                  "max": 1
                }
              }
            }
          ]
        },
        {
          "type": "minecraft:item",
          "name": "minecraft:leather_helmet",
          "functions": [
            {
              "function": "set_nbt",
              "tag": "{display:{Name:'{\"text\":\"Warped Forest Helmet\",\"color\":\"gold\",\"italic\":false}',Lore:['{\"text\":\" \"}','{\"text\":\"Ability:\",\"color\":\"green\",\"italic\":false}','{\"text\":\"When hit by a projectile the enemy\",\"color\":\"gray\",\"italic\":false}','{\"text\":\"receives 2.5 seconds of stackable \",\"color\":\"gray\",\"italic\":false}','{\"text\":\"50% movement reduction. \",\"color\":\"gray\",\"italic\":false}'],color:3237091},HideFlags:64,RepairCost:99999,Unbreakable:1b,armor:warped_helmet,mt:armor}"
            },
            {
              "function": "minecraft:set_attributes",
              "modifiers": [
                {
                  "attribute": "minecraft:generic.armor",
                  "name": "minecraft:generic.armor",
                  "amount": 5,
                  "operation": "addition",
                  "slot": "head"
                },
                {
                  "attribute": "minecraft:generic.armor_toughness",
                  "name": "minecraft:generic.armor_toughness",
                  "amount": 5,
                  "operation": "addition",
                  "slot": "head"
                }
              ]
            },
            {
              "function": "minecraft:set_enchantments",
              "enchantments": {
                "minecraft:blast_protection": {
                  "min": 1,
                  "max": 6
                },
                "minecraft:fire_protection": {
                  "min": 1,
                  "max": 6
                },
                "minecraft:projectile_protection": {
                  "min": 3,
                  "max": 9
                },
                "minecraft:protection": {
                  "min": 1,
                  "max": 6
                },
                "minecraft:respiration": {
                  "min": 1,
                  "max": 5
                },
                "minecraft:aqua_affinity": {
                  "min": 0,
                  "max": 1
                }
              }
            }
          ]
        },
        {
          "type": "minecraft:item",
          "name": "minecraft:leather_helmet",
          "functions": [
            {
              "function": "set_nbt",
              "tag": "{display:{Name:'{\"text\":\"Warped Forest Helmet\",\"color\":\"gold\",\"italic\":false}',Lore:['{\"text\":\" \"}','{\"text\":\"Ability:\",\"color\":\"green\",\"italic\":false}','{\"text\":\"When hit by a projectile the enemy\",\"color\":\"gray\",\"italic\":false}','{\"text\":\"receives 2.5 seconds of stackable \",\"color\":\"gray\",\"italic\":false}','{\"text\":\"50% movement reduction. \",\"color\":\"gray\",\"italic\":false}'],color:3237091},HideFlags:64,RepairCost:99999,Unbreakable:1b,armor:warped_helmet,mt:armor}"
            },
            {
              "function": "minecraft:set_attributes",
              "modifiers": [
                {
                  "attribute": "minecraft:generic.armor",
                  "name": "minecraft:generic.armor",
                  "amount": 3,
                  "operation": "addition",
                  "slot": "head"
                },
                {
                  "attribute": "minecraft:generic.armor_toughness",
                  "name": "minecraft:generic.armor_toughness",
                  "amount": 2.5,
                  "operation": "addition",
                  "slot": "head"
                }
              ]
            },
            {
              "function": "minecraft:set_enchantments",
              "enchantments": {
                "minecraft:blast_protection": {
                  "min": 1,
                  "max": 6
                },
                "minecraft:fire_protection": {
                  "min": 1,
                  "max": 6
                },
                "minecraft:projectile_protection": {
                  "min": 3,
                  "max": 9
                },
                "minecraft:protection": {
                  "min": 1,
                  "max": 6
                },
                "minecraft:respiration": {
                  "min": 1,
                  "max": 5
                },
                "minecraft:aqua_affinity": {
                  "min": 0,
                  "max": 1
                }
              }
            }
          ]
        },
        {
          "type": "minecraft:item",
          "name": "minecraft:leather_helmet",
          "functions": [
            {
              "function": "set_nbt",
              "tag": "{display:{Name:'{\"text\":\"Warped Forest Helmet\",\"color\":\"gold\",\"italic\":false}',Lore:['{\"text\":\" \"}','{\"text\":\"Ability:\",\"color\":\"green\",\"italic\":false}','{\"text\":\"When hit by a projectile the enemy\",\"color\":\"gray\",\"italic\":false}','{\"text\":\"receives 2.5 seconds of stackable \",\"color\":\"gray\",\"italic\":false}','{\"text\":\"50% movement reduction. \",\"color\":\"gray\",\"italic\":false}'],color:3237091},HideFlags:64,RepairCost:99999,Unbreakable:1b,armor:warped_helmet,mt:armor}"
            },
            {
              "function": "minecraft:set_attributes",
              "modifiers": [
                {
                  "attribute": "minecraft:generic.armor",
                  "name": "minecraft:generic.armor",
                  "amount": 3.5,
                  "operation": "addition",
                  "slot": "head"
                },
                {
                  "attribute": "minecraft:generic.armor_toughness",
                  "name": "minecraft:generic.armor_toughness",
                  "amount": 2.5,
                  "operation": "addition",
                  "slot": "head"
                }
              ]
            },
            {
              "function": "minecraft:set_enchantments",
              "enchantments": {
                "minecraft:blast_protection": {
                  "min": 1,
                  "max": 6
                },
                "minecraft:fire_protection": {
                  "min": 1,
                  "max": 6
                },
                "minecraft:projectile_protection": {
                  "min": 3,
                  "max": 9
                },
                "minecraft:protection": {
                  "min": 1,
                  "max": 6
                },
                "minecraft:respiration": {
                  "min": 1,
                  "max": 5
                },
                "minecraft:aqua_affinity": {
                  "min": 0,
                  "max": 1
                }
              }
            }
          ]
        },
        {
          "type": "minecraft:item",
          "name": "minecraft:leather_helmet",
          "functions": [
            {
              "function": "set_nbt",
              "tag": "{display:{Name:'{\"text\":\"Warped Forest Helmet\",\"color\":\"gold\",\"italic\":false}',Lore:['{\"text\":\" \"}','{\"text\":\"Ability:\",\"color\":\"green\",\"italic\":false}','{\"text\":\"When hit by a projectile the enemy\",\"color\":\"gray\",\"italic\":false}','{\"text\":\"receives 2.5 seconds of stackable \",\"color\":\"gray\",\"italic\":false}','{\"text\":\"50% movement reduction. \",\"color\":\"gray\",\"italic\":false}'],color:3237091},HideFlags:64,RepairCost:99999,Unbreakable:1b,armor:warped_helmet,mt:armor}"
            },
            {
              "function": "minecraft:set_attributes",
              "modifiers": [
                {
                  "attribute": "minecraft:generic.armor",
                  "name": "minecraft:generic.armor",
                  "amount": 4,
                  "operation": "addition",
                  "slot": "head"
                },
                {
                  "attribute": "minecraft:generic.armor_toughness",
                  "name": "minecraft:generic.armor_toughness",
                  "amount": 2.5,
                  "operation": "addition",
                  "slot": "head"
                }
              ]
            },
            {
              "function": "minecraft:set_enchantments",
              "enchantments": {
                "minecraft:blast_protection": {
                  "min": 1,
                  "max": 6
                },
                "minecraft:fire_protection": {
                  "min": 1,
                  "max": 6
                },
                "minecraft:projectile_protection": {
                  "min": 3,
                  "max": 9
                },
                "minecraft:protection": {
                  "min": 1,
                  "max": 6
                },
                "minecraft:respiration": {
                  "min": 1,
                  "max": 5
                },
                "minecraft:aqua_affinity": {
                  "min": 0,
                  "max": 1
                }
              }
            }
          ]
        },
        {
          "type": "minecraft:item",
          "name": "minecraft:leather_helmet",
          "functions": [
            {
              "function": "set_nbt",
              "tag": "{display:{Name:'{\"text\":\"Warped Forest Helmet\",\"color\":\"gold\",\"italic\":false}',Lore:['{\"text\":\" \"}','{\"text\":\"Ability:\",\"color\":\"green\",\"italic\":false}','{\"text\":\"When hit by a projectile the enemy\",\"color\":\"gray\",\"italic\":false}','{\"text\":\"receives 2.5 seconds of stackable \",\"color\":\"gray\",\"italic\":false}','{\"text\":\"50% movement reduction. \",\"color\":\"gray\",\"italic\":false}'],color:3237091},HideFlags:64,RepairCost:99999,Unbreakable:1b,armor:warped_helmet,mt:armor}"
            },
            {
              "function": "minecraft:set_attributes",
              "modifiers": [
                {
                  "attribute": "minecraft:generic.armor",
                  "name": "minecraft:generic.armor",
                  "amount": 4.5,
                  "operation": "addition",
                  "slot": "head"
                },
                {
                  "attribute": "minecraft:generic.armor_toughness",
                  "name": "minecraft:generic.armor_toughness",
                  "amount": 2.5,
                  "operation": "addition",
                  "slot": "head"
                }
              ]
            },
            {
              "function": "minecraft:set_enchantments",
              "enchantments": {
                "minecraft:blast_protection": {
                  "min": 1,
                  "max": 6
                },
                "minecraft:fire_protection": {
                  "min": 1,
                  "max": 6
                },
                "minecraft:projectile_protection": {
                  "min": 3,
                  "max": 9
                },
                "minecraft:protection": {
                  "min": 1,
                  "max": 6
                },
                "minecraft:respiration": {
                  "min": 1,
                  "max": 5
                },
                "minecraft:aqua_affinity": {
                  "min": 0,
                  "max": 1
                }
              }
            }
          ]
        },
        {
          "type": "minecraft:item",
          "name": "minecraft:leather_helmet",
          "functions": [
            {
              "function": "set_nbt",
              "tag": "{display:{Name:'{\"text\":\"Warped Forest Helmet\",\"color\":\"gold\",\"italic\":false}',Lore:['{\"text\":\" \"}','{\"text\":\"Ability:\",\"color\":\"green\",\"italic\":false}','{\"text\":\"When hit by a projectile the enemy\",\"color\":\"gray\",\"italic\":false}','{\"text\":\"receives 2.5 seconds of stackable \",\"color\":\"gray\",\"italic\":false}','{\"text\":\"50% movement reduction. \",\"color\":\"gray\",\"italic\":false}'],color:3237091},HideFlags:64,RepairCost:99999,Unbreakable:1b,armor:warped_helmet,mt:armor}"
            },
            {
              "function": "minecraft:set_attributes",
              "modifiers": [
                {
                  "attribute": "minecraft:generic.armor",
                  "name": "minecraft:generic.armor",
                  "amount": 5,
                  "operation": "addition",
                  "slot": "head"
                },
                {
                  "attribute": "minecraft:generic.armor_toughness",
                  "name": "minecraft:generic.armor_toughness",
                  "amount": 2.5,
                  "operation": "addition",
                  "slot": "head"
                }
              ]
            },
            {
              "function": "minecraft:set_enchantments",
              "enchantments": {
                "minecraft:blast_protection": {
                  "min": 1,
                  "max": 6
                },
                "minecraft:fire_protection": {
                  "min": 1,
                  "max": 6
                },
                "minecraft:projectile_protection": {
                  "min": 3,
                  "max": 9
                },
                "minecraft:protection": {
                  "min": 1,
                  "max": 6
                },
                "minecraft:respiration": {
                  "min": 1,
                  "max": 5
                },
                "minecraft:aqua_affinity": {
                  "min": 0,
                  "max": 1
                }
              }
            }
          ]
        },
        {
          "type": "minecraft:item",
          "name": "minecraft:leather_helmet",
          "functions": [
            {
              "function": "set_nbt",
              "tag": "{display:{Name:'{\"text\":\"Warped Forest Helmet\",\"color\":\"gold\",\"italic\":false}',Lore:['{\"text\":\" \"}','{\"text\":\"Ability:\",\"color\":\"green\",\"italic\":false}','{\"text\":\"When hit by a projectile the enemy\",\"color\":\"gray\",\"italic\":false}','{\"text\":\"receives 2.5 seconds of stackable \",\"color\":\"gray\",\"italic\":false}','{\"text\":\"50% movement reduction. \",\"color\":\"gray\",\"italic\":false}'],color:3237091},HideFlags:64,RepairCost:99999,Unbreakable:1b,armor:warped_helmet,mt:armor}"
            },
            {
              "function": "minecraft:set_attributes",
              "modifiers": [
                {
                  "attribute": "minecraft:generic.armor",
                  "name": "minecraft:generic.armor",
                  "amount": 3.5,
                  "operation": "addition",
                  "slot": "head"
                },
                {
                  "attribute": "minecraft:generic.armor_toughness",
                  "name": "minecraft:generic.armor_toughness",
                  "amount": 3,
                  "operation": "addition",
                  "slot": "head"
                }
              ]
            },
            {
              "function": "minecraft:set_enchantments",
              "enchantments": {
                "minecraft:blast_protection": {
                  "min": 1,
                  "max": 6
                },
                "minecraft:fire_protection": {
                  "min": 1,
                  "max": 6
                },
                "minecraft:projectile_protection": {
                  "min": 3,
                  "max": 9
                },
                "minecraft:protection": {
                  "min": 1,
                  "max": 6
                },
                "minecraft:respiration": {
                  "min": 1,
                  "max": 5
                },
                "minecraft:aqua_affinity": {
                  "min": 0,
                  "max": 1
                }
              }
            }
          ]
        },
        {
          "type": "minecraft:item",
          "name": "minecraft:leather_helmet",
          "functions": [
            {
              "function": "set_nbt",
              "tag": "{display:{Name:'{\"text\":\"Warped Forest Helmet\",\"color\":\"gold\",\"italic\":false}',Lore:['{\"text\":\" \"}','{\"text\":\"Ability:\",\"color\":\"green\",\"italic\":false}','{\"text\":\"When hit by a projectile the enemy\",\"color\":\"gray\",\"italic\":false}','{\"text\":\"receives 2.5 seconds of stackable \",\"color\":\"gray\",\"italic\":false}','{\"text\":\"50% movement reduction. \",\"color\":\"gray\",\"italic\":false}'],color:3237091},HideFlags:64,RepairCost:99999,Unbreakable:1b,armor:warped_helmet,mt:armor}"
            },
            {
              "function": "minecraft:set_attributes",
              "modifiers": [
                {
                  "attribute": "minecraft:generic.armor",
                  "name": "minecraft:generic.armor",
                  "amount": 4,
                  "operation": "addition",
                  "slot": "head"
                },
                {
                  "attribute": "minecraft:generic.armor_toughness",
                  "name": "minecraft:generic.armor_toughness",
                  "amount": 3,
                  "operation": "addition",
                  "slot": "head"
                }
              ]
            },
            {
              "function": "minecraft:set_enchantments",
              "enchantments": {
                "minecraft:blast_protection": {
                  "min": 1,
                  "max": 6
                },
                "minecraft:fire_protection": {
                  "min": 1,
                  "max": 6
                },
                "minecraft:projectile_protection": {
                  "min": 3,
                  "max": 9
                },
                "minecraft:protection": {
                  "min": 1,
                  "max": 6
                },
                "minecraft:respiration": {
                  "min": 1,
                  "max": 5
                },
                "minecraft:aqua_affinity": {
                  "min": 0,
                  "max": 1
                }
              }
            }
          ]
        },
        {
          "type": "minecraft:item",
          "name": "minecraft:leather_helmet",
          "functions": [
            {
              "function": "set_nbt",
              "tag": "{display:{Name:'{\"text\":\"Warped Forest Helmet\",\"color\":\"gold\",\"italic\":false}',Lore:['{\"text\":\" \"}','{\"text\":\"Ability:\",\"color\":\"green\",\"italic\":false}','{\"text\":\"When hit by a projectile the enemy\",\"color\":\"gray\",\"italic\":false}','{\"text\":\"receives 2.5 seconds of stackable \",\"color\":\"gray\",\"italic\":false}','{\"text\":\"50% movement reduction. \",\"color\":\"gray\",\"italic\":false}'],color:3237091},HideFlags:64,RepairCost:99999,Unbreakable:1b,armor:warped_helmet,mt:armor}"
            },
            {
              "function": "minecraft:set_attributes",
              "modifiers": [
                {
                  "attribute": "minecraft:generic.armor",
                  "name": "minecraft:generic.armor",
                  "amount": 4.5,
                  "operation": "addition",
                  "slot": "head"
                },
                {
                  "attribute": "minecraft:generic.armor_toughness",
                  "name": "minecraft:generic.armor_toughness",
                  "amount": 3,
                  "operation": "addition",
                  "slot": "head"
                }
              ]
            },
            {
              "function": "minecraft:set_enchantments",
              "enchantments": {
                "minecraft:blast_protection": {
                  "min": 1,
                  "max": 6
                },
                "minecraft:fire_protection": {
                  "min": 1,
                  "max": 6
                },
                "minecraft:projectile_protection": {
                  "min": 3,
                  "max": 9
                },
                "minecraft:protection": {
                  "min": 1,
                  "max": 6
                },
                "minecraft:respiration": {
                  "min": 1,
                  "max": 5
                },
                "minecraft:aqua_affinity": {
                  "min": 0,
                  "max": 1
                }
              }
            }
          ]
        },
        {
          "type": "minecraft:item",
          "name": "minecraft:leather_helmet",
          "functions": [
            {
              "function": "set_nbt",
              "tag": "{display:{Name:'{\"text\":\"Warped Forest Helmet\",\"color\":\"gold\",\"italic\":false}',Lore:['{\"text\":\" \"}','{\"text\":\"Ability:\",\"color\":\"green\",\"italic\":false}','{\"text\":\"When hit by a projectile the enemy\",\"color\":\"gray\",\"italic\":false}','{\"text\":\"receives 2.5 seconds of stackable \",\"color\":\"gray\",\"italic\":false}','{\"text\":\"50% movement reduction. \",\"color\":\"gray\",\"italic\":false}'],color:3237091},HideFlags:64,RepairCost:99999,Unbreakable:1b,armor:warped_helmet,mt:armor}"
            },
            {
              "function": "minecraft:set_attributes",
              "modifiers": [
                {
                  "attribute": "minecraft:generic.armor",
                  "name": "minecraft:generic.armor",
                  "amount": 5,
                  "operation": "addition",
                  "slot": "head"
                },
                {
                  "attribute": "minecraft:generic.armor_toughness",
                  "name": "minecraft:generic.armor_toughness",
                  "amount": 3,
                  "operation": "addition",
                  "slot": "head"
                }
              ]
            },
            {
              "function": "minecraft:set_enchantments",
              "enchantments": {
                "minecraft:blast_protection": {
                  "min": 1,
                  "max": 6
                },
                "minecraft:fire_protection": {
                  "min": 1,
                  "max": 6
                },
                "minecraft:projectile_protection": {
                  "min": 3,
                  "max": 9
                },
                "minecraft:protection": {
                  "min": 1,
                  "max": 6
                },
                "minecraft:respiration": {
                  "min": 1,
                  "max": 5
                },
                "minecraft:aqua_affinity": {
                  "min": 0,
                  "max": 1
                }
              }
            }
          ]
        },
        {
          "type": "minecraft:item",
          "name": "minecraft:leather_helmet",
          "functions": [
            {
              "function": "set_nbt",
              "tag": "{display:{Name:'{\"text\":\"Warped Forest Helmet\",\"color\":\"gold\",\"italic\":false}',Lore:['{\"text\":\" \"}','{\"text\":\"Ability:\",\"color\":\"green\",\"italic\":false}','{\"text\":\"When hit by a projectile the enemy\",\"color\":\"gray\",\"italic\":false}','{\"text\":\"receives 2.5 seconds of stackable \",\"color\":\"gray\",\"italic\":false}','{\"text\":\"50% movement reduction. \",\"color\":\"gray\",\"italic\":false}'],color:3237091},HideFlags:64,RepairCost:99999,Unbreakable:1b,armor:warped_helmet,mt:armor}"
            },
            {
              "function": "minecraft:set_attributes",
              "modifiers": [
                {
                  "attribute": "minecraft:generic.armor",
                  "name": "minecraft:generic.armor",
                  "amount": 3,
                  "operation": "addition",
                  "slot": "head"
                },
                {
                  "attribute": "minecraft:generic.armor_toughness",
                  "name": "minecraft:generic.armor_toughness",
                  "amount": 3.5,
                  "operation": "addition",
                  "slot": "head"
                }
              ]
            },
            {
              "function": "minecraft:set_enchantments",
              "enchantments": {
                "minecraft:blast_protection": {
                  "min": 1,
                  "max": 6
                },
                "minecraft:fire_protection": {
                  "min": 1,
                  "max": 6
                },
                "minecraft:projectile_protection": {
                  "min": 3,
                  "max": 9
                },
                "minecraft:protection": {
                  "min": 1,
                  "max": 6
                },
                "minecraft:respiration": {
                  "min": 1,
                  "max": 5
                },
                "minecraft:aqua_affinity": {
                  "min": 0,
                  "max": 1
                }
              }
            }
          ]
        },
        {
          "type": "minecraft:item",
          "name": "minecraft:leather_helmet",
          "functions": [
            {
              "function": "set_nbt",
              "tag": "{display:{Name:'{\"text\":\"Warped Forest Helmet\",\"color\":\"gold\",\"italic\":false}',Lore:['{\"text\":\" \"}','{\"text\":\"Ability:\",\"color\":\"green\",\"italic\":false}','{\"text\":\"When hit by a projectile the enemy\",\"color\":\"gray\",\"italic\":false}','{\"text\":\"receives 2.5 seconds of stackable \",\"color\":\"gray\",\"italic\":false}','{\"text\":\"50% movement reduction. \",\"color\":\"gray\",\"italic\":false}'],color:3237091},HideFlags:64,RepairCost:99999,Unbreakable:1b,armor:warped_helmet,mt:armor}"
            },
            {
              "function": "minecraft:set_attributes",
              "modifiers": [
                {
                  "attribute": "minecraft:generic.armor",
                  "name": "minecraft:generic.armor",
                  "amount": 4,
                  "operation": "addition",
                  "slot": "head"
                },
                {
                  "attribute": "minecraft:generic.armor_toughness",
                  "name": "minecraft:generic.armor_toughness",
                  "amount": 3.5,
                  "operation": "addition",
                  "slot": "head"
                }
              ]
            },
            {
              "function": "minecraft:set_enchantments",
              "enchantments": {
                "minecraft:blast_protection": {
                  "min": 1,
                  "max": 6
                },
                "minecraft:fire_protection": {
                  "min": 1,
                  "max": 6
                },
                "minecraft:projectile_protection": {
                  "min": 3,
                  "max": 9
                },
                "minecraft:protection": {
                  "min": 1,
                  "max": 6
                },
                "minecraft:respiration": {
                  "min": 1,
                  "max": 5
                },
                "minecraft:aqua_affinity": {
                  "min": 0,
                  "max": 1
                }
              }
            }
          ]
        },
        {
          "type": "minecraft:item",
          "name": "minecraft:leather_helmet",
          "functions": [
            {
              "function": "set_nbt",
              "tag": "{display:{Name:'{\"text\":\"Warped Forest Helmet\",\"color\":\"gold\",\"italic\":false}',Lore:['{\"text\":\" \"}','{\"text\":\"Ability:\",\"color\":\"green\",\"italic\":false}','{\"text\":\"When hit by a projectile the enemy\",\"color\":\"gray\",\"italic\":false}','{\"text\":\"receives 2.5 seconds of stackable \",\"color\":\"gray\",\"italic\":false}','{\"text\":\"50% movement reduction. \",\"color\":\"gray\",\"italic\":false}'],color:3237091},HideFlags:64,RepairCost:99999,Unbreakable:1b,armor:warped_helmet,mt:armor}"
            },
            {
              "function": "minecraft:set_attributes",
              "modifiers": [
                {
                  "attribute": "minecraft:generic.armor",
                  "name": "minecraft:generic.armor",
                  "amount": 4.5,
                  "operation": "addition",
                  "slot": "head"
                },
                {
                  "attribute": "minecraft:generic.armor_toughness",
                  "name": "minecraft:generic.armor_toughness",
                  "amount": 3.5,
                  "operation": "addition",
                  "slot": "head"
                }
              ]
            },
            {
              "function": "minecraft:set_enchantments",
              "enchantments": {
                "minecraft:blast_protection": {
                  "min": 1,
                  "max": 6
                },
                "minecraft:fire_protection": {
                  "min": 1,
                  "max": 6
                },
                "minecraft:projectile_protection": {
                  "min": 3,
                  "max": 9
                },
                "minecraft:protection": {
                  "min": 1,
                  "max": 6
                },
                "minecraft:respiration": {
                  "min": 1,
                  "max": 5
                },
                "minecraft:aqua_affinity": {
                  "min": 0,
                  "max": 1
                }
              }
            }
          ]
        },
        {
          "type": "minecraft:item",
          "name": "minecraft:leather_helmet",
          "functions": [
            {
              "function": "set_nbt",
              "tag": "{display:{Name:'{\"text\":\"Warped Forest Helmet\",\"color\":\"gold\",\"italic\":false}',Lore:['{\"text\":\" \"}','{\"text\":\"Ability:\",\"color\":\"green\",\"italic\":false}','{\"text\":\"When hit by a projectile the enemy\",\"color\":\"gray\",\"italic\":false}','{\"text\":\"receives 2.5 seconds of stackable \",\"color\":\"gray\",\"italic\":false}','{\"text\":\"50% movement reduction. \",\"color\":\"gray\",\"italic\":false}'],color:3237091},HideFlags:64,RepairCost:99999,Unbreakable:1b,armor:warped_helmet,mt:armor}"
            },
            {
              "function": "minecraft:set_attributes",
              "modifiers": [
                {
                  "attribute": "minecraft:generic.armor",
                  "name": "minecraft:generic.armor",
                  "amount": 5,
                  "operation": "addition",
                  "slot": "head"
                },
                {
                  "attribute": "minecraft:generic.armor_toughness",
                  "name": "minecraft:generic.armor_toughness",
                  "amount": 3.5,
                  "operation": "addition",
                  "slot": "head"
                }
              ]
            },
            {
              "function": "minecraft:set_enchantments",
              "enchantments": {
                "minecraft:blast_protection": {
                  "min": 1,
                  "max": 6
                },
                "minecraft:fire_protection": {
                  "min": 1,
                  "max": 6
                },
                "minecraft:projectile_protection": {
                  "min": 3,
                  "max": 9
                },
                "minecraft:protection": {
                  "min": 1,
                  "max": 6
                },
                "minecraft:respiration": {
                  "min": 1,
                  "max": 5
                },
                "minecraft:aqua_affinity": {
                  "min": 0,
                  "max": 1
                }
              }
            }
          ]
        },
        {
          "type": "minecraft:item",
          "name": "minecraft:leather_helmet",
          "functions": [
            {
              "function": "set_nbt",
              "tag": "{display:{Name:'{\"text\":\"Warped Forest Helmet\",\"color\":\"gold\",\"italic\":false}',Lore:['{\"text\":\" \"}','{\"text\":\"Ability:\",\"color\":\"green\",\"italic\":false}','{\"text\":\"When hit by a projectile the enemy\",\"color\":\"gray\",\"italic\":false}','{\"text\":\"receives 2.5 seconds of stackable \",\"color\":\"gray\",\"italic\":false}','{\"text\":\"50% movement reduction. \",\"color\":\"gray\",\"italic\":false}'],color:3237091},HideFlags:64,RepairCost:99999,Unbreakable:1b,armor:warped_helmet,mt:armor}"
            },
            {
              "function": "minecraft:set_attributes",
              "modifiers": [
                {
                  "attribute": "minecraft:generic.armor",
                  "name": "minecraft:generic.armor",
                  "amount": 3,
                  "operation": "addition",
                  "slot": "head"
                },
                {
                  "attribute": "minecraft:generic.armor_toughness",
                  "name": "minecraft:generic.armor_toughness",
                  "amount": 4,
                  "operation": "addition",
                  "slot": "head"
                }
              ]
            },
            {
              "function": "minecraft:set_enchantments",
              "enchantments": {
                "minecraft:blast_protection": {
                  "min": 1,
                  "max": 6
                },
                "minecraft:fire_protection": {
                  "min": 1,
                  "max": 6
                },
                "minecraft:projectile_protection": {
                  "min": 3,
                  "max": 9
                },
                "minecraft:protection": {
                  "min": 1,
                  "max": 6
                },
                "minecraft:respiration": {
                  "min": 1,
                  "max": 5
                },
                "minecraft:aqua_affinity": {
                  "min": 0,
                  "max": 1
                }
              }
            }
          ]
        },
        {
          "type": "minecraft:item",
          "name": "minecraft:leather_helmet",
          "functions": [
            {
              "function": "set_nbt",
              "tag": "{display:{Name:'{\"text\":\"Warped Forest Helmet\",\"color\":\"gold\",\"italic\":false}',Lore:['{\"text\":\" \"}','{\"text\":\"Ability:\",\"color\":\"green\",\"italic\":false}','{\"text\":\"When hit by a projectile the enemy\",\"color\":\"gray\",\"italic\":false}','{\"text\":\"receives 2.5 seconds of stackable \",\"color\":\"gray\",\"italic\":false}','{\"text\":\"50% movement reduction. \",\"color\":\"gray\",\"italic\":false}'],color:3237091},HideFlags:64,RepairCost:99999,Unbreakable:1b,armor:warped_helmet,mt:armor}"
            },
            {
              "function": "minecraft:set_attributes",
              "modifiers": [
                {
                  "attribute": "minecraft:generic.armor",
                  "name": "minecraft:generic.armor",
                  "amount": 3.5,
                  "operation": "addition",
                  "slot": "head"
                },
                {
                  "attribute": "minecraft:generic.armor_toughness",
                  "name": "minecraft:generic.armor_toughness",
                  "amount": 4,
                  "operation": "addition",
                  "slot": "head"
                }
              ]
            },
            {
              "function": "minecraft:set_enchantments",
              "enchantments": {
                "minecraft:blast_protection": {
                  "min": 1,
                  "max": 6
                },
                "minecraft:fire_protection": {
                  "min": 1,
                  "max": 6
                },
                "minecraft:projectile_protection": {
                  "min": 3,
                  "max": 9
                },
                "minecraft:protection": {
                  "min": 1,
                  "max": 6
                },
                "minecraft:respiration": {
                  "min": 1,
                  "max": 5
                },
                "minecraft:aqua_affinity": {
                  "min": 0,
                  "max": 1
                }
              }
            }
          ]
        },
        {
          "type": "minecraft:item",
          "name": "minecraft:leather_helmet",
          "functions": [
            {
              "function": "set_nbt",
              "tag": "{display:{Name:'{\"text\":\"Warped Forest Helmet\",\"color\":\"gold\",\"italic\":false}',Lore:['{\"text\":\" \"}','{\"text\":\"Ability:\",\"color\":\"green\",\"italic\":false}','{\"text\":\"When hit by a projectile the enemy\",\"color\":\"gray\",\"italic\":false}','{\"text\":\"receives 2.5 seconds of stackable \",\"color\":\"gray\",\"italic\":false}','{\"text\":\"50% movement reduction. \",\"color\":\"gray\",\"italic\":false}'],color:3237091},HideFlags:64,RepairCost:99999,Unbreakable:1b,armor:warped_helmet,mt:armor}"
            },
            {
              "function": "minecraft:set_attributes",
              "modifiers": [
                {
                  "attribute": "minecraft:generic.armor",
                  "name": "minecraft:generic.armor",
                  "amount": 4.5,
                  "operation": "addition",
                  "slot": "head"
                },
                {
                  "attribute": "minecraft:generic.armor_toughness",
                  "name": "minecraft:generic.armor_toughness",
                  "amount": 4,
                  "operation": "addition",
                  "slot": "head"
                }
              ]
            },
            {
              "function": "minecraft:set_enchantments",
              "enchantments": {
                "minecraft:blast_protection": {
                  "min": 1,
                  "max": 6
                },
                "minecraft:fire_protection": {
                  "min": 1,
                  "max": 6
                },
                "minecraft:projectile_protection": {
                  "min": 3,
                  "max": 9
                },
                "minecraft:protection": {
                  "min": 1,
                  "max": 6
                },
                "minecraft:respiration": {
                  "min": 1,
                  "max": 5
                },
                "minecraft:aqua_affinity": {
                  "min": 0,
                  "max": 1
                }
              }
            }
          ]
        },
        {
          "type": "minecraft:item",
          "name": "minecraft:leather_helmet",
          "functions": [
            {
              "function": "set_nbt",
              "tag": "{display:{Name:'{\"text\":\"Warped Forest Helmet\",\"color\":\"gold\",\"italic\":false}',Lore:['{\"text\":\" \"}','{\"text\":\"Ability:\",\"color\":\"green\",\"italic\":false}','{\"text\":\"When hit by a projectile the enemy\",\"color\":\"gray\",\"italic\":false}','{\"text\":\"receives 2.5 seconds of stackable \",\"color\":\"gray\",\"italic\":false}','{\"text\":\"50% movement reduction. \",\"color\":\"gray\",\"italic\":false}'],color:3237091},HideFlags:64,RepairCost:99999,Unbreakable:1b,armor:warped_helmet,mt:armor}"
            },
            {
              "function": "minecraft:set_attributes",
              "modifiers": [
                {
                  "attribute": "minecraft:generic.armor",
                  "name": "minecraft:generic.armor",
                  "amount": 5,
                  "operation": "addition",
                  "slot": "head"
                },
                {
                  "attribute": "minecraft:generic.armor_toughness",
                  "name": "minecraft:generic.armor_toughness",
                  "amount": 4,
                  "operation": "addition",
                  "slot": "head"
                }
              ]
            },
            {
              "function": "minecraft:set_enchantments",
              "enchantments": {
                "minecraft:blast_protection": {
                  "min": 1,
                  "max": 6
                },
                "minecraft:fire_protection": {
                  "min": 1,
                  "max": 6
                },
                "minecraft:projectile_protection": {
                  "min": 3,
                  "max": 9
                },
                "minecraft:protection": {
                  "min": 1,
                  "max": 6
                },
                "minecraft:respiration": {
                  "min": 1,
                  "max": 5
                },
                "minecraft:aqua_affinity": {
                  "min": 0,
                  "max": 1
                }
              }
            }
          ]
        },
        {
          "type": "minecraft:item",
          "name": "minecraft:leather_helmet",
          "functions": [
            {
              "function": "set_nbt",
              "tag": "{display:{Name:'{\"text\":\"Warped Forest Helmet\",\"color\":\"gold\",\"italic\":false}',Lore:['{\"text\":\" \"}','{\"text\":\"Ability:\",\"color\":\"green\",\"italic\":false}','{\"text\":\"When hit by a projectile the enemy\",\"color\":\"gray\",\"italic\":false}','{\"text\":\"receives 2.5 seconds of stackable \",\"color\":\"gray\",\"italic\":false}','{\"text\":\"50% movement reduction. \",\"color\":\"gray\",\"italic\":false}'],color:3237091},HideFlags:64,RepairCost:99999,Unbreakable:1b,armor:warped_helmet,mt:armor}"
            },
            {
              "function": "minecraft:set_attributes",
              "modifiers": [
                {
                  "attribute": "minecraft:generic.armor",
                  "name": "minecraft:generic.armor",
                  "amount": 3,
                  "operation": "addition",
                  "slot": "head"
                },
                {
                  "attribute": "minecraft:generic.armor_toughness",
                  "name": "minecraft:generic.armor_toughness",
                  "amount": 4.5,
                  "operation": "addition",
                  "slot": "head"
                }
              ]
            },
            {
              "function": "minecraft:set_enchantments",
              "enchantments": {
                "minecraft:blast_protection": {
                  "min": 1,
                  "max": 6
                },
                "minecraft:fire_protection": {
                  "min": 1,
                  "max": 6
                },
                "minecraft:projectile_protection": {
                  "min": 3,
                  "max": 9
                },
                "minecraft:protection": {
                  "min": 1,
                  "max": 6
                },
                "minecraft:respiration": {
                  "min": 1,
                  "max": 5
                },
                "minecraft:aqua_affinity": {
                  "min": 0,
                  "max": 1
                }
              }
            }
          ]
        },
        {
          "type": "minecraft:item",
          "name": "minecraft:leather_helmet",
          "functions": [
            {
              "function": "set_nbt",
              "tag": "{display:{Name:'{\"text\":\"Warped Forest Helmet\",\"color\":\"gold\",\"italic\":false}',Lore:['{\"text\":\" \"}','{\"text\":\"Ability:\",\"color\":\"green\",\"italic\":false}','{\"text\":\"When hit by a projectile the enemy\",\"color\":\"gray\",\"italic\":false}','{\"text\":\"receives 2.5 seconds of stackable \",\"color\":\"gray\",\"italic\":false}','{\"text\":\"50% movement reduction. \",\"color\":\"gray\",\"italic\":false}'],color:3237091},HideFlags:64,RepairCost:99999,Unbreakable:1b,armor:warped_helmet,mt:armor}"
            },
            {
              "function": "minecraft:set_attributes",
              "modifiers": [
                {
                  "attribute": "minecraft:generic.armor",
                  "name": "minecraft:generic.armor",
                  "amount": 3.5,
                  "operation": "addition",
                  "slot": "head"
                },
                {
                  "attribute": "minecraft:generic.armor_toughness",
                  "name": "minecraft:generic.armor_toughness",
                  "amount": 4.5,
                  "operation": "addition",
                  "slot": "head"
                }
              ]
            },
            {
              "function": "minecraft:set_enchantments",
              "enchantments": {
                "minecraft:blast_protection": {
                  "min": 1,
                  "max": 6
                },
                "minecraft:fire_protection": {
                  "min": 1,
                  "max": 6
                },
                "minecraft:projectile_protection": {
                  "min": 3,
                  "max": 9
                },
                "minecraft:protection": {
                  "min": 1,
                  "max": 6
                },
                "minecraft:respiration": {
                  "min": 1,
                  "max": 5
                },
                "minecraft:aqua_affinity": {
                  "min": 0,
                  "max": 1
                }
              }
            }
          ]
        },
        {
          "type": "minecraft:item",
          "name": "minecraft:leather_helmet",
          "functions": [
            {
              "function": "set_nbt",
              "tag": "{display:{Name:'{\"text\":\"Warped Forest Helmet\",\"color\":\"gold\",\"italic\":false}',Lore:['{\"text\":\" \"}','{\"text\":\"Ability:\",\"color\":\"green\",\"italic\":false}','{\"text\":\"When hit by a projectile the enemy\",\"color\":\"gray\",\"italic\":false}','{\"text\":\"receives 2.5 seconds of stackable \",\"color\":\"gray\",\"italic\":false}','{\"text\":\"50% movement reduction. \",\"color\":\"gray\",\"italic\":false}'],color:3237091},HideFlags:64,RepairCost:99999,Unbreakable:1b,armor:warped_helmet,mt:armor}"
            },
            {
              "function": "minecraft:set_attributes",
              "modifiers": [
                {
                  "attribute": "minecraft:generic.armor",
                  "name": "minecraft:generic.armor",
                  "amount": 4,
                  "operation": "addition",
                  "slot": "head"
                },
                {
                  "attribute": "minecraft:generic.armor_toughness",
                  "name": "minecraft:generic.armor_toughness",
                  "amount": 4.5,
                  "operation": "addition",
                  "slot": "head"
                }
              ]
            },
            {
              "function": "minecraft:set_enchantments",
              "enchantments": {
                "minecraft:blast_protection": {
                  "min": 1,
                  "max": 6
                },
                "minecraft:fire_protection": {
                  "min": 1,
                  "max": 6
                },
                "minecraft:projectile_protection": {
                  "min": 3,
                  "max": 9
                },
                "minecraft:protection": {
                  "min": 1,
                  "max": 6
                },
                "minecraft:respiration": {
                  "min": 1,
                  "max": 5
                },
                "minecraft:aqua_affinity": {
                  "min": 0,
                  "max": 1
                }
              }
            }
          ]
        },
        {
          "type": "minecraft:item",
          "name": "minecraft:leather_helmet",
          "functions": [
            {
              "function": "set_nbt",
              "tag": "{display:{Name:'{\"text\":\"Warped Forest Helmet\",\"color\":\"gold\",\"italic\":false}',Lore:['{\"text\":\" \"}','{\"text\":\"Ability:\",\"color\":\"green\",\"italic\":false}','{\"text\":\"When hit by a projectile the enemy\",\"color\":\"gray\",\"italic\":false}','{\"text\":\"receives 2.5 seconds of stackable \",\"color\":\"gray\",\"italic\":false}','{\"text\":\"50% movement reduction. \",\"color\":\"gray\",\"italic\":false}'],color:3237091},HideFlags:64,RepairCost:99999,Unbreakable:1b,armor:warped_helmet,mt:armor}"
            },
            {
              "function": "minecraft:set_attributes",
              "modifiers": [
                {
                  "attribute": "minecraft:generic.armor",
                  "name": "minecraft:generic.armor",
                  "amount": 5,
                  "operation": "addition",
                  "slot": "head"
                },
                {
                  "attribute": "minecraft:generic.armor_toughness",
                  "name": "minecraft:generic.armor_toughness",
                  "amount": 4.5,
                  "operation": "addition",
                  "slot": "head"
                }
              ]
            },
            {
              "function": "minecraft:set_enchantments",
              "enchantments": {
                "minecraft:blast_protection": {
                  "min": 1,
                  "max": 6
                },
                "minecraft:fire_protection": {
                  "min": 1,
                  "max": 6
                },
                "minecraft:projectile_protection": {
                  "min": 3,
                  "max": 9
                },
                "minecraft:protection": {
                  "min": 1,
                  "max": 6
                },
                "minecraft:respiration": {
                  "min": 1,
                  "max": 5
                },
                "minecraft:aqua_affinity": {
                  "min": 0,
                  "max": 1
                }
              }
            }
          ]
        },
        {
          "type": "minecraft:item",
          "name": "minecraft:leather_helmet",
          "functions": [
            {
              "function": "set_nbt",
              "tag": "{display:{Name:'{\"text\":\"Warped Forest Helmet\",\"color\":\"gold\",\"italic\":false}',Lore:['{\"text\":\" \"}','{\"text\":\"Ability:\",\"color\":\"green\",\"italic\":false}','{\"text\":\"When hit by a projectile the enemy\",\"color\":\"gray\",\"italic\":false}','{\"text\":\"receives 2.5 seconds of stackable \",\"color\":\"gray\",\"italic\":false}','{\"text\":\"50% movement reduction. \",\"color\":\"gray\",\"italic\":false}'],color:3237091},HideFlags:64,RepairCost:99999,Unbreakable:1b,armor:warped_helmet,mt:armor}"
            },
            {
              "function": "minecraft:set_attributes",
              "modifiers": [
                {
                  "attribute": "minecraft:generic.armor",
                  "name": "minecraft:generic.armor",
                  "amount": 3,
                  "operation": "addition",
                  "slot": "head"
                },
                {
                  "attribute": "minecraft:generic.armor_toughness",
                  "name": "minecraft:generic.armor_toughness",
                  "amount": 5,
                  "operation": "addition",
                  "slot": "head"
                }
              ]
            },
            {
              "function": "minecraft:set_enchantments",
              "enchantments": {
                "minecraft:blast_protection": {
                  "min": 1,
                  "max": 6
                },
                "minecraft:fire_protection": {
                  "min": 1,
                  "max": 6
                },
                "minecraft:projectile_protection": {
                  "min": 3,
                  "max": 9
                },
                "minecraft:protection": {
                  "min": 1,
                  "max": 6
                },
                "minecraft:respiration": {
                  "min": 1,
                  "max": 5
                },
                "minecraft:aqua_affinity": {
                  "min": 0,
                  "max": 1
                }
              }
            }
          ]
        },
        {
          "type": "minecraft:item",
          "name": "minecraft:leather_helmet",
          "functions": [
            {
              "function": "set_nbt",
              "tag": "{display:{Name:'{\"text\":\"Warped Forest Helmet\",\"color\":\"gold\",\"italic\":false}',Lore:['{\"text\":\" \"}','{\"text\":\"Ability:\",\"color\":\"green\",\"italic\":false}','{\"text\":\"When hit by a projectile the enemy\",\"color\":\"gray\",\"italic\":false}','{\"text\":\"receives 2.5 seconds of stackable \",\"color\":\"gray\",\"italic\":false}','{\"text\":\"50% movement reduction. \",\"color\":\"gray\",\"italic\":false}'],color:3237091},HideFlags:64,RepairCost:99999,Unbreakable:1b,armor:warped_helmet,mt:armor}"
            },
            {
              "function": "minecraft:set_attributes",
              "modifiers": [
                {
                  "attribute": "minecraft:generic.armor",
                  "name": "minecraft:generic.armor",
                  "amount": 3.5,
                  "operation": "addition",
                  "slot": "head"
                },
                {
                  "attribute": "minecraft:generic.armor_toughness",
                  "name": "minecraft:generic.armor_toughness",
                  "amount": 5,
                  "operation": "addition",
                  "slot": "head"
                }
              ]
            },
            {
              "function": "minecraft:set_enchantments",
              "enchantments": {
                "minecraft:blast_protection": {
                  "min": 1,
                  "max": 6
                },
                "minecraft:fire_protection": {
                  "min": 1,
                  "max": 6
                },
                "minecraft:projectile_protection": {
                  "min": 3,
                  "max": 9
                },
                "minecraft:protection": {
                  "min": 1,
                  "max": 6
                },
                "minecraft:respiration": {
                  "min": 1,
                  "max": 5
                },
                "minecraft:aqua_affinity": {
                  "min": 0,
                  "max": 1
                }
              }
            }
          ]
        },
        {
          "type": "minecraft:item",
          "name": "minecraft:leather_helmet",
          "functions": [
            {
              "function": "set_nbt",
              "tag": "{display:{Name:'{\"text\":\"Warped Forest Helmet\",\"color\":\"gold\",\"italic\":false}',Lore:['{\"text\":\" \"}','{\"text\":\"Ability:\",\"color\":\"green\",\"italic\":false}','{\"text\":\"When hit by a projectile the enemy\",\"color\":\"gray\",\"italic\":false}','{\"text\":\"receives 2.5 seconds of stackable \",\"color\":\"gray\",\"italic\":false}','{\"text\":\"50% movement reduction. \",\"color\":\"gray\",\"italic\":false}'],color:3237091},HideFlags:64,RepairCost:99999,Unbreakable:1b,armor:warped_helmet,mt:armor}"
            },
            {
              "function": "minecraft:set_attributes",
              "modifiers": [
                {
                  "attribute": "minecraft:generic.armor",
                  "name": "minecraft:generic.armor",
                  "amount": 4,
                  "operation": "addition",
                  "slot": "head"
                },
                {
                  "attribute": "minecraft:generic.armor_toughness",
                  "name": "minecraft:generic.armor_toughness",
                  "amount": 5,
                  "operation": "addition",
                  "slot": "head"
                }
              ]
            },
            {
              "function": "minecraft:set_enchantments",
              "enchantments": {
                "minecraft:blast_protection": {
                  "min": 1,
                  "max": 6
                },
                "minecraft:fire_protection": {
                  "min": 1,
                  "max": 6
                },
                "minecraft:projectile_protection": {
                  "min": 3,
                  "max": 9
                },
                "minecraft:protection": {
                  "min": 1,
                  "max": 6
                },
                "minecraft:respiration": {
                  "min": 1,
                  "max": 5
                },
                "minecraft:aqua_affinity": {
                  "min": 0,
                  "max": 1
                }
              }
            }
          ]
        },
        {
          "type": "minecraft:item",
          "name": "minecraft:leather_helmet",
          "functions": [
            {
              "function": "set_nbt",
              "tag": "{display:{Name:'{\"text\":\"Warped Forest Helmet\",\"color\":\"gold\",\"italic\":false}',Lore:['{\"text\":\" \"}','{\"text\":\"Ability:\",\"color\":\"green\",\"italic\":false}','{\"text\":\"When hit by a projectile the enemy\",\"color\":\"gray\",\"italic\":false}','{\"text\":\"receives 2.5 seconds of stackable \",\"color\":\"gray\",\"italic\":false}','{\"text\":\"50% movement reduction. \",\"color\":\"gray\",\"italic\":false}'],color:3237091},HideFlags:64,RepairCost:99999,Unbreakable:1b,armor:warped_helmet,mt:armor}"
            },
            {
              "function": "minecraft:set_attributes",
              "modifiers": [
                {
                  "attribute": "minecraft:generic.armor",
                  "name": "minecraft:generic.armor",
                  "amount": 4.5,
                  "operation": "addition",
                  "slot": "head"
                },
                {
                  "attribute": "minecraft:generic.armor_toughness",
                  "name": "minecraft:generic.armor_toughness",
                  "amount": 5,
                  "operation": "addition",
                  "slot": "head"
                }
              ]
            },
            {
              "function": "minecraft:set_enchantments",
              "enchantments": {
                "minecraft:blast_protection": {
                  "min": 1,
                  "max": 6
                },
                "minecraft:fire_protection": {
                  "min": 1,
                  "max": 6
                },
                "minecraft:projectile_protection": {
                  "min": 3,
                  "max": 9
                },
                "minecraft:protection": {
                  "min": 1,
                  "max": 6
                },
                "minecraft:respiration": {
                  "min": 1,
                  "max": 5
                },
                "minecraft:aqua_affinity": {
                  "min": 0,
                  "max": 1
                }
              }
            }
          ]
        },
        {
          "type": "minecraft:item",
          "name": "minecraft:leather_helmet",
          "functions": [
            {
              "function": "set_nbt",
              "tag": "{display:{Name:'{\"text\":\"Warped Forest Helmet\",\"color\":\"gold\",\"italic\":false}',Lore:['{\"text\":\" \"}','{\"text\":\"Ability:\",\"color\":\"green\",\"italic\":false}','{\"text\":\"When hit by a projectile the enemy\",\"color\":\"gray\",\"italic\":false}','{\"text\":\"receives 2.5 seconds of stackable \",\"color\":\"gray\",\"italic\":false}','{\"text\":\"50% movement reduction. \",\"color\":\"gray\",\"italic\":false}'],color:3237091},HideFlags:64,RepairCost:99999,Unbreakable:1b,armor:warped_helmet,mt:armor}"
            },
            {
              "function": "minecraft:set_attributes",
              "modifiers": [
                {
                  "attribute": "minecraft:generic.armor",
                  "name": "minecraft:generic.armor",
                  "amount": 2.5,
                  "operation": "addition",
                  "slot": "head"
                },
                {
                  "attribute": "minecraft:generic.armor_toughness",
                  "name": "minecraft:generic.armor_toughness",
                  "amount": 3,
                  "operation": "addition",
                  "slot": "head"
                }
              ]
            },
            {
              "function": "minecraft:set_enchantments",
              "enchantments": {
                "minecraft:blast_protection": {
                  "min": 1,
                  "max": 6
                },
                "minecraft:fire_protection": {
                  "min": 1,
                  "max": 6
                },
                "minecraft:projectile_protection": {
                  "min": 3,
                  "max": 9
                },
                "minecraft:protection": {
                  "min": 1,
                  "max": 6
                },
                "minecraft:respiration": {
                  "min": 1,
                  "max": 5
                },
                "minecraft:aqua_affinity": {
                  "min": 0,
                  "max": 1
                }
              }
            }
          ]
        },
        {
          "type": "minecraft:item",
          "name": "minecraft:leather_helmet",
          "functions": [
            {
              "function": "set_nbt",
              "tag": "{display:{Name:'{\"text\":\"Warped Forest Helmet\",\"color\":\"gold\",\"italic\":false}',Lore:['{\"text\":\" \"}','{\"text\":\"Ability:\",\"color\":\"green\",\"italic\":false}','{\"text\":\"When hit by a projectile the enemy\",\"color\":\"gray\",\"italic\":false}','{\"text\":\"receives 2.5 seconds of stackable \",\"color\":\"gray\",\"italic\":false}','{\"text\":\"50% movement reduction. \",\"color\":\"gray\",\"italic\":false}'],color:3237091},HideFlags:64,RepairCost:99999,Unbreakable:1b,armor:warped_helmet,mt:armor}"
            },
            {
              "function": "minecraft:set_attributes",
              "modifiers": [
                {
                  "attribute": "minecraft:generic.armor",
                  "name": "minecraft:generic.armor",
                  "amount": 2.5,
                  "operation": "addition",
                  "slot": "head"
                },
                {
                  "attribute": "minecraft:generic.armor_toughness",
                  "name": "minecraft:generic.armor_toughness",
                  "amount": 3.5,
                  "operation": "addition",
                  "slot": "head"
                }
              ]
            },
            {
              "function": "minecraft:set_enchantments",
              "enchantments": {
                "minecraft:blast_protection": {
                  "min": 1,
                  "max": 6
                },
                "minecraft:fire_protection": {
                  "min": 1,
                  "max": 6
                },
                "minecraft:projectile_protection": {
                  "min": 3,
                  "max": 9
                },
                "minecraft:protection": {
                  "min": 1,
                  "max": 6
                },
                "minecraft:respiration": {
                  "min": 1,
                  "max": 5
                },
                "minecraft:aqua_affinity": {
                  "min": 0,
                  "max": 1
                }
              }
            }
          ]
        },
        {
          "type": "minecraft:item",
          "name": "minecraft:leather_helmet",
          "functions": [
            {
              "function": "set_nbt",
              "tag": "{display:{Name:'{\"text\":\"Warped Forest Helmet\",\"color\":\"gold\",\"italic\":false}',Lore:['{\"text\":\" \"}','{\"text\":\"Ability:\",\"color\":\"green\",\"italic\":false}','{\"text\":\"When hit by a projectile the enemy\",\"color\":\"gray\",\"italic\":false}','{\"text\":\"receives 2.5 seconds of stackable \",\"color\":\"gray\",\"italic\":false}','{\"text\":\"50% movement reduction. \",\"color\":\"gray\",\"italic\":false}'],color:3237091},HideFlags:64,RepairCost:99999,Unbreakable:1b,armor:warped_helmet,mt:armor}"
            },
            {
              "function": "minecraft:set_attributes",
              "modifiers": [
                {
                  "attribute": "minecraft:generic.armor",
                  "name": "minecraft:generic.armor",
                  "amount": 2.5,
                  "operation": "addition",
                  "slot": "head"
                },
                {
                  "attribute": "minecraft:generic.armor_toughness",
                  "name": "minecraft:generic.armor_toughness",
                  "amount": 4,
                  "operation": "addition",
                  "slot": "head"
                }
              ]
            },
            {
              "function": "minecraft:set_enchantments",
              "enchantments": {
                "minecraft:blast_protection": {
                  "min": 1,
                  "max": 6
                },
                "minecraft:fire_protection": {
                  "min": 1,
                  "max": 6
                },
                "minecraft:projectile_protection": {
                  "min": 3,
                  "max": 9
                },
                "minecraft:protection": {
                  "min": 1,
                  "max": 6
                },
                "minecraft:respiration": {
                  "min": 1,
                  "max": 5
                },
                "minecraft:aqua_affinity": {
                  "min": 0,
                  "max": 1
                }
              }
            }
          ]
        },
        {
          "type": "minecraft:item",
          "name": "minecraft:leather_helmet",
          "functions": [
            {
              "function": "set_nbt",
              "tag": "{display:{Name:'{\"text\":\"Warped Forest Helmet\",\"color\":\"gold\",\"italic\":false}',Lore:['{\"text\":\" \"}','{\"text\":\"Ability:\",\"color\":\"green\",\"italic\":false}','{\"text\":\"When hit by a projectile the enemy\",\"color\":\"gray\",\"italic\":false}','{\"text\":\"receives 2.5 seconds of stackable \",\"color\":\"gray\",\"italic\":false}','{\"text\":\"50% movement reduction. \",\"color\":\"gray\",\"italic\":false}'],color:3237091},HideFlags:64,RepairCost:99999,Unbreakable:1b,armor:warped_helmet,mt:armor}"
            },
            {
              "function": "minecraft:set_attributes",
              "modifiers": [
                {
                  "attribute": "minecraft:generic.armor",
                  "name": "minecraft:generic.armor",
                  "amount": 2.5,
                  "operation": "addition",
                  "slot": "head"
                },
                {
                  "attribute": "minecraft:generic.armor_toughness",
                  "name": "minecraft:generic.armor_toughness",
                  "amount": 4.5,
                  "operation": "addition",
                  "slot": "head"
                }
              ]
            },
            {
              "function": "minecraft:set_enchantments",
              "enchantments": {
                "minecraft:blast_protection": {
                  "min": 1,
                  "max": 6
                },
                "minecraft:fire_protection": {
                  "min": 1,
                  "max": 6
                },
                "minecraft:projectile_protection": {
                  "min": 3,
                  "max": 9
                },
                "minecraft:protection": {
                  "min": 1,
                  "max": 6
                },
                "minecraft:respiration": {
                  "min": 1,
                  "max": 5
                },
                "minecraft:aqua_affinity": {
                  "min": 0,
                  "max": 1
                }
              }
            }
          ]
        },
        {
          "type": "minecraft:item",
          "name": "minecraft:leather_helmet",
          "functions": [
            {
              "function": "set_nbt",
              "tag": "{display:{Name:'{\"text\":\"Warped Forest Helmet\",\"color\":\"gold\",\"italic\":false}',Lore:['{\"text\":\" \"}','{\"text\":\"Ability:\",\"color\":\"green\",\"italic\":false}','{\"text\":\"When hit by a projectile the enemy\",\"color\":\"gray\",\"italic\":false}','{\"text\":\"receives 2.5 seconds of stackable \",\"color\":\"gray\",\"italic\":false}','{\"text\":\"50% movement reduction. \",\"color\":\"gray\",\"italic\":false}'],color:3237091},HideFlags:64,RepairCost:99999,Unbreakable:1b,armor:warped_helmet,mt:armor}"
            },
            {
              "function": "minecraft:set_attributes",
              "modifiers": [
                {
                  "attribute": "minecraft:generic.armor",
                  "name": "minecraft:generic.armor",
                  "amount": 2.5,
                  "operation": "addition",
                  "slot": "head"
                },
                {
                  "attribute": "minecraft:generic.armor_toughness",
                  "name": "minecraft:generic.armor_toughness",
                  "amount": 5,
                  "operation": "addition",
                  "slot": "head"
                }
              ]
            },
            {
              "function": "minecraft:set_enchantments",
              "enchantments": {
                "minecraft:blast_protection": {
                  "min": 1,
                  "max": 6
                },
                "minecraft:fire_protection": {
                  "min": 1,
                  "max": 6
                },
                "minecraft:projectile_protection": {
                  "min": 3,
                  "max": 9
                },
                "minecraft:protection": {
                  "min": 1,
                  "max": 6
                },
                "minecraft:respiration": {
                  "min": 1,
                  "max": 5
                },
                "minecraft:aqua_affinity": {
                  "min": 0,
                  "max": 1
                }
              }
            }
          ]
        }
      ]
    }
  ]
}
