{
  "criteria": {
    "place_brewing_stand": {
      "trigger": "minecraft:placed_block",
      "conditions": {
        "location": [
          {
            "condition": "minecraft:location_check",
            "predicate": {
              "block": {
                "blocks": [
                  "minecraft:brewing_stand"
                ]
              }
            }
          }
        ]
      }
    }
  },
  "rewards": {
    "function": "tcc:block/brewing_stand/marker_spawning/scan"
  }
}
