{
	"credit": "Made with Blockbench",
	"textures": {
		"0": "item/crab",
		"particle": "item/crab"
	},
	"elements": [
		{
			"from": [8.5, 5, -3.5],
			"to": [10.5, 7, 6.5],
			"rotation": {"angle": 0, "axis": "y", "origin": [-3.5, 20, 1]},
			"faces": {
				"north": {"uv": [10.5, 8.75, 11.75, 9.5], "texture": "#0"},
				"east": {"uv": [8.5, 8.5, 13.75, 9.5], "texture": "#0"},
				"south": {"uv": [10.5, 8.75, 11.75, 9.5], "texture": "#0"},
				"west": {"uv": [8.5, 8.5, 13.75, 9.5], "texture": "#0"},
				"up": {"uv": [12.25, 7.25, 13, 9.5], "rotation": 180, "texture": "#0"},
				"down": {"uv": [12.25, 7.25, 13, 9.5], "rotation": 180, "texture": "#0"}
			}
		},
		{
			"from": [8.5, 4, -3.5],
			"to": [10.5, 5, -1.5],
			"rotation": {"angle": 0, "axis": "y", "origin": [-3.5, 20, 1]},
			"faces": {
				"north": {"uv": [12.25, 7.25, 13, 7.75], "texture": "#0"},
				"east": {"uv": [7.5, 7, 8.5, 7.5], "texture": "#0"},
				"south": {"uv": [7.5, 7, 8.5, 7.5], "texture": "#0"},
				"west": {"uv": [7.5, 7, 8.5, 7.5], "texture": "#0"},
				"up": {"uv": [7.5, 7, 8.5, 7.5], "texture": "#0"},
				"down": {"uv": [7.5, 7, 8.5, 7.5], "texture": "#0"}
			}
		},
		{
			"from": [8.5, 3, 2.5],
			"to": [10.5, 5, 6.5],
			"rotation": {"angle": 0, "axis": "y", "origin": [-3.5, 20, 1]},
			"faces": {
				"north": {"uv": [4, 6.75, 4.75, 7.75], "texture": "#0"},
				"east": {"uv": [5.5, 6.75, 7.5, 7.75], "texture": "#0"},
				"south": {"uv": [4, 6.75, 4.75, 7.75], "texture": "#0"},
				"west": {"uv": [5.5, 6.75, 7.5, 7.75], "texture": "#0"},
				"up": {"uv": [5.5, 6.75, 7.5, 7.75], "texture": "#0"},
				"down": {"uv": [5.5, 6.75, 7.5, 7.75], "texture": "#0"}
			}
		},
		{
			"from": [8.5, 1, -3.5],
			"to": [10.5, 3, 6.5],
			"rotation": {"angle": 0, "axis": "y", "origin": [-3.5, 20, 1]},
			"faces": {
				"north": {"uv": [10.5, 8.75, 11.75, 9.5], "texture": "#0"},
				"east": {"uv": [8.5, 8.5, 13.75, 9.5], "texture": "#0"},
				"south": {"uv": [10.5, 8.75, 11.75, 9.5], "texture": "#0"},
				"west": {"uv": [8.5, 8.5, 13.75, 9.5], "texture": "#0"},
				"up": {"uv": [12.25, 7.25, 13, 9.5], "rotation": 180, "texture": "#0"},
				"down": {"uv": [12.25, 7.25, 13, 9.5], "rotation": 180, "texture": "#0"}
			}
		}
	],
	"display": {
		"thirdperson_righthand": {
			"translation": [-4, 1.5, 4.25],
			"scale": [2.5, 1, 1.17]
		},
		"thirdperson_lefthand": {
			"translation": [3.5, 1.75, 3.5],
			"scale": [2.5, 1, 1]
		},
		"firstperson_righthand": {
			"rotation": [0, -3.25, 25],
			"translation": [-2.62, 6.2, 5.38],
			"scale": [0.68, 0.68, 0.68]
		},
		"firstperson_lefthand": {
			"rotation": [0, -3.25, 25],
			"translation": [-2.62, 6.2, 5.38],
			"scale": [0.68, 0.68, 0.68]
		},
		"ground": {
			"translation": [0, 2, 0],
			"scale": [0.5, 0.5, 0.5]
		},
		"gui": {
			"rotation": [0, 90, 0],
			"translation": [10, 5.5, 0],
			"scale": [1.5, 1.5, 1.5]
		},
		"fixed": {
			"rotation": [0, 90, 0],
			"translation": [8.5, 6.25, -0.75],
			"scale": [1.5, 1.5, 1.5]
		}
	}
}