{
	"credit": "Made with Blockbench",
	"textures": {
		"1": "item/crab3",
		"particle": "item/crab"
	},
	"elements": [
		{
			"from": [16.06436, 1.75108, 6.6],
			"to": [19.06436, 1.75108, 8.4],
			"rotation": {"angle": 22.5, "axis": "z", "origin": [8.42619, 2.51151, 6.5]},
			"faces": {
				"north": {"uv": [8.75, 8.75, 9.3, 9.55], "texture": "#1"},
				"east": {"uv": [8.75, 8.75, 9.3, 9.55], "texture": "#1"},
				"south": {"uv": [8.75, 8.75, 9.3, 9.55], "texture": "#1"},
				"west": {"uv": [8.75, 8.75, 9.3, 9.55], "texture": "#1"},
				"up": {"uv": [8.75, 8.75, 9.3, 9.55], "texture": "#1"},
				"down": {"uv": [8.75, 8.75, 9.3, 9.55], "texture": "#1"}
			}
		},
		{
			"from": [19.77291, -2.62417, 2.6],
			"to": [19.77291, 4.17583, 4.4],
			"rotation": {"angle": 22.5, "axis": "z", "origin": [14.77291, 1.77583, 6.5]},
			"faces": {
				"north": {"uv": [7.75, 8, 13.8, 9.55], "rotation": 90, "texture": "#1"},
				"east": {"uv": [7.75, 8, 13.8, 9.55], "rotation": 90, "texture": "#1"},
				"south": {"uv": [7.75, 8, 13.8, 9.55], "rotation": 90, "texture": "#1"},
				"west": {"uv": [7.75, 8, 13.8, 9.55], "rotation": 90, "texture": "#1"},
				"up": {"uv": [7.75, 8, 13.8, 9.55], "rotation": 90, "texture": "#1"},
				"down": {"uv": [7.75, 8, 13.8, 9.55], "rotation": 90, "texture": "#1"}
			}
		},
		{
			"from": [19.77291, -2.62417, 10.6],
			"to": [19.77291, 4.17583, 12.4],
			"rotation": {"angle": 22.5, "axis": "z", "origin": [14.77291, 1.77583, 6.5]},
			"faces": {
				"north": {"uv": [7.75, 8, 13.8, 9.55], "rotation": 90, "texture": "#1"},
				"east": {"uv": [7.75, 8, 13.8, 9.55], "rotation": 90, "texture": "#1"},
				"south": {"uv": [7.75, 8, 13.8, 9.55], "rotation": 90, "texture": "#1"},
				"west": {"uv": [7.75, 8, 13.8, 9.55], "rotation": 90, "texture": "#1"},
				"up": {"uv": [7.75, 8, 13.8, 9.55], "rotation": 90, "texture": "#1"},
				"down": {"uv": [7.75, 8, 13.8, 9.55], "rotation": 90, "texture": "#1"}
			}
		},
		{
			"from": [16.06436, 1.75108, 10.6],
			"to": [19.06436, 1.75108, 12.4],
			"rotation": {"angle": 22.5, "axis": "z", "origin": [8.42619, 2.51151, 6.5]},
			"faces": {
				"north": {"uv": [8.75, 8.75, 9.3, 9.55], "texture": "#1"},
				"east": {"uv": [8.75, 8.75, 9.3, 9.55], "texture": "#1"},
				"south": {"uv": [8.75, 8.75, 9.3, 9.55], "texture": "#1"},
				"west": {"uv": [8.75, 8.75, 9.3, 9.55], "texture": "#1"},
				"up": {"uv": [8.75, 8.75, 9.3, 9.55], "texture": "#1"},
				"down": {"uv": [8.75, 8.75, 9.3, 9.55], "texture": "#1"}
			}
		},
		{
			"from": [16.06436, 1.75108, 2.6],
			"to": [19.06436, 1.75108, 4.4],
			"rotation": {"angle": 22.5, "axis": "z", "origin": [8.42619, 2.51151, 6.5]},
			"faces": {
				"north": {"uv": [8.75, 8.75, 9.3, 9.55], "texture": "#1"},
				"east": {"uv": [8.75, 8.75, 9.3, 9.55], "texture": "#1"},
				"south": {"uv": [8.75, 8.75, 9.3, 9.55], "texture": "#1"},
				"west": {"uv": [8.75, 8.75, 9.3, 9.55], "texture": "#1"},
				"up": {"uv": [8.75, 8.75, 9.3, 9.55], "texture": "#1"},
				"down": {"uv": [8.75, 8.75, 9.3, 9.55], "texture": "#1"}
			}
		},
		{
			"from": [19.77291, -2.62417, 6.6],
			"to": [19.77291, 4.17583, 8.4],
			"rotation": {"angle": 22.5, "axis": "z", "origin": [14.77291, 1.77583, 6.5]},
			"faces": {
				"north": {"uv": [7.75, 8, 13.8, 9.55], "rotation": 90, "texture": "#1"},
				"east": {"uv": [7.75, 8, 13.8, 9.55], "rotation": 90, "texture": "#1"},
				"south": {"uv": [7.75, 8, 13.8, 9.55], "rotation": 90, "texture": "#1"},
				"west": {"uv": [7.75, 8, 13.8, 9.55], "rotation": 90, "texture": "#1"},
				"up": {"uv": [7.75, 8, 13.8, 9.55], "rotation": 90, "texture": "#1"},
				"down": {"uv": [7.75, 8, 13.8, 9.55], "rotation": 90, "texture": "#1"}
			}
		},
		{
			"from": [-2.01035, 3.19988, 6.6],
			"to": [0.98965, 3.19988, 8.4],
			"rotation": {"angle": -22.5, "axis": "z", "origin": [4.7677, 0.52587, 7.5]},
			"faces": {
				"north": {"uv": [8.75, 8.75, 9.3, 9.55], "texture": "#1"},
				"east": {"uv": [8.75, 8.75, 9.3, 9.55], "texture": "#1"},
				"south": {"uv": [8.75, 8.75, 9.3, 9.55], "texture": "#1"},
				"west": {"uv": [8.75, 8.75, 9.3, 9.55], "texture": "#1"},
				"up": {"uv": [8.75, 8.75, 9.3, 9.55], "texture": "#1"},
				"down": {"uv": [8.75, 8.75, 9.3, 9.55], "texture": "#1"}
			}
		},
		{
			"from": [-1.95426, -3.54815, 10.6],
			"to": [-1.95426, 3.25185, 12.4],
			"rotation": {"angle": -22.5, "axis": "z", "origin": [4.7677, 0.52587, 7.5]},
			"faces": {
				"north": {"uv": [7.75, 8, 13.8, 9.55], "rotation": 90, "texture": "#1"},
				"east": {"uv": [7.75, 8, 13.8, 9.55], "rotation": 90, "texture": "#1"},
				"south": {"uv": [7.75, 8, 13.8, 9.55], "rotation": 90, "texture": "#1"},
				"west": {"uv": [7.75, 8, 13.8, 9.55], "rotation": 90, "texture": "#1"},
				"up": {"uv": [7.75, 8, 13.8, 9.55], "rotation": 90, "texture": "#1"},
				"down": {"uv": [7.75, 8, 13.8, 9.55], "rotation": 90, "texture": "#1"}
			}
		},
		{
			"from": [-1.95426, -3.54815, 2.6],
			"to": [-1.95426, 3.25185, 4.4],
			"rotation": {"angle": -22.5, "axis": "z", "origin": [4.7677, 0.52587, 7.5]},
			"faces": {
				"north": {"uv": [7.75, 8, 13.8, 9.55], "rotation": 90, "texture": "#1"},
				"east": {"uv": [7.75, 8, 13.8, 9.55], "rotation": 90, "texture": "#1"},
				"south": {"uv": [7.75, 8, 13.8, 9.55], "rotation": 90, "texture": "#1"},
				"west": {"uv": [7.75, 8, 13.8, 9.55], "rotation": 90, "texture": "#1"},
				"up": {"uv": [7.75, 8, 13.8, 9.55], "rotation": 90, "texture": "#1"},
				"down": {"uv": [7.75, 8, 13.8, 9.55], "rotation": 90, "texture": "#1"}
			}
		},
		{
			"from": [-2.01035, 3.19988, 2.6],
			"to": [0.98965, 3.19988, 4.4],
			"rotation": {"angle": -22.5, "axis": "z", "origin": [4.7677, 0.52587, 7.5]},
			"faces": {
				"north": {"uv": [8.75, 8.75, 9.3, 9.55], "texture": "#1"},
				"east": {"uv": [8.75, 8.75, 9.3, 9.55], "texture": "#1"},
				"south": {"uv": [8.75, 8.75, 9.3, 9.55], "texture": "#1"},
				"west": {"uv": [8.75, 8.75, 9.3, 9.55], "texture": "#1"},
				"up": {"uv": [8.75, 8.75, 9.3, 9.55], "texture": "#1"},
				"down": {"uv": [8.75, 8.75, 9.3, 9.55], "texture": "#1"}
			}
		},
		{
			"from": [-2.01035, 3.19988, 10.6],
			"to": [0.98965, 3.19988, 12.4],
			"rotation": {"angle": -22.5, "axis": "z", "origin": [4.7677, 0.52587, 7.5]},
			"faces": {
				"north": {"uv": [8.75, 8.75, 9.3, 9.55], "texture": "#1"},
				"east": {"uv": [8.75, 8.75, 9.3, 9.55], "texture": "#1"},
				"south": {"uv": [8.75, 8.75, 9.3, 9.55], "texture": "#1"},
				"west": {"uv": [8.75, 8.75, 9.3, 9.55], "texture": "#1"},
				"up": {"uv": [8.75, 8.75, 9.3, 9.55], "texture": "#1"},
				"down": {"uv": [8.75, 8.75, 9.3, 9.55], "texture": "#1"}
			}
		},
		{
			"from": [-1.95426, -3.54815, 6.6],
			"to": [-1.95426, 3.25185, 8.4],
			"rotation": {"angle": -22.5, "axis": "z", "origin": [4.7677, 0.52587, 7.5]},
			"faces": {
				"north": {"uv": [7.75, 8, 13.8, 9.55], "rotation": 90, "texture": "#1"},
				"east": {"uv": [7.75, 8, 13.8, 9.55], "rotation": 90, "texture": "#1"},
				"south": {"uv": [7.75, 8, 13.8, 9.55], "rotation": 90, "texture": "#1"},
				"west": {"uv": [7.75, 8, 13.8, 9.55], "rotation": 90, "texture": "#1"},
				"up": {"uv": [7.75, 8, 13.8, 9.55], "rotation": 90, "texture": "#1"},
				"down": {"uv": [7.75, 8, 13.8, 9.55], "rotation": 90, "texture": "#1"}
			}
		},
		{
			"from": [-0.5, 7, -3.5],
			"to": [1.5, 9, 6.5],
			"rotation": {"angle": 0, "axis": "y", "origin": [-3.5, 20, 1]},
			"faces": {
				"north": {"uv": [10.5, 8.75, 11.75, 9.5], "texture": "#1"},
				"east": {"uv": [8.5, 8.5, 13.75, 9.5], "texture": "#1"},
				"south": {"uv": [10.5, 8.75, 11.75, 9.5], "texture": "#1"},
				"west": {"uv": [8.5, 8.5, 13.75, 9.5], "texture": "#1"},
				"up": {"uv": [12.25, 7.25, 13, 9.5], "rotation": 180, "texture": "#1"},
				"down": {"uv": [12.25, 7.25, 13, 9.5], "rotation": 180, "texture": "#1"}
			}
		},
		{
			"from": [-0.5, 11, -3.5],
			"to": [1.5, 13, 6.5],
			"rotation": {"angle": 0, "axis": "y", "origin": [-3.5, 20, 1]},
			"faces": {
				"north": {"uv": [10.5, 8.75, 11.75, 9.5], "texture": "#1"},
				"east": {"uv": [8.5, 8.5, 13.75, 9.5], "texture": "#1"},
				"south": {"uv": [10.5, 8.75, 11.75, 9.5], "texture": "#1"},
				"west": {"uv": [8.5, 8.5, 13.75, 9.5], "texture": "#1"},
				"up": {"uv": [12.25, 7.25, 13, 9.5], "rotation": 180, "texture": "#1"},
				"down": {"uv": [12.25, 7.25, 13, 9.5], "rotation": 180, "texture": "#1"}
			}
		},
		{
			"from": [-0.5, 9, 2.5],
			"to": [1.5, 11, 6.5],
			"rotation": {"angle": 0, "axis": "y", "origin": [-3.5, 20, 1]},
			"faces": {
				"north": {"uv": [4, 6.75, 4.75, 7.75], "texture": "#1"},
				"east": {"uv": [5.5, 6.75, 7.5, 7.75], "texture": "#1"},
				"south": {"uv": [4, 6.75, 4.75, 7.75], "texture": "#1"},
				"west": {"uv": [5.5, 6.75, 7.5, 7.75], "texture": "#1"},
				"up": {"uv": [5.5, 6.75, 7.5, 7.75], "texture": "#1"},
				"down": {"uv": [5.5, 6.75, 7.5, 7.75], "texture": "#1"}
			}
		},
		{
			"from": [-0.5, 10, -3.5],
			"to": [1.5, 11, -1.5],
			"rotation": {"angle": 0, "axis": "y", "origin": [-3.5, 20, 1]},
			"faces": {
				"north": {"uv": [12.25, 7.25, 13, 7.75], "texture": "#1"},
				"east": {"uv": [7.5, 7, 8.5, 7.5], "texture": "#1"},
				"south": {"uv": [7.5, 7, 8.5, 7.5], "texture": "#1"},
				"west": {"uv": [7.5, 7, 8.5, 7.5], "texture": "#1"},
				"up": {"uv": [7.5, 7, 8.5, 7.5], "texture": "#1"},
				"down": {"uv": [7.5, 7, 8.5, 7.5], "texture": "#1"}
			}
		},
		{
			"from": [17, 8, 0],
			"to": [19, 12, 7],
			"faces": {
				"north": {"uv": [4, 4, 5.25, 4.75], "rotation": 90, "texture": "#1"},
				"east": {"uv": [2.5, 4, 3.75, 5.75], "rotation": 90, "texture": "#1"},
				"south": {"uv": [5.25, 4.75, 6, 5.5], "rotation": 90, "texture": "#1"},
				"west": {"uv": [2.75, 4, 4, 5.75], "rotation": 270, "texture": "#1"},
				"up": {"uv": [1, 5, 1.5, 7], "texture": "#1"},
				"down": {"uv": [1, 5, 1.5, 7], "rotation": 180, "texture": "#1"}
			}
		},
		{
			"from": [9.5, 7, 2],
			"to": [11.5, 12, 3],
			"faces": {
				"north": {"uv": [4.25, 14, 4.75, 15], "texture": "#1"},
				"east": {"uv": [4.25, 14, 4.75, 15], "texture": "#1"},
				"south": {"uv": [4.25, 14, 4.75, 15], "texture": "#1"},
				"west": {"uv": [4.25, 14, 4.75, 15], "texture": "#1"},
				"up": {"uv": [4.25, 14, 4.75, 15], "texture": "#1"},
				"down": {"uv": [4.25, 14, 4.75, 15], "texture": "#1"}
			}
		},
		{
			"from": [6.5, 7, 2],
			"to": [8.5, 12, 3],
			"faces": {
				"north": {"uv": [4.25, 14, 4.75, 15], "texture": "#1"},
				"east": {"uv": [4.25, 14, 4.75, 15], "texture": "#1"},
				"south": {"uv": [4.25, 14, 4.75, 15], "texture": "#1"},
				"west": {"uv": [4.25, 14, 4.75, 15], "texture": "#1"},
				"up": {"uv": [4.25, 14, 4.75, 15], "texture": "#1"},
				"down": {"uv": [4.25, 14, 4.75, 15], "texture": "#1"}
			}
		},
		{
			"name": "neck",
			"from": [1.99, 3.99, 2.99],
			"to": [16.01, 12.01, 12.01],
			"faces": {
				"north": {"uv": [5.75, 15.96469, 2.25, 13.9375], "rotation": 180, "texture": "#1"},
				"east": {"uv": [8, 15.96469, 5.75, 14], "rotation": 180, "texture": "#1"},
				"south": {"uv": [9.25, 13.96469, 5.75, 11.75], "rotation": 180, "texture": "#1"},
				"west": {"uv": [2.25, 16, 0, 14.03531], "rotation": 180, "texture": "#1"},
				"up": {"uv": [5.75, 13.96469, 2.25, 11.75], "texture": "#1"},
				"down": {"uv": [5.75, 13.96469, 2.25, 11.75], "texture": "#1"}
			}
		}
	],
	"display": {
		"head": {
			"translation": [0, -49, 0],
			"scale": [2, 2, 2]
		}
	},
	"groups": [
		{
			"name": "legs",
			"origin": [15.96362, 2.24091, 6.5],
			"color": 0,
			"nbt": "{}",
			"children": [
				0,
				1,
				2,
				3,
				4,
				5,
				{
					"name": "legs",
					"origin": [15.96362, 2.24091, 6.5],
					"color": 0,
					"nbt": "{}",
					"children": [6, 7, 8, 9, 10, 11]
				}
			]
		},
		{
			"name": "pincers",
			"origin": [0, 0, 0],
			"color": 0,
			"nbt": "{}",
			"children": [12, 13, 14, 15]
		},
		16,
		17,
		18,
		19
	]
}