{
  "pools": [
    {
      "rolls": 1,
      "entries": [
        {
          "type": "item",
          "name": "minecraft:spider_eye",
          "weight": 1,
          "functions": [
            {
              "function": "set_count",
              "count": 15
            }
          ]
        }
      ]
    },
    {
      "rolls": 1,
      "entries": [
        {
          "type": "item",
          "name": "minecraft:mycelium"
        },
        {
          "type": "item",
          "name": "minecraft:crimson_nylium"
        },
        {
          "type": "item",
          "name": "minecraft:warped_nylium"
        }
      ]
    }
  ],
  "random_sequence": "tcc:gameplay/trades/wandering_witch/soil_blocks"
}