{
	"feature": "terralith:snowy/layer/first",
	"placement": [
		{
			"type": "minecraft:count",
			"count": 80
		},
		{
			"type": "minecraft:count",
			"count": 10
		},
		{
			"type": "minecraft:in_square"
		},
		{
			"type": "minecraft:heightmap",
			"heightmap": "WORLD_SURFACE_WG"
		},
		{
			"type": "minecraft:block_predicate_filter",
			"predicate": {
				"type": "minecraft:all_of",
				"predicates": [
					{
						"type": "minecraft:matching_blocks",
						"offset": [
							0,
							-1,
							0
						],
						"blocks": [
							"minecraft:grass_block",
							"snow_block",
							"blackstone"
						]
					},
										{
						"type": "minecraft:matching_blocks",
						"offset": [
							0,
							0,
							0
						],
						"blocks": [
							"minecraft:air","snow"
						]
					},
					{
						"type": "minecraft:any_of",
						"predicates": [
							{
								"type": "minecraft:matching_blocks",
								"offset": [
									1,
									0,
									0
								],
								"blocks": [
									"minecraft:grass_block",
									"snow_block",
									"blackstone"
								]
							},
							{
								"type": "minecraft:matching_blocks",
								"offset": [
									0,
									0,
									1
								],
								"blocks": [
									"minecraft:grass_block",
									"snow_block",
									"blackstone"
								]
							},
							{
								"type": "minecraft:matching_blocks",
								"offset": [
									-1,
									0,
									0
								],
								"blocks": [
									"minecraft:grass_block",
									"snow_block",
									"blackstone"
								]
							},
							{
								"type": "minecraft:matching_blocks",
								"offset": [
									0,
									0,
									-1
								],
								"blocks": [
									"minecraft:grass_block",
									"snow_block",
									"blackstone"
								]
							}
						]
					}
				]
			}
		},
		{
			"type": "minecraft:biome"
		}
	]
}
