{
  "type": "minecraft:block",
  "pools": [
    {
      "rolls": 1,
      "bonus_rolls": 0,
      "entries": [
        {
          "type": "minecraft:alternatives",
          "children": [
            {
              "type": "minecraft:item",
              "name": "minecraft:amethyst_cluster",
              "conditions": [
                {
                  "condition": "minecraft:match_tool",
                  "predicate": {
                    "enchantments": [
                      {
                        "enchantment": "minecraft:silk_touch",
                        "levels": {
                          "min": 1
                        }
                      }
                    ]
                  }
                }
              ]
            },
            {
              "type": "minecraft:alternatives",
              "children": [
                {
                  "type": "minecraft:loot_table",
                  "name": "tcc:items/amethyst_dust",
                  "conditions": [
                    {
                      "condition": "minecraft:random_chance",
                      "chance": 0.025
                    }
                  ]
                },
                {
                  "type": "minecraft:item",
                  "name": "minecraft:amethyst_shard",
                  "functions": [
                    {
                      "function": "minecraft:set_count",
                      "count": 4,
                      "add": false
                    },
                    {
                      "function": "minecraft:apply_bonus",
                      "enchantment": "minecraft:fortune",
                      "formula": "minecraft:ore_drops"
                    }
                  ],
                  "conditions": [
                    {
                      "condition": "minecraft:match_tool",
                      "predicate": {
                        "tag": "minecraft:cluster_max_harvestables"
                      }
                    }
                  ]
                },
                {
                  "type": "minecraft:item",
                  "name": "minecraft:amethyst_shard",
                  "functions": [
                    {
                      "function": "minecraft:set_count",
                      "count": 2,
                      "add": false
                    },
                    {
                      "function": "minecraft:explosion_decay"
                    }
                  ]
                }
              ]
            }
          ]
        }
      ]
    }
  ],
  "__smithed__": {
    "rules":[
      {
        "type":"smithed:append",
        "target":"pools[0].entries[0].children[1].children",
        "source":{
          "type":"smithed:reference",
          "path":"pools[0].entries[0].children[1].children[1]"
        }
      }
    ]
  }
}
