{
  "type": "minecraft:block",
  "pools": [
    {
      "rolls": 1,
      "bonus_rolls": 0,
      "entries": [
        {
          "type": "minecraft:alternatives",
          "children": [
            {
              "type": "minecraft:item",
              "conditions": [
                {
                  "condition": "minecraft:match_tool",
                  "predicate": {
                    "enchantments": [
                      {
                        "enchantment": "minecraft:silk_touch",
                        "levels": {
                          "min": 1
                        }
                      }
                    ]
                  }
                }
              ],
              "functions": [
                {
                  "function": "minecraft:copy_nbt",
                  "source": "block_entity",
                  "ops": [
                    {
                      "source": "Bees",
                      "target": "BlockEntityTag.Bees",
                      "op": "replace"
                    }
                  ]
                },
                {
                  "function": "minecraft:copy_state",
                  "block": "minecraft:beehive",
                  "properties": [
                    "honey_level"
                  ]
                },
                {
                  "function": "minecraft:set_nbt",
                  "tag": "{CustomModelData:330000}",
                  "conditions": [
                    {
                      "condition": "block_state_property",
                      "block": "minecraft:beehive",
                      "properties": {
                        "honey_level": "5"
                      }
                    }
                  ]
                }
              ],
              "name": "minecraft:beehive"
            },
            {
              "type": "minecraft:item",
              "name": "minecraft:beehive"
            }
          ]
        }
      ]
    }
  ],
  "__smithed__": {
    "rules": [
      {
        "type": "smithed:append",
        "target": "pools[0].entries[0].children[0].functions",
        "source": {
          "type": "smithed:reference",
          "path": "pools[0].entries[0].children[0].functions[2]"
        }
      }
    ]
  }
}