{
  "type": "minecraft:fishing",
  "pools": [
    {
      "rolls": 1.0,
      "bonus_rolls": 0.0,
      "entries": [
        {
          "type": "minecraft:item",
          "name": "minecraft:name_tag"
        },
        {
          "type": "minecraft:item",
          "name": "minecraft:saddle"
        },
        {
          "type": "minecraft:item",
          "functions": [
            {
              "function": "minecraft:set_damage",
              "damage": {
                "type": "minecraft:uniform",
                "min": 0.0,
                "max": 0.25
              },
              "add": false
            },
            {
              "function": "minecraft:enchant_with_levels",
              "levels": 30.0,
              "treasure": true
            }
          ],
          "name": "minecraft:bow"
        },
        {
          "type": "minecraft:item",
          "functions": [
            {
              "function": "minecraft:set_damage",
              "damage": {
                "type": "minecraft:uniform",
                "min": 0.0,
                "max": 0.25
              },
              "add": false
            },
            {
              "function": "minecraft:enchant_with_levels",
              "levels": 30.0,
              "treasure": true
            }
          ],
          "name": "minecraft:fishing_rod"
        },
        {
          "type": "minecraft:item",
          "functions": [
            {
              "function": "minecraft:enchant_with_levels",
              "levels": 30.0,
              "treasure": true
            }
          ],
          "name": "minecraft:book"
        },
        {
          "type": "minecraft:item",
          "name": "minecraft:nautilus_shell"
        },
        {
          "name": "minecraft:book",
          "type": "minecraft:item",
          "weight": 5,
          "functions": [
            {
              "function": "minecraft:enchant_randomly",
              "enchantments": [
                "minecraft:swift_sneak"
              ]
            }
          ],
          "conditions": [
            {
              "condition": "minecraft:location_check",
              "predicate": {
                "biome": "minecraft:deep_dark"
              }
            }
          ]
        },
        {
          "type": "minecraft:item",
          "name": "minecraft:coast_armor_trim_smithing_template"
        },
        {
          "name": "tcc:gameplay/fishing_pottery_sherds/cold_ocean_ruin",
          "type": "minecraft:loot_table",
          "weight": 10,
          "conditions": [
            {
              "condition": "minecraft:reference",
              "name": "tcc:location/above_cold_ocean_ruin"
            }
          ]
        },
        {
          "name": "tcc:gameplay/fishing_pottery_sherds/warm_ocean_ruin",
          "type": "minecraft:loot_table",
          "weight": 10,
          "conditions": [
            {
              "condition": "minecraft:reference",
              "name": "tcc:location/above_warm_ocean_ruin"
            }
          ]
        }
      ]
    }
  ],
  "random_sequence": "minecraft:gameplay/fishing/treasure",
  "__smithed__":{
    "rules":[
      {
        "type":"smithed:insert",
        "index": 6,
        "target":"pools[0].entries",
        "source": {
          "type":"smithed:reference",
          "path":"pools[0].entries[6]"
        }
      },
      {
        "type":"smithed:insert",
        "index": 7,
        "target":"pools[0].entries",
        "source": {
          "type":"smithed:reference",
          "path":"pools[0].entries[7]"
        }
      },
      {
        "type":"smithed:insert",
        "index": 8,
        "target":"pools[0].entries",
        "source": {
          "type":"smithed:reference",
          "path":"pools[0].entries[8]"
        }
      }
    ]
  }
}