{
  "display": {
    "icon": {
      "item": "dragon_head"
    },
    "title": {
      "translate": "adv.end.dragon_heads"
    },
    "description": {
      "translate": "adv.end.dragon_heads.desc"
    },
    "frame": "challenge"
  },
  "parent": "end/get_dragon_head",
  "criteria": {
    "stack_dragon_head": {
      "trigger": "inventory_changed",
      "conditions": {
        "items": [
          {
            "items": [
              "dragon_head"
            ],
            "count": 10
          }
        ]
      }
    }
  },
  "rewards": {
    "experience": 500
  }
}
