{
  "parent": "end/end_stone",
  "display": {
    "icon": {
      "item": "end_stone_bricks"
    },
    "title": {
      "translate": "adv.end.end_stone_bricks"
    },
    "description": {
      "translate": "adv.end.end_stone_bricks.desc"
    }
  },
  "rewards": {
    "experience": 5
  },
  "criteria": {
    "end_stone_bricks": {
      "trigger": "inventory_changed",
      "conditions": {
        "items": [
          {
            "items": [
              "end_stone_bricks"
            ]
          }
        ]
      }
    }
  }
}
