{
  "parent": "end/hurt_by_shulker",
  "display": {
    "icon": {
      "item": "shulker_shell"
    },
    "title": {
      "translate": "advancements.end.levitate.title"
    },
    "description": {
      "translate": "advancements.end.levitate.description"
    },
    "frame": "challenge"
  },
  "rewards": {
    "experience": 300
  },
  "criteria": {
    "levitated": {
      "trigger": "levitation",
      "conditions": {
        "distance": {
          "y": {
            "min": 50
          }
        }
      }
    }
  }
}
