{
  "display": {
    "icon": {
      "item": "dragon_egg"
    },
    "title": {
      "translate": "adv.end.only_one"
    },
    "description": {
      "translate": "adv.end.only_one.desc"
    },
    "frame": "goal"
  },
  "parent": "end/dragon_egg",
  "criteria": {
    "dragon_egg": {
      "trigger": "player_interacted_with_entity",
      "conditions": {
        "item": {
          "items": [
            "dragon_egg"
          ]
        },
        "entity": {
          "type": "allay"
        }
      }
    }
  },
  "rewards": {
    "experience": 30
  }
}
