{
  "display": {
    "icon": {
      "item": "shulker_box"
    },
    "title": {
      "translate": "adv.end.shulker_box"
    },
    "description": {
      "translate": "adv.end.shulker_box.desc"
    }
  },
  "parent": "end/shulker_shell",
  "criteria": {
    "shulker_box": {
      "trigger": "inventory_changed",
      "conditions": {
        "items": [
          {
            "items": [
              "shulker_box"
            ]
          }
        ]
      }
    }
  },
  "rewards": {
    "experience": 20
  }
}
