{
  "feature": {
    "type": "minecraft:ore",
    "config": {
      "size": 20,
      "discard_chance_on_air_exposure": 0,
      "targets": [
        {
          "target": {
            "predicate_type": "minecraft:block_match",
            "block": "minecraft:air"
          },
          "state": {
            "Name": "minecraft:amethyst_block"
          }
        }
      ]
    }
  },
  "placement": [
    {
      "type": "minecraft:count",
      "count": 256
    },
    {
      "type": "minecraft:in_square"
    },
    {
      "type": "minecraft:height_range",
      "height": {
        "type": "minecraft:uniform",
        "min_inclusive": {
          "above_bottom": 0
        },
        "max_inclusive": {
          "below_top": 0
        }
      }
    },
    {
      "type": "minecraft:block_predicate_filter",
      "predicate": {
        "type": "minecraft:matching_blocks",
        "offset": [
          0,
          -2,
          0
        ],
        "blocks": "minecraft:deepslate"
      }
    }
  ]
}
