{
  "feature": {
    "type": "minecraft:ore",
    "config": {
      "size": 32,
      "discard_chance_on_air_exposure": 1,
      "targets": [
        {
          "target": {
            "predicate_type": "minecraft:block_match",
            "block": "minecraft:deepslate"
          },
          "state": {
            "Name": "minecraft:amethyst_block"
          }
        }
      ]
    }
  },
  "placement": [
    {
      "type": "minecraft:count",
      "count": 16
    },
    {
      "type": "minecraft:in_square"
    },
    {
      "type": "minecraft:height_range",
      "height": {
        "type": "minecraft:uniform",
        "min_inclusive": {
          "above_bottom": 0
        },
        "max_inclusive": {
          "below_top": 0
        }
      }
    }
  ]
}
