{
  "feature": {
    "type": "minecraft:random_patch",
    "config": {
      "tries": 100,
      "xz_spread": 8,
      "y_spread": 3,
      "feature": {
        "feature": {
          "type": "minecraft:block_column",
          "config": {
            "direction": "down",
            "allowed_placement": {
              "type": "minecraft:not",
              "predicate": {
                "type": "minecraft:solid"
              }
            },
            "prioritize_tip": false,
            "layers": [
              {
                "height": {
                  "type": "minecraft:uniform",
                  "value": {
                    "min_inclusive": 1,
                    "max_inclusive": 5
                  }
                },
                "provider": {
                  "type": "minecraft:simple_state_provider",
                  "state": {
                    "Name": "minecraft:basalt"
                  }
                }
              }
            ]
          }
        },
        "placement": [
          {
            "type": "minecraft:environment_scan",
            "direction_of_search": "up",
            "max_steps": 32,
            "target_condition": {
              "type": "minecraft:matching_blocks",
              "offset": [
                0,
                1,
                0
              ],
              "blocks": [
                "minecraft:magma_block"
              ]
            },
            "allowed_search_condition": {
              "type": "minecraft:true"
            }
          }
        ]
      }
    }
  },
  "placement": [
    {
      "type": "minecraft:count",
      "count": 35
    },
    {
      "type": "minecraft:in_square"
    },
    {
      "type": "minecraft:height_range",
      "height": {
        "type": "minecraft:uniform",
        "min_inclusive": {
          "above_bottom": 10
        },
        "max_inclusive": {
          "below_top": 10
        }
      }
    },
    {
      "type": "minecraft:biome"
    }
  ]
}
