{
  "parent": "tcc:technical/root",
  "criteria": {
    "wrench_armor_stand": {
      "trigger": "minecraft:player_interacted_with_entity",
      "conditions": {
        "player": [
          {
            "condition": "minecraft:inverted",
            "term": {
              "condition": "minecraft:reference",
              "name": "tcc:entity/sneaking"
            }
          }
        ],
        "item": {
          "nbt": "{tcc:{id:\"wrench\"}}"
        },
        "entity": [
          {
            "condition": "minecraft:entity_properties",
            "entity": "this",
            "predicate": {
              "type": "minecraft:armor_stand",
              "nbt": "{Tags:[\"tcc.armor_stand_with_arms\"]}"
            }
          }
        ]
      }
    }
  },
  "rewards": {
    "function": "tcc:item/wrench/armor_stand_poses/advancement"
  }
}
