{
  "parent": "tcc:technical/root",
  "criteria": {
    "click_horse": {
      "trigger": "minecraft:player_interacted_with_entity",
      "conditions": {
        "player": [
          {
            "condition": "minecraft:alternative",
            "terms": [
              {
                "condition": "minecraft:entity_properties",
                "entity": "this",
                "predicate": {
                  "nbt": "{RootVehicle:{Entity:{id:\"minecraft:horse\"}}}"
                }
              },
              {
                "condition": "minecraft:entity_properties",
                "entity": "this",
                "predicate": {
                  "nbt": "{RootVehicle:{Entity:{id:\"minecraft:skeleton_horse\"}}}"
                }
              },
              {
                "condition": "minecraft:entity_properties",
                "entity": "this",
                "predicate": {
                  "nbt": "{RootVehicle:{Entity:{id:\"minecraft:zombie_horse\"}}}"
                }
              },
              {
                "condition": "minecraft:entity_properties",
                "entity": "this",
                "predicate": {
                  "nbt": "{RootVehicle:{Entity:{id:\"minecraft:mule\"}}}"
                }
              },
              {
                "condition": "minecraft:entity_properties",
                "entity": "this",
                "predicate": {
                  "nbt": "{RootVehicle:{Entity:{id:\"minecraft:donkey\"}}}"
                }
              }
            ]
          }
        ],
        "entity": {
          "type": "#tcc:horses"
        }
      }
    }
  },
  "rewards": {
    "function": "tcc:entity/horse_frost_trotting/add_tag"
  }
}