{
  "display": {
    "icon": {
      "item": "minecraft:turtle_helmet"
    },
    "title": "Better Than Turtle-Breeding",
    "description": "Get a Turtle Helmet From an Ocean Rare Treasure",
    "frame": "task",
    "show_toast": true,
    "announce_to_chat": true,
    "hidden": false
  },
  "parent": "mt:treasure_advancements/first_rare_ocean_treasure",
  "criteria": {
    "obtainchest": {
      "trigger": "minecraft:inventory_changed",
      "conditions": {
        "items": [
          {
            "items": [
              "minecraft:turtle_helmet"
            ],
            "nbt": "{armor:turt}"
          }
        ]
      }
    }
  }
}
