{
  "name": "minecraft:illager_mansion/illager_mob",
  "fallback": "minecraft:empty",
  "elements": [
    {
      "weight": 1,
      "element": {
        "location": "minecraft:illager_mansion/vindicator",
        "projection": "rigid",
        "element_type": "minecraft:single_pool_element",
		"processors": "illager_manor_generic_degradation"
      }
    },
	{
      "weight": 1,
      "element": {
        "location": "minecraft:illager_mansion/vindicator_void",
        "projection": "rigid",
        "element_type": "minecraft:single_pool_element",
		"processors": "illager_manor_generic_degradation"
      }
    },
	{
      "weight": 1,
      "element": {
        "location": "minecraft:illager_mansion/pillager",
        "projection": "rigid",
        "element_type": "minecraft:single_pool_element",
		"processors": "illager_manor_generic_degradation"
      }
    },
	{
      "weight": 1,
      "element": {
        "location": "minecraft:illager_mansion/pillager_void",
        "projection": "rigid",
        "element_type": "minecraft:single_pool_element",
		"processors": "illager_manor_generic_degradation"
      }
    },
	{
      "weight": 1,
      "element": {
        "location": "minecraft:illager_mansion/evoker",
        "projection": "rigid",
        "element_type": "minecraft:single_pool_element",
		"processors": "illager_manor_generic_degradation"
      }
    },
	{
      "weight": 1,
      "element": {
        "location": "minecraft:illager_mansion/evoker_void",
        "projection": "rigid",
        "element_type": "minecraft:single_pool_element",
		"processors": "illager_manor_generic_degradation"
      }
    },
	{
      "weight": 1,
      "element": {
        "location": "minecraft:illager_mansion/witch",
        "projection": "rigid",
        "element_type": "minecraft:single_pool_element",
		"processors": "illager_manor_generic_degradation"
      }
    },
	{
      "weight": 1,
      "element": {
        "location": "minecraft:illager_mansion/witch_void",
        "projection": "rigid",
        "element_type": "minecraft:single_pool_element",
		"processors": "illager_manor_generic_degradation"
      }
    }
  ]
}