{
	"feature": "terralith:grove/small/trees_small",
	"placement": [
		{
			"type": "minecraft:count",
			"count": {
				"type": "minecraft:weighted_list",
				"distribution": [
					{
						"weight": 9,
						"data": 10
					},
					{
						"weight": 1,
						"data": 11
					}
				]
			}
		},
		{
			"type": "minecraft:in_square"
		},
		{
			"type": "minecraft:heightmap",
			"heightmap": "WORLD_SURFACE_WG"
		},
		{
			"type": "minecraft:noise_based_count",
			"noise_to_count_ratio": 1,
			"noise_factor": 215,
			"noise_offset": 0
		},
		{
			"type": "minecraft:noise_based_count",
			"noise_to_count_ratio": -1,
			"noise_factor": 215,
			"noise_offset": -0.5
		},
		{
			"type": "minecraft:block_predicate_filter",
			"predicate": {
				"type": "minecraft:all_of",
				"predicates": [
					{
						"type": "minecraft:would_survive",
						"state": {
							"Name": "minecraft:fern"
						}
					},
					{
						"type": "minecraft:matching_blocks",
						"offset": [
							0,
							-1,
							0
						],
						"blocks": [
							"minecraft:dirt",
							"minecraft:snow_block",
							"minecraft:grass_block"
						]
					}
				]
			}
		},
		{
			"type": "minecraft:biome"
		}
	]
}
