{
	"feature": "terralith:mountains/misty/tuff_lake",
	"placement": [
		{
			"type": "minecraft:count",
			"count": {
				"type": "minecraft:weighted_list",
				"distribution": [
					{
						"weight": 100,
						"data": 3
					},
					{
						"weight": 0,
						"data": 3
					}
				]
			}
		},
		{
			"type": "minecraft:in_square"
		},
		{
			"type": "minecraft:noise_based_count",
			"noise_to_count_ratio": 1,
			"noise_factor": 110,
			"noise_offset": -0.445
		},
		{
			"type": "minecraft:rarity_filter",
			"chance": 1
		},
		{
			"type": "minecraft:heightmap",
			"heightmap": "OCEAN_FLOOR_WG"
		},
		{
			"type": "minecraft:biome"
		}
	]
}
