{
  "display": {
    "icon": {
      "item": "poppy"
    },
    "title": {
      "translate": "adv.allay.flower"
    },
    "description": {
      "translate": "adv.allay.flower.desc"
    }
  },
  "parent": "allay/allay_deliver_rotten_flesh",
  "criteria": {
    "requirement": {
      "trigger": "thrown_item_picked_up_by_player",
      "conditions": {
        "entity": {
          "type": "allay"
        },
        "item": {
          "tag": "flowers"
        }
      }
    }
  },
  "rewards": {
    "experience": 2
  }
}
