{
  "display": {
    "icon": {
      "item": "minecraft:warped_wart_block"
    },
    "title": "Bow-Spam Neglect",
    "description": "Obtain The Warped Forest Helmet",
    "frame": "challenge",
    "show_toast": true,
    "announce_to_chat": true,
    "hidden": true
  },
  "parent": "mt:treasure_advancements/first_legendary_warped_treasure",
  "criteria": {
    "obtainchest": {
      "trigger": "minecraft:inventory_changed",
      "conditions": {
        "items": [
          {
            "items": [
              "minecraft:leather_helmet"
            ],
            "nbt": "{armor:warped_helmet}"
          }
        ]
      }
    }
  }
}
