{
  "display": {
    "icon": {
      "item": "minecraft:warped_door"
    },
    "title": "Hard Freaking Door",
    "description": "Consume a Warped Potion",
    "frame": "task",
    "show_toast": true,
    "announce_to_chat": true,
    "hidden": false
  },
  "parent": "mt:treasure_advancements/first_rare_warped_treasure",
  "criteria": {
    "requirement": {
      "trigger": "minecraft:consume_item",
      "conditions": {
        "item": {
          "nbt": "{food:warpedp}"
        }
      }
    }
  }
}
