{
  "feature": {
    "type": "minecraft:scattered_ore",
    "config": {
      "size": 64,
      "discard_chance_on_air_exposure": 0,
      "targets": [
                {
          "target": {
            "predicate_type": "minecraft:random_block_match",
            "block": "minecraft:stone",
            "probability": 0.35
          },
          "state": {
            "Name": "minecraft:mossy_cobblestone"
          }
        },
        {
          "target": {
            "predicate_type": "minecraft:block_match",
            "block": "minecraft:stone"
          },
          "state": {
            "Name": "minecraft:cobblestone"
          }
        },
        {
          "target": {
            "predicate_type": "minecraft:block_match",
            "block": "minecraft:deepslate"
          },
          "state": {
            "Name": "minecraft:cobbled_deepslate"
          }
        }
      ]
    }
  },
  "placement": [
    {
      "type": "minecraft:count",
      "count": 256
    },
    {
      "type": "minecraft:in_square"
    },
    {
      "type": "minecraft:height_range",
      "height": {
        "type": "minecraft:uniform",
        "min_inclusive": {
          "absolute": -64
        },
        "max_inclusive": {
          "absolute": 192
        }
      }
    },
    {
      "type": "minecraft:block_predicate_filter",
      "predicate": {
        "type": "minecraft:any_of",
        "predicates": [
          {
            "type": "minecraft:matching_blocks",
            "offset": [
              0,
              6,
              0
            ],
            "blocks": "minecraft:air"
          },
          {
            "type": "minecraft:matching_blocks",
            "offset": [
              -6,
              0,
              0
            ],
            "blocks": "minecraft:air"
          },
          {
            "type": "minecraft:matching_blocks",
            "offset": [
              6,
              0,
              0
            ],
            "blocks": "minecraft:air"
          },
          {
            "type": "minecraft:matching_blocks",
            "offset": [
              0,
              0,
              -6
            ],
            "blocks": "minecraft:air"
          },
          {
            "type": "minecraft:matching_blocks",
            "offset": [
              0,
              0,
              6
            ],
            "blocks": "minecraft:air"
          },
          {
            "type": "minecraft:matching_blocks",
            "offset": [
              0,
              -6,
              0
            ],
            "blocks": "minecraft:air"
          }
        ]
      }
    },
    {"type":"biome"}
  ]
}
