{
	"display": {
		"icon": {
			"item": "minecraft:white_terracotta"
		},
		"title": {"translate":"Choco Mountain"},
		"description": {"translate":"Discover a White Mesa"},
		"announce_to_chat": "true"
	},
	"parent": "blazeandcave:biomes/land_of_icicles",	
	"rewards": {
		"function": "bc_rewards:biomes/choco_mountain"
	},	
	"criteria": {
		"white_mesa": {
			"trigger": "minecraft:location",
			"conditions": {
				"player": [
					{
						"condition": "minecraft:entity_properties",
						"entity": "this",
						"predicate": {
							"location": {
								"biome": "terralith:white_mesa"
							}
						}
					},
					{
						"condition": "minecraft:inverted",
						"term": {
							"condition": "minecraft:entity_properties",
							"entity": "this",
							"predicate": {
								"type_specific": {
									"type": "player",
									"gamemode": "spectator"
								}
							}
						}
					}
				]
			}
		}
	}
}