{
	"display": {
		"icon": {
			"item": "minecraft:packed_ice"
		},
		"title": {"translate":"Land of Icicles"},
		"description": {"translate":"Discover a Glacial Chasm biome"},
		"announce_to_chat": "true"
	},
	"parent": "blazeandcave:biomes/smarter_than_the_average_bear",	
	"rewards": {
		"function": "bc_rewards:biomes/land_of_icicles"
	},	
	"criteria": {
		"glacial_chasm": {
			"trigger": "minecraft:location",
			"conditions": {
				"player": [
					{
						"condition": "minecraft:entity_properties",
						"entity": "this",
						"predicate": {
							"location": {
								"biome": "terralith:glacial_chasm"
							}
						}
					},
					{
						"condition": "minecraft:inverted",
						"term": {
							"condition": "minecraft:entity_properties",
							"entity": "this",
							"predicate": {
								"type_specific": {
									"type": "player",
									"gamemode": "spectator"
								}
							}
						}
					}
				]
			}
		}
	}
}