{
  "parent": "minecraft:end/enter_end_gateway",
  "display": {
    "icon": {
      "item": "minecraft:chorus_fruit",
      "nbt": "{CustomModelData:330000}"
    },
    "title": {
      "translate": "advancements.tcc.minecraft.end.eat_golden_chorus_fruit.title"
    },
    "description": [
      {
        "translate": "advancements.tcc.minecraft.end.eat_golden_chorus_fruit.description"
      },
      "\n\n",
      {
        "translate": "pack.tcc",
        "color": "#008725",
        "italic": true
      }
    ],
    "frame": "goal",
    "show_toast": true,
    "announce_to_chat": true,
    "hidden": false
  },
  "criteria": {
    "eat_golden_chorus_fruit": {
      "trigger": "minecraft:consume_item",
      "conditions": {
        "item": {
          "nbt": "{tcc:{id:\"golden_chorus_fruit\"}}"
        }
      }
    }
  }
}
