{
  "parent": "tcc:recipes/root",
  "rewards": {
    "recipes": [
      "tcc:mojang_banner_pattern"
    ]
  },
  "criteria": {
    "has_banner_pattern": {
      "trigger": "minecraft:inventory_changed",
      "conditions": {
        "items": [
          {
            "items": [
              "minecraft:mojang_banner_pattern"
            ]
          }
        ]
      }
    },
    "has_the_recipe": {
      "trigger": "minecraft:recipe_unlocked",
      "conditions": {
        "recipe": "tcc:mojang_banner_pattern"
      }
    }
  },
  "requirements": [
    [
      "has_banner_pattern",
      "has_the_recipe"
    ]
  ]
}
