{
	"feature": "terralith:cliffs/frozen/puddle",
	"placement": [
		{
			"type": "minecraft:count",
			"count": 20
		},
		{
			"type": "minecraft:count",
			"count": 30
		},
		{
			"type": "minecraft:in_square"
		},
		{
			"type": "minecraft:random_offset",
			"xz_spread": {
				"type": "minecraft:clamped_normal",
				"value": {
					"min_inclusive": -2,
					"max_inclusive": 2,
					"mean": 0,
					"deviation": 0
				}
			},
			"y_spread": 0
		},
		{
			"type": "minecraft:height_range",
			"height": {
				"type": "minecraft:uniform",
				"min_inclusive": {
					"absolute": 62
				},
				"max_inclusive": {
					"absolute": 180
				}
			}
		},
		{
			"type": "minecraft:environment_scan",
			"direction_of_search": "down",
			"target_condition": {
				"type": "minecraft:solid"
			},
			"allowed_search_condition": {
				"type": "minecraft:matching_blocks",
				"blocks": [
					"minecraft:air"
				]
			},
			"max_steps": 32
		},
		{
			"type": "environment_scan",
			"direction_of_search": "down",
			"max_steps": 2,
			"target_condition": {
				"type": "minecraft:all_of",
				"predicates": [
					{
						"type": "minecraft:matching_blocks",
						"offset": [
							0,
							1,
							0
						],
						"blocks": [
							"minecraft:air"
						]
					},
					{
						"type": "minecraft:matching_blocks",
						"offset": [
							0,
							0,
							0
						],
						"blocks": [
							"minecraft:stone",
							"minecraft:packed_ice",
							"minecraft:blue_ice"
						]
					},
					{
						"type": "minecraft:matching_blocks",
						"offset": [
							1,
							0,
							0
						],
						"blocks": [
							"minecraft:stone",
							"minecraft:packed_ice",
							"minecraft:blue_ice",
							"minecraft:water"
						]
					},
					{
						"type": "minecraft:matching_blocks",
						"offset": [
							-1,
							0,
							0
						],
						"blocks": [
							"minecraft:stone",
							"minecraft:packed_ice",
							"minecraft:blue_ice",
							"minecraft:water"
						]
					},
					{
						"type": "minecraft:matching_blocks",
						"offset": [
							0,
							0,
							1
						],
						"blocks": [
							"minecraft:stone",
							"minecraft:packed_ice",
							"minecraft:blue_ice",
							"minecraft:water"
						]
					},
					{
						"type": "minecraft:matching_blocks",
						"offset": [
							0,
							0,
							-1
						],
						"blocks": [
							"minecraft:stone",
							"minecraft:packed_ice",
							"minecraft:blue_ice",
							"minecraft:water"
						]
					},
					{
						"type": "minecraft:any_of",
						"predicates": [
							{
								"type": "minecraft:any_of",
								"predicates": [
									{
										"type": "minecraft:matching_blocks",
										"offset": [
											0,
											2,
											0
										],
										"blocks": [
											"minecraft:ice"
										]
									},
									{
										"type": "minecraft:matching_blocks",
										"offset": [
											0,
											3,
											0
										],
										"blocks": [
											"minecraft:ice"
										]
									},
									{
										"type": "minecraft:matching_blocks",
										"offset": [
											0,
											4,
											0
										],
										"blocks": [
											"minecraft:ice"
										]
									},
									{
										"type": "minecraft:matching_blocks",
										"offset": [
											0,
											5,
											0
										],
										"blocks": [
											"minecraft:ice"
										]
									},
									{
										"type": "minecraft:matching_blocks",
										"offset": [
											0,
											6,
											0
										],
										"blocks": [
											"minecraft:ice"
										]
									},
									{
										"type": "minecraft:matching_blocks",
										"offset": [
											0,
											7,
											0
										],
										"blocks": [
											"minecraft:ice"
										]
									},
									{
										"type": "minecraft:matching_blocks",
										"offset": [
											0,
											8,
											0
										],
										"blocks": [
											"minecraft:ice"
										]
									},
									{
										"type": "minecraft:matching_blocks",
										"offset": [
											0,
											9,
											0
										],
										"blocks": [
											"minecraft:ice"
										]
									}
								]
							},
							{
								"type": "minecraft:any_of",
								"predicates": [
									{
										"type": "minecraft:matching_blocks",
										"offset": [
											1,
											0,
											0
										],
										"blocks": [
											"minecraft:water"
										]
									},
									{
										"type": "minecraft:matching_blocks",
										"offset": [
											-1,
											0,
											0
										],
										"blocks": [
											"minecraft:water"
										]
									},
									{
										"type": "minecraft:matching_blocks",
										"offset": [
											0,
											0,
											1
										],
										"blocks": [
											"minecraft:water"
										]
									},
									{
										"type": "minecraft:matching_blocks",
										"offset": [
											0,
											0,
											-1
										],
										"blocks": [
											"minecraft:water"
										]
									}
								]
							}
						]
					}
				]
			}
		},
		{
			"type": "minecraft:biome"
		}
	]
}
