{
	"feature": "terralith:snowy/badlands/snow",
	"placement": [
		{
			"type": "minecraft:count",
			"count": 110
		},
		{
			"type": "minecraft:count",
			"count": 10
		},
		{
			"type": "minecraft:in_square"
		},
		{
			"type": "minecraft:heightmap",
			"heightmap": "WORLD_SURFACE_WG"
		},
		{
			"type": "environment_scan",
			"direction_of_search": "down",
			"max_steps": 4,
			"target_condition": {
				"type": "minecraft:all_of",
				"predicates": [
					{
						"type": "minecraft:not",
						"predicate": {
							"type": "minecraft:matching_blocks",
							"offset": [
								0,
								-1,
								0
							],
							"blocks": [
								"minecraft:air"
							]
						}
					},
					{
						"type": "minecraft:matching_blocks",
						"offset": [
							0,
							0,
							0
						],
						"blocks": [
							"minecraft:red_sand",
							"minecraft:terracotta",
							"minecraft:brown_terracotta",
							"minecraft:red_terracotta",
							"minecraft:white_terracotta",
							"minecraft:light_gray_terracotta",
							"minecraft:yellow_terracotta",
							"minecraft:orange_terracotta",
							"black_terracotta",
							"gray_terracotta"
						]
					},
					{
						"type": "minecraft:all_of",
						"predicates": [
							{
								"type": "minecraft:matching_blocks",
								"offset": [
									1,
									2,
									0
								],
								"blocks": [
									"minecraft:air",
									"minecraft:snow"
								]
							},
							{
								"type": "minecraft:matching_blocks",
								"offset": [
									0,
									2,
									1
								],
								"blocks": [
									"minecraft:air",
									"minecraft:snow"
								]
							},
							{
								"type": "minecraft:matching_blocks",
								"offset": [
									0,
									2,
									-1
								],
								"blocks": [
									"minecraft:air",
									"minecraft:snow"
								]
							},
							{
								"type": "minecraft:matching_blocks",
								"offset": [
									0,
									2,
									1
								],
								"blocks": [
									"minecraft:air",
									"minecraft:snow"
								]
							}
						]
					}
				]
			}
		},
		{
			"type": "minecraft:biome"
		}
	]
}
