{
  "display": {
    "icon": {
      "item": "minecraft:warped_fungus_on_a_stick",
      "nbt": "{CustomModelData:330003}"
    },
    "title": {
      "translate": "advancements.tcc.minecraft.nether.molten_mirror.title"
    },
    "description": [
      {
        "translate": "advancements.tcc.minecraft.nether.molten_mirror.description"
      },
      "\n\n",
      {
        "translate": "pack.tcc",
        "color": "#008725",
        "italic": true
      }
    ],
    "show_toast": true,
    "announce_to_chat": true,
    "frame": "goal"
  },
  "parent": "minecraft:nether/obtain_blaze_rod",
  "criteria": {
    "use_molten_mirror": {
      "trigger": "impossible"
    }
  }
}
