{
  "display": {
    "icon": {
      "item": "minecraft:dropper",
      "nbt": "{CustomModelData:330002}"
    },
    "title": {
      "translate": "advancements.tcc.minecraft.nether.use_positional_anchor.title"
    },
    "description": [
      {
        "translate": "advancements.tcc.minecraft.nether.use_positional_anchor.description"
      },
      "\n\n",
      {
        "translate": "pack.tcc",
        "color": "#008725",
        "italic": true
      }
    ],
    "frame": "task"
  },
  "parent": "minecraft:nether/obtain_crying_obsidian",
  "criteria": {
    "click_positional_anchor": {
      "trigger": "minecraft:item_used_on_block",
      "conditions": {
        "location": [
          {
            "condition": "minecraft:location_check",
            "predicate": {
              "block": {
                "blocks": [
                  "minecraft:dropper"
                ],
                "nbt": "{Lock:\"§positional_anchor\\\\uF001\"}"
              }
            }
          },
          {
            "condition": "minecraft:match_tool",
            "predicate": {
              "items": [
                "minecraft:ender_pearl"
              ]
            }
          }
        ]
      }
    }
  }
}