{
  "type": "minecraft:gift",
  "pools": [
    {
      "rolls": 1,
      "entries": [
        {
          "type": "minecraft:item",
          "name": "minecraft:sniffer_egg"
        },
        {
          "type": "minecraft:item",
          "name": "minecraft:friend_pottery_sherd"
        }
      ],
      "conditions": [
        {
          "condition": "minecraft:entity_properties",
          "entity": "this",
          "predicate": {
            "nbt": "{Tags:[\"tcc.archaeologist\"]}"
          }
        }
      ]
    },
    {
      "rolls": 1,
      "bonus_rolls": 0,
      "entries": [
        {
          "type": "minecraft:item",
          "name": "minecraft:cod"
        },
        {
          "type": "minecraft:item",
          "name": "minecraft:salmon"
        }
      ],
      "conditions": [
        {
          "condition": "minecraft:inverted",
          "term": {
            "condition": "minecraft:entity_properties",
            "entity": "this",
            "predicate": {
              "nbt": "{Tags:[\"tcc.archaeologist\"]}"
            }
          }
        }
      ]
    }
  ],
  "random_sequence": "minecraft:gameplay/hero_of_the_village/fisherman_gift",
  "__smithed__": {
    "rules": [
      {
        "type": "smithed:append",
        "target": "pools",
        "source": {
          "type": "smithed:reference",
          "path": "pools[0]"
        }
      },
      {
        "type": "smithed:append",
        "target": "pools[0].conditions",
        "source": {
          "type": "smithed:reference",
          "path": "pools[1].conditions[0]"
        }
      }
    ]
  }
}