  {
  "pools": [
    {
      "rolls": 1,
      "entries": [
        {
          "type": "minecraft:item",
          "name": "minecraft:potion",
          "functions": [
            {
              "function": "set_nbt",
              "tag": "{CustomPotionColor:9313118,CustomPotionEffects:[{Duration:600,Id:9,Amplifier:0b}],Potion:\"minecraft:mundane\",tcc:{potion:{can_extend:1b,id:\"tcc:nausea\"},id:\"potion\"},display:{Lore:['{\"translate\":\"pack.tcc\",\"color\":\"#008725\"}'],Name:'{\"translate\":\"item.tcc.potion.effect.nausea\",\"italic\":false}'}}"
            }
          ]
        }
      ]
    }
  ],
  "random_sequence": "tcc:gameplay/compendium/nausea_potion"
}
