{
  "criteria": {
    "requirement": {
      "trigger": "minecraft:player_interacted_with_entity",
      "conditions": {
        "player": {
          "equipment": {
            "mainhand": {
              "items": [
                "minecraft:hay_block"
              ],
              "nbt": "{item:mt.holy_hay}"
            }
          }
        },
        "entity": {
          "type": "minecraft:llama",
          "flags": {
            "is_baby": true
          }
        }
      }
    }
  },
  "rewards": {
    "function": "mt:mobs/lucky_llama"
  }
}
