{"providers": [{"type": "bitmap", "file": "tcc:gui/compendium/icons/index/empty.png", "ascent": 7, "height": 16, "chars": ["\ua000"]}, {"type": "bitmap", "file": "tcc:gui/compendium/icons/index/empty.png", "ascent": 16, "height": 16, "chars": ["\ua001"]}, {"type": "bitmap", "file": "tcc:gui/compendium/icons/index/example.png", "ascent": 16, "height": 16, "chars": ["\ua002"]}, {"type": "bitmap", "file": "tcc:gui/compendium/icons/index/absorption_improvements.png", "ascent": 16, "height": 16, "chars": ["\ua003"]}, {"type": "bitmap", "file": "tcc:gui/compendium/icons/index/accessible_music_discs.png", "ascent": 16, "height": 16, "chars": ["\ua004"]}, {"type": "bitmap", "file": "tcc:gui/compendium/icons/index/amethyst_dust.png", "ascent": 16, "height": 16, "chars": ["\ua005"]}, {"type": "bitmap", "file": "tcc:gui/compendium/icons/index/apple_pie.png", "ascent": 16, "height": 16, "chars": ["\ua006"]}, {"type": "bitmap", "file": "tcc:gui/compendium/icons/index/armor_stand_with_arms.png", "ascent": 16, "height": 16, "chars": ["\ua007"]}, {"type": "bitmap", "file": "tcc:gui/compendium/icons/index/axolotl_bucket_variants.png", "ascent": 16, "height": 16, "chars": ["\ua008"]}, {"type": "bitmap", "file": "tcc:gui/compendium/icons/index/banner_pattern_duplication.png", "ascent": 16, "height": 16, "chars": ["\ua009"]}, {"type": "bitmap", "file": "tcc:gui/compendium/icons/index/bat_wing.png", "ascent": 16, "height": 16, "chars": ["\ua00a"]}, {"type": "bitmap", "file": "tcc:gui/compendium/icons/index/better_recipes.png", "ascent": 16, "height": 16, "chars": ["\ua00b"]}, {"type": "bitmap", "file": "tcc:gui/compendium/icons/index/biome_based_fishing.png", "ascent": 16, "height": 16, "chars": ["\ua00c"]}, {"type": "bitmap", "file": "tcc:gui/compendium/icons/index/blind_rage_potion.png", "ascent": 16, "height": 16, "chars": ["\ua00d"]}, {"type": "bitmap", "file": "tcc:gui/compendium/icons/index/boomerang.png", "ascent": 16, "height": 16, "chars": ["\ua00e"]}, {"type": "bitmap", "file": "tcc:gui/compendium/icons/index/cake_improvements.png", "ascent": 16, "height": 16, "chars": ["\ua00f"]}, {"type": "bitmap", "file": "tcc:gui/compendium/icons/index/campfire_improvements.png", "ascent": 16, "height": 16, "chars": ["\ua010"]}, {"type": "bitmap", "file": "tcc:gui/compendium/icons/index/climbable_chains.png", "ascent": 16, "height": 16, "chars": ["\ua011"]}, {"type": "bitmap", "file": "tcc:gui/compendium/icons/index/coral_recipes.png", "ascent": 16, "height": 16, "chars": ["\ua012"]}, {"type": "bitmap", "file": "tcc:gui/compendium/icons/index/cursed_crown.png", "ascent": 16, "height": 16, "chars": ["\ua013"]}, {"type": "bitmap", "file": "tcc:gui/compendium/icons/index/diluted_potions.png", "ascent": 16, "height": 16, "chars": ["\ua014"]}, {"type": "bitmap", "file": "tcc:gui/compendium/icons/index/drowned_variants.png", "ascent": 16, "height": 16, "chars": ["\ua015"]}, {"type": "bitmap", "file": "tcc:gui/compendium/icons/index/dyed_bundles.png", "ascent": 16, "height": 16, "chars": ["\ua016"]}, {"type": "bitmap", "file": "tcc:gui/compendium/icons/index/echo_shard_renewability.png", "ascent": 16, "height": 16, "chars": ["\ua017"]}, {"type": "bitmap", "file": "tcc:gui/compendium/icons/index/elder_guardian_improvements.png", "ascent": 16, "height": 16, "chars": ["\ua018"]}, {"type": "bitmap", "file": "tcc:gui/compendium/icons/index/emoji.png", "ascent": 16, "height": 16, "chars": ["\ua019"]}, {"type": "bitmap", "file": "tcc:gui/compendium/icons/index/enchanted_golden_carrot.png", "ascent": 16, "height": 16, "chars": ["\ua01a"]}, {"type": "bitmap", "file": "tcc:gui/compendium/icons/index/enchanter.png", "ascent": 16, "height": 16, "chars": ["\ua01b"]}, {"type": "bitmap", "file": "tcc:gui/compendium/icons/index/end_city_additions.png", "ascent": 16, "height": 16, "chars": ["\ua01c"]}, {"type": "bitmap", "file": "tcc:gui/compendium/icons/index/end_crystal_healing.png", "ascent": 16, "height": 16, "chars": ["\ua01d"]}, {"type": "bitmap", "file": "tcc:gui/compendium/icons/index/fortitude_potion.png", "ascent": 16, "height": 16, "chars": ["\ua01e"]}, {"type": "bitmap", "file": "tcc:gui/compendium/icons/index/frost_walker_improvements.png", "ascent": 16, "height": 16, "chars": ["\ua01f"]}, {"type": "bitmap", "file": "tcc:gui/compendium/icons/index/frostbloom.png", "ascent": 16, "height": 16, "chars": ["\ua020"]}, {"type": "bitmap", "file": "tcc:gui/compendium/icons/index/frostbloom_petals.png", "ascent": 16, "height": 16, "chars": ["\ua021"]}, {"type": "bitmap", "file": "tcc:gui/compendium/icons/index/fungal_stew.png", "ascent": 16, "height": 16, "chars": ["\ua022"]}, {"type": "bitmap", "file": "tcc:gui/compendium/icons/index/geomancer.png", "ascent": 16, "height": 16, "chars": ["\ua023"]}, {"type": "bitmap", "file": "tcc:gui/compendium/icons/index/glow_berry_muffin.png", "ascent": 16, "height": 16, "chars": ["\ua024"]}, {"type": "bitmap", "file": "tcc:gui/compendium/icons/index/glow_lichen_zombie.png", "ascent": 16, "height": 16, "chars": ["\ua025"]}, {"type": "bitmap", "file": "tcc:gui/compendium/icons/index/gobblerift.png", "ascent": 16, "height": 16, "chars": ["\ua026"]}, {"type": "bitmap", "file": "tcc:gui/compendium/icons/index/golden_apple_pie.png", "ascent": 16, "height": 16, "chars": ["\ua027"]}, {"type": "bitmap", "file": "tcc:gui/compendium/icons/index/golden_chorus_fruit.png", "ascent": 16, "height": 16, "chars": ["\ua028"]}, {"type": "bitmap", "file": "tcc:gui/compendium/icons/index/heartbeet.png", "ascent": 16, "height": 16, "chars": ["\ua029"]}, {"type": "bitmap", "file": "tcc:gui/compendium/icons/index/iceologer.png", "ascent": 16, "height": 16, "chars": ["\ua02a"]}, {"type": "bitmap", "file": "tcc:gui/compendium/icons/index/jungle_temple_poison_arrows.png", "ascent": 16, "height": 16, "chars": ["\ua02b"]}, {"type": "bitmap", "file": "tcc:gui/compendium/icons/index/locket_of_learning.png", "ascent": 16, "height": 16, "chars": ["\ua02c"]}, {"type": "bitmap", "file": "tcc:gui/compendium/icons/index/loot_table_improvements.png", "ascent": 16, "height": 16, "chars": ["\ua02d"]}, {"type": "bitmap", "file": "tcc:gui/compendium/icons/index/molten_mirror.png", "ascent": 16, "height": 16, "chars": ["\ua02e"]}, {"type": "bitmap", "file": "tcc:gui/compendium/icons/index/more_mineable_blocks.png", "ascent": 16, "height": 16, "chars": ["\ua02f"]}, {"type": "bitmap", "file": "tcc:gui/compendium/icons/index/more_mossy_recipes.png", "ascent": 16, "height": 16, "chars": ["\ua030"]}, {"type": "bitmap", "file": "tcc:gui/compendium/icons/index/more_stonecutter_recipes.png", "ascent": 16, "height": 16, "chars": ["\ua031"]}, {"type": "bitmap", "file": "tcc:gui/compendium/icons/index/more_suspicious_stews.png", "ascent": 16, "height": 16, "chars": ["\ua032"]}, {"type": "bitmap", "file": "tcc:gui/compendium/icons/index/nausea_potion.png", "ascent": 16, "height": 16, "chars": ["\ua033"]}, {"type": "bitmap", "file": "tcc:gui/compendium/icons/index/nether_reactor.png", "ascent": 16, "height": 16, "chars": ["\ua034"]}, {"type": "bitmap", "file": "tcc:gui/compendium/icons/index/ocean_monument_rework.png", "ascent": 16, "height": 16, "chars": ["\ua035"]}, {"type": "bitmap", "file": "tcc:gui/compendium/icons/index/paintbrush.png", "ascent": 16, "height": 16, "chars": ["\ua036"]}, {"type": "bitmap", "file": "tcc:gui/compendium/icons/index/phantom_item_frame.png", "ascent": 16, "height": 16, "chars": ["\ua037"]}, {"type": "bitmap", "file": "tcc:gui/compendium/icons/index/pig_improvements.png", "ascent": 16, "height": 16, "chars": ["\ua038"]}, {"type": "bitmap", "file": "tcc:gui/compendium/icons/index/positional_anchor.png", "ascent": 16, "height": 16, "chars": ["\ua039"]}, {"type": "bitmap", "file": "tcc:gui/compendium/icons/index/recovery_compass_rework.png", "ascent": 16, "height": 16, "chars": ["\ua03a"]}, {"type": "bitmap", "file": "tcc:gui/compendium/icons/index/riftjuice_bottle.png", "ascent": 16, "height": 16, "chars": ["\ua03b"]}, {"type": "bitmap", "file": "tcc:gui/compendium/icons/index/rotten_porkchop.png", "ascent": 16, "height": 16, "chars": ["\ua03c"]}, {"type": "bitmap", "file": "tcc:gui/compendium/icons/index/sculk_recipe.png", "ascent": 16, "height": 16, "chars": ["\ua03d"]}, {"type": "bitmap", "file": "tcc:gui/compendium/icons/index/sightless_eye.png", "ascent": 16, "height": 16, "chars": ["\ua03e"]}, {"type": "bitmap", "file": "tcc:gui/compendium/icons/index/silk_touch_improvements.png", "ascent": 16, "height": 16, "chars": ["\ua03f"]}, {"type": "bitmap", "file": "tcc:gui/compendium/icons/index/smoldering_seeker.png", "ascent": 16, "height": 16, "chars": ["\ua040"]}, {"type": "bitmap", "file": "tcc:gui/compendium/icons/index/snail.png", "ascent": 16, "height": 16, "chars": ["\ua041"]}, {"type": "bitmap", "file": "tcc:gui/compendium/icons/index/snail_mucus.png", "ascent": 16, "height": 16, "chars": ["\ua042"]}, {"type": "bitmap", "file": "tcc:gui/compendium/icons/index/soul_conductor.png", "ascent": 16, "height": 16, "chars": ["\ua043"]}, {"type": "bitmap", "file": "tcc:gui/compendium/icons/index/soul_seer.png", "ascent": 16, "height": 16, "chars": ["\ua044"]}, {"type": "bitmap", "file": "tcc:gui/compendium/icons/index/sweet_berry_muffin.png", "ascent": 16, "height": 16, "chars": ["\ua045"]}, {"type": "bitmap", "file": "tcc:gui/compendium/icons/index/swordfish.png", "ascent": 16, "height": 16, "chars": ["\ua046"]}, {"type": "bitmap", "file": "tcc:gui/compendium/icons/index/tangling_pearl.png", "ascent": 16, "height": 16, "chars": ["\ua047"]}, {"type": "bitmap", "file": "tcc:gui/compendium/icons/index/tea.png", "ascent": 16, "height": 16, "chars": ["\ua048"]}, {"type": "bitmap", "file": "tcc:gui/compendium/icons/index/totem_improvements.png", "ascent": 16, "height": 16, "chars": ["\ua049"]}, {"type": "bitmap", "file": "tcc:gui/compendium/icons/index/trident_repair.png", "ascent": 16, "height": 16, "chars": ["\ua04a"]}, {"type": "bitmap", "file": "tcc:gui/compendium/icons/index/tundra_keep.png", "ascent": 16, "height": 16, "chars": ["\ua04b"]}, {"type": "bitmap", "file": "tcc:gui/compendium/icons/index/village_mangrove_swamp.png", "ascent": 16, "height": 16, "chars": ["\ua04c"]}, {"type": "bitmap", "file": "tcc:gui/compendium/icons/index/wandering_trader_rework.png", "ascent": 16, "height": 16, "chars": ["\ua04d"]}, {"type": "bitmap", "file": "tcc:gui/compendium/icons/index/wandering_witch.png", "ascent": 16, "height": 16, "chars": ["\ua04e"]}, {"type": "bitmap", "file": "tcc:gui/compendium/icons/index/warped_wart.png", "ascent": 16, "height": 16, "chars": ["\ua04f"]}, {"type": "bitmap", "file": "tcc:gui/compendium/icons/index/weeping_eye.png", "ascent": 16, "height": 16, "chars": ["\ua050"]}, {"type": "bitmap", "file": "tcc:gui/compendium/icons/index/witch_hat.png", "ascent": 16, "height": 16, "chars": ["\ua051"]}, {"type": "bitmap", "file": "tcc:gui/compendium/icons/index/woodland_mansion_rework.png", "ascent": 16, "height": 16, "chars": ["\ua052"]}, {"type": "bitmap", "file": "tcc:gui/compendium/icons/index/wrench.png", "ascent": 16, "height": 16, "chars": ["\ua053"]}]}