{
  "parent": "tcc:technical/root",
  "criteria": {
    "get_soulbound_item": {
      "trigger": "minecraft:inventory_changed",
      "conditions": {
        "player": [
          {
            "condition": "minecraft:inverted",
            "term": {
              "condition": "minecraft:entity_properties",
              "entity": "this",
              "predicate": {
                "nbt": "{Tags:[\"tcc.has_soulbound_item\"]}"
              }
            }
          }
        ],
        "items": [
          {
            "nbt": "{tcc:{soulbound:1b}}"
          }
        ]
      }
    },
    "get_recovery_compass": {
      "trigger": "minecraft:inventory_changed",
      "conditions": {
        "player": [
          {
            "condition": "minecraft:inverted",
            "term": {
              "condition": "minecraft:entity_properties",
              "entity": "this",
              "predicate": {
                "nbt": "{Tags:[\"tcc.has_soulbound_item\"]}"
              }
            }
          }
        ],
        "items": [
          {
            "items": [
              "minecraft:recovery_compass"
            ]
          }
        ]
      }
    }
  },
  "requirements": [
    [
      "get_soulbound_item",
      "get_recovery_compass"
    ]
  ],
  "rewards": {
    "function": "tcc:item/soulbound_item/inventory_changed/get"
  }
}
